AC_POWER_REAL,AC_POWER_PREDICTED,RESIDUAL,IS_ANOMALY,IRRADIATION,AMBIENT_TEMPERATURE,MODULE_TEMPERATURE
1268.242857,1208.295485336847,59.947371663153035,False,0.9430199413333334,27.5224672,50.04055993333334
676.9125,647.1976634334084,29.714836566591657,False,0.4851745126666666,25.6231832,47.156502466666666
930.1428571,989.6416265939856,59.498769493985606,False,0.7630363573333334,28.5507568,51.14308473333334
924.5875,951.4855947068041,26.89809470680416,False,0.7289688126666665,29.128914533333333,53.990102
721.3714286,736.9409039812386,15.569475381238703,False,0.561617874,26.040903733333334,44.667008466666665
712.9285714,729.164268103227,16.23569670322695,False,0.5514050859999999,34.7056704,51.99498913333333
848.55,985.3289936279141,136.77899362791413,False,0.7634629593333334,29.934474666666667,48.0433046
848.7571429,1077.881060409431,229.12391750943107,True,0.833716566,29.0410462,52.9128622
617.3875,579.2243472059806,38.163152794019425,False,0.4341309313333333,26.98462526666667,43.369055266666656
326.2428571,355.6682012033308,29.425344103330815,False,0.25664592,30.836218333333328,39.6094684
870.05,1083.0456261111503,212.9956261111504,True,0.833392598,33.68083073333334,59.173854533333326
1293.1875,1353.5551156455963,60.36761564559629,False,1.0541559813333337,31.35813793333333,59.133262
580.5,563.3862291862079,17.113770813792144,False,0.4275489526666667,25.166898466666662,36.606188800000005
535.325,541.9026519978647,6.5776519978646775,False,0.4089987206666667,24.8309816,37.33390526666666
153.1142857,158.10632987043365,4.992044170433644,False,0.1091689054285714,22.247434428571427,22.354954428571432
821.2,850.4099586926272,29.209958692627197,False,0.6492476293333334,32.147684733333335,52.35325513333333
770.0714286,741.1913752354343,28.880053364565697,False,0.5593601680000001,32.37420473333333,52.76566173333333
340.4,336.87817340875995,3.5218265912400284,False,0.2438012486666666,26.560512333333328,35.3695456
940.3,928.163104303932,12.136895696067995,False,0.7167022733333334,28.98237106666667,47.528133
155.85,158.81894038232608,2.968940382326082,False,0.1090379683333333,22.45271393333333,23.1112346
500.1285714,541.9026519978647,41.774080597864724,False,0.4089987206666667,24.8309816,37.33390526666666
729.875,665.828328079145,64.04667192085503,False,0.5028826646666666,28.30027873333333,46.0441244
188.6,183.09970573439196,5.500294265608034,False,0.1246440646428571,23.5459355,27.599182000000003
640.2714286,577.3474058566716,62.924022743328464,False,0.4311784306666666,34.304164533333335,47.853904533333335
1261.566667,1365.8761723913808,104.30950539138075,False,1.0637222583333332,32.29975366666667,60.04074324999999
566.9,575.2568799997542,8.356879999754256,False,0.4379202793333333,25.124652066666663,35.99217126666667
0.0,28.650332823106886,28.650332823106886,False,0.003851879775,22.494378142857144,21.69032292857143
706.0875,618.666020039939,87.42147996006099,False,0.4727646679999999,24.93256013333333,36.6068582
27.05714286,55.063383530876884,28.006240670876885,False,0.0214036318666666,28.510609933333328,28.12322593333333
273.7714286,263.34329762608945,10.428130973910527,False,0.1890867986666666,25.5590068,29.73031406666666
645.9125,551.8205468856789,94.09195311432109,False,0.4154654033333333,28.200909666666668,40.34545073333332
641.0,610.7585969080083,30.241403091991742,False,0.46231383,30.180094333333333,42.5790158
852.9125,683.8315339852833,169.08096601471675,False,0.5331907740000001,26.463971,30.740364866666663
1164.785714,1148.720686860148,16.06502713985219,False,0.8897051446666668,29.40827633333333,55.02622280000001
628.1142857,773.2727435581668,145.1584578581668,False,0.5889013319999999,29.55849613333333,48.52688860000001
102.85,140.66772411915647,37.81772411915648,False,0.0881270817333333,31.36695346666667,32.592636866666666
962.5,927.0265082115561,35.47349178844388,False,0.7142683660000001,28.210111600000005,48.59591266666667
0.0,22.93520055742772,22.93520055742772,False,0.0001471694642,21.959989266666664,20.5434348
600.7857143,580.1222584502616,20.663455849738398,False,0.4385864393333333,26.92924806666667,39.8739748
663.9285714,816.0457343913436,152.11716299134355,False,0.6258264913333333,28.89003293333333,46.50682566666666
707.55,637.0223996052423,70.52760039475766,False,0.4847505873333333,25.1295838,39.552423133333335
27.08571429,51.38446154933554,24.298747259335542,False,0.0204065283666666,25.387085133333333,24.88775633333333
202.6428571,199.50139085734187,3.1414662426581117,False,0.1389610499999999,22.61050626666667,26.383687266666666
39.92857143,57.61721322967777,17.688641799677775,False,0.0287589122,22.62713006666667,20.668404133333333
979.05,978.4225216395477,0.6274783604523009,False,0.7535374446666667,30.091312666666663,52.08946933333333
528.0625,443.840998628262,84.22150137173799,False,0.327377192,32.281588,41.69365866666666
292.9,287.20069454733573,5.699305452664248,False,0.20888875,24.006947666666665,28.83434853333333
911.4875,814.9767445366442,96.51075546335574,False,0.6309158766666667,23.9829488,38.8167622
515.4125,542.8617302156375,27.4492302156375,False,0.4033134171428571,32.78992792857142,46.81591135714286
2.614285714,31.388675488302656,28.774389774302655,False,0.0038019427373333,27.8907064,26.16618666666667
370.4428571,352.7586308391454,17.684226260854643,False,0.257869254,29.363769533333336,35.604502399999994
486.4333333,540.4464040655622,54.01307076556219,False,0.4053485726666666,26.430782066666666,40.3180586
47.2375,75.9723745137177,28.7348745137177,False,0.0367549387333333,30.906561266666667,30.832251133333333
803.6714286,735.7555327176842,67.9158958823158,False,0.5570693833333333,30.2870728,49.8413636
728.6142857,697.0095423535328,31.604743346467217,False,0.5306936493333334,29.60315553333333,44.5125144
640.5285714,617.9137637002319,22.614807699768107,False,0.4700814853333333,25.757175666666665,38.892010733333336
555.6625,530.579805772116,25.082694227884076,False,0.402276302,24.833713600000003,34.94457799999999
242.5,240.2866016753174,2.2133983246826006,False,0.1652971236,30.436910066666663,36.399023133333344
55.65,86.478221903781,30.828221903781007,False,0.0456077094,30.75914113333333,30.545615666666663
7.3625,36.15113018642255,28.788630186422548,False,0.0096971220999999,23.34448021428572,22.342457428571432
236.6125,273.12068537029677,36.50818537029676,False,0.201037406,23.307012799999995,25.084910200000003
755.4571429,893.562926461534,138.10578356153394,False,0.6847007353333333,33.76234939999999,52.985213
6.6625,31.729170319698945,25.066670319698943,False,0.00783505386,21.150111866666663,19.747505800000003
1010.628571,830.3836453889729,180.24492561102704,True,0.6365608813333332,29.410819333333336,47.68545339999999
83.6,86.67510682593957,3.075106825939571,False,0.0525764360666666,21.9106464,20.365659666666662
854.2,866.3341088845943,12.134108884594298,False,0.6685085735714286,28.10111792857143,44.812733142857134
1237.142857,1299.9222206900963,62.77936369009626,False,1.009763066,31.31245933333333,59.503814466666654
345.6,373.4751507592592,27.875150759259157,False,0.27848515,23.55732406666667,29.705493133333327
324.0875,340.32827781709557,16.24077781709559,False,0.246215918,31.265974933333336,37.7911072
755.2,729.164268103227,26.035731896773086,False,0.5514050859999999,34.7056704,51.99498913333333
489.9142857,433.2771245848297,56.63716111517027,False,0.3207225406666667,32.866440600000004,40.0736208
1164.0,1264.7123581291867,100.71235812918667,False,0.97745754,32.317808071428566,63.145581571428565
1186.116667,1182.6537280472576,3.4629389527424337,False,0.9130500964285714,33.254821857142865,60.86849728571429
1237.3,1235.8329535547941,1.467046445205824,False,0.9587958633333332,31.56218266666667,58.13640526666666
760.95,723.6240010067685,37.325998993231565,False,0.5473548466666667,29.9082072,49.460659
3.7625,30.142740490170908,26.38024049017091,False,0.0034388459133333,28.10139566666667,25.64277146666668
1152.971429,991.8414682120641,161.12996078793583,False,0.7624467326666666,30.91771053333333,54.40039266666666
723.6,605.8342399650571,117.7657600349429,False,0.4595029573333333,27.66269933333333,40.34541599999999
220.5625,215.66081749147608,4.901682508523919,False,0.1492800746666666,26.624064000000004,30.85439253333333
50.85714286,67.07409047218974,16.216947612189735,False,0.0349704387333333,21.8738464,21.782067666666663
786.05,726.7523447784803,59.297655221519676,False,0.555787044,27.22515273333333,42.82454406666666
170.825,182.46118395791385,11.636183957913858,False,0.1235932831333333,25.98669446666667,29.146844466666664
548.9714286,485.04652743630163,63.92490116369834,False,0.3559129373333332,31.9338582,46.44251506666667
1023.171429,1038.0649714611932,14.893542461193192,False,0.8004696066666667,31.3942708,54.491442600000006
171.8571429,171.4352651466014,0.4218777533986042,False,0.1144654460666666,26.8031698,29.5815856
62.325,74.91503705035024,12.590037050350233,False,0.0437152266,21.14960933333333,19.30752746666667
737.6375,637.3092936921729,100.32820630782714,False,0.4865309580000001,26.2963116,38.61497386666667
1043.8125,1098.4201613700739,54.607661370073856,False,0.8495404559999999,29.428778066666663,54.02926233333333
412.1142857,428.3396664267708,16.225380726770823,False,0.3224647546666666,24.331876666666663,30.97835493333333
260.575,270.1493473393876,9.5743473393876,False,0.1940915442857143,25.188796928571428,30.107465642857143
158.8714286,170.58788502415467,11.716456424154671,False,0.1122409709333333,29.63169753333333,32.23251346666666
792.8428571,751.679888546107,41.16296855389294,False,0.574561224,32.52462140000001,46.66986293333333
822.3857143,826.3990329224486,4.013318622448537,False,0.6296874326666666,30.598740733333337,51.564969866666665
272.7571429,261.506222285054,11.25092061494604,False,0.186726818,27.037646333333328,31.166569066666664
876.3,1108.3005853899463,232.0005853899463,True,0.8521106573333334,29.96776533333333,59.424285733333335
1144.257143,1241.0565335371361,96.7993905371361,False,0.954939324,31.12965493333333,65.54571366666664
574.6571429,570.7393604265471,3.9177824734529167,False,0.428165058,26.57203993333333,42.26560886666665
539.625,491.93134384027405,47.69365615972595,False,0.3650563653333333,32.06696146666666,43.23507873333333
417.7,407.22082744405617,10.47917255594382,False,0.304070602,24.9230428,32.240460133333336
698.4714286,651.6867533966084,46.784675203391544,False,0.498367802,25.56246340000001,38.252356133333336
985.5285714,963.0677137302273,22.460857669772736,False,0.7446046793333331,29.653950933333327,48.487363866666655
242.5625,237.5880639920767,4.974436007923288,False,0.1673700179999999,26.02376913333333,30.4908548
166.5428571,175.09896371943955,8.55610661943956,False,0.1170341706666666,28.2966472,30.6336732
1021.642857,909.5180596733798,112.1247973266203,False,0.702585196,28.91200753333333,46.4054178
248.8875,237.07275564470598,11.81474435529401,False,0.1688907413333333,22.849924866666672,27.304630533333327
1241.828571,1286.2554991729394,44.42692817293937,False,0.997903636,31.53113,60.208569533333325
814.975,732.5844467806425,82.39055321935757,False,0.5611673299999999,26.907450200000007,42.12864373333333
839.5875,800.0066637329871,39.58083626701284,False,0.6137954226666666,26.8544944,44.581498066666654
463.7857143,458.235129116821,5.55058518317901,False,0.3424570506666667,26.1143576,35.96729740000001
1240.014286,1307.0821907679165,67.06790476791639,False,1.017537535,28.042243,56.312655
128.775,129.17719863236692,0.4021986323669182,False,0.084014334,22.160595666666666,23.656638733333327
801.9625,774.9925156856406,26.969984314359408,False,0.5909023807142856,27.42023371428571,47.050576142857146
1149.957143,1059.8075114165968,90.14963158340333,False,0.814901278,31.85407093333333,57.85922433333334
452.2375,434.01134114893523,18.22615885106478,False,0.320387256,27.95182086666667,38.8228558
1249.8,1348.164900018091,98.36490001809102,False,1.0477749826666665,30.58406566666667,60.62906306666667
894.2285714,918.7148252947459,24.486253894745914,False,0.7052360026666665,30.97860513333333,51.86274186666666
796.7857143,747.5606176714058,49.2250966285942,False,0.5729372046666668,26.192445933333328,42.29481826666667
60.9375,95.04669614779951,34.10919614779951,False,0.0517987240666666,31.476942933333337,31.634830733333327
81.14285714,95.09583217899315,13.952975038993145,False,0.0579955505333333,21.680248933333328,21.65212806666667
320.7571429,306.72008929271885,14.037053607281166,False,0.2255217446666666,23.6073304,28.074818866666668
440.0571429,443.7541699799383,3.697027079938323,False,0.3288961193333332,34.12625693333333,41.007431933333336
334.8125,319.57776862269026,15.234731377309743,False,0.2336446046666666,22.677024466666666,29.930456466666666
0.0,20.3493831351531,20.3493831351531,False,1.4736836000000004e-05,21.506819666666665,18.492340066666667
394.5857143,374.4177157195733,20.167998580426683,False,0.2764912,27.16989953333333,33.85005699999999
53.6375,75.87357314712885,22.23607314712885,False,0.0397878830714285,25.59105335714285,25.627179785714283
1023.914286,971.1968399070261,52.71744609297389,False,0.7504526286666667,28.559281400000003,48.776688333333325
192.725,187.57511176778158,5.149888232218416,False,0.1279617990666666,26.67944946666666,29.282659866666663
5.257142857,32.30539960836409,27.048256751364093,False,0.0047339318343333,27.510428933333333,25.833406533333328
105.5428571,120.6585571052066,15.115700005206591,False,0.0770268140666666,22.915026866666665,23.98563853333333
0.0,1284.985735462491,1284.985735462491,True,0.9985397593333332,29.4468058,57.7418068
811.6,803.8184344543699,7.781565545630087,False,0.6152538133333332,27.573553600000004,46.448215666666655
484.7571429,501.29192707970014,16.534784179700125,False,0.3787024119999999,25.0617614,34.63271466666667
643.3857143,636.3559941814767,7.029720118523301,False,0.4816808006666666,31.278884,44.566937
706.8875,725.6192485837859,18.731748583785816,False,0.5448555493333334,31.578393466666665,54.042319733333336
322.2714286,326.7485998654952,4.477171265495201,False,0.2348828546666666,32.671417266666666,38.58448679999999
785.5125,868.5513569336258,83.03885693362577,False,0.660908664,27.909726666666668,53.5194478
669.5,665.3120736230652,4.187926376934797,False,0.5072556953333333,26.5218384,40.79867733333334
349.25,346.20254716443156,3.0474528355684356,False,0.2536736326666666,26.81922213333333,33.402895400000006
628.2875,597.3376047630685,30.949895236931525,False,0.4517712339999999,33.053440333333334,43.3909484
590.75,563.3862291862079,27.363770813792144,False,0.4275489526666667,25.166898466666662,36.606188800000005
583.475,510.1153523513358,73.35964764866424,False,0.3833396619999999,25.527582066666668,37.25813600000001
510.425,558.76558684171,48.340586841710035,False,0.4213385493333333,25.26646733333333,38.90950326666666
485.7625,452.5578115991294,33.204688400870566,False,0.3378309306666666,28.035068666666664,36.771075733333326
1284.1125,1293.9182561661041,9.805756166104175,False,1.0037044035714286,30.452372928571428,60.19193785714286
810.7285714,665.828328079145,144.900243320855,False,0.5028826646666666,28.30027873333333,46.0441244
84.17142857,104.97621321677107,20.80478464677107,False,0.0617229363333333,26.728900000000003,27.917517000000004
58.3125,82.72475979180118,24.412259791801176,False,0.0453966223333333,25.066615933333328,25.4084758
178.0125,173.52612905058984,4.486370949410144,False,0.1192626860666666,22.443727666666664,24.81898393333333
1001.6625,848.9427363318429,152.71976366815716,False,0.6541739533333331,25.68664953333333,43.83857633333333
941.2125,926.4333439227382,14.779156077261746,False,0.7143712646666666,27.96947633333333,47.941911000000005
1090.871429,1041.7078834430654,49.16354555693465,False,0.8068469279999999,27.371873,49.5876018
760.45,729.9895329833571,30.46046701664295,False,0.5583109086666667,25.4833456,42.19290773333333
517.575,489.51746035390363,28.057539646096416,False,0.3661181566666667,29.803035600000005,39.41787906666666
1049.585714,887.506321003222,162.0793929967781,False,0.6801742386666666,28.05028693333333,50.1047016
780.3428571,717.3058154944429,63.03704160555708,False,0.5470587466666667,28.524460866666665,44.30379226666666
361.9714286,378.5441433109006,16.572714710900584,False,0.2771371,27.911383066666662,36.725531333333336
384.8375,461.71426687876624,76.87676687876626,False,0.3457076533333333,25.95908213333333,35.5287108
419.3875,513.0884966473359,93.7009966473359,False,0.3712747633333333,29.742185466666665,52.615881266666655
823.4625,774.9925156856406,48.46998431435941,False,0.5909023807142856,27.42023371428571,47.050576142857146
997.0625,1073.6732646567043,76.6107646567043,False,0.8256647073333334,31.90281766666666,58.44529793333333
580.7,629.1271626943046,48.42716269430457,False,0.4785613493333333,25.00489506666667,39.233233733333336
154.2375,163.83918356115578,9.601683561155767,False,0.1091103762666666,25.315805933333333,28.12346393333333
565.3714286,499.5453857811454,65.82604281885455,False,0.3750224913333333,25.47613733333333,36.90983686666667
1245.9875,1244.7423285763325,1.2451714236674434,False,0.9652258986666667,31.597302133333333,58.96815806666666
55.28571429,73.57248444760062,18.286770157600614,False,0.0403607207333333,22.981634533333327,22.203200133333333
1115.357143,1070.4611961975215,44.89594680247842,False,0.8263966746666666,27.78503,53.52336233333334
14.78571429,41.97155355063885,27.18583926063885,False,0.0112836303666666,29.691412400000004,28.060636333333328
73.24285714,91.67059543556852,18.427738295568517,False,0.0504507636666666,31.0485982,30.124161733333327
485.9125,462.955071318951,22.95742868104901,False,0.345676682,28.046335933333328,37.409806
161.2142857,172.1807425158625,10.9664568158625,False,0.1145979226666666,26.300193266666668,29.8108662
471.8857143,414.9514024755922,56.934311824407814,False,0.30827921,24.623516666666664,34.098657333333335
29.8625,51.48869025270152,21.626190252701516,False,0.0236337368666666,21.860400400000003,20.4303872
1083.916667,1091.9128080976038,7.996141097603868,False,0.8462327415384615,26.860954846153845,51.02621476923077
817.2,703.1268517038567,114.07314829614336,False,0.5350119733333333,29.11126313333333,44.9506284
1206.814286,1178.728983616552,28.085302383448152,False,0.9129294213333332,30.19451906666667,56.65431326666666
1345.242857,1320.121148547713,25.121708452287066,False,1.0312303086666668,28.649094666666667,53.773537133333335
0.0,23.743701028560505,23.743701028560505,False,4.49041162e-05,22.452933666666667,21.47074393333333
45.48571429,65.92056779854704,20.434853508547043,False,0.0358883196666666,21.44021593333333,19.8552002
282.15,277.6970726689396,4.45292733106038,False,0.1978581207142857,27.573211642857142,33.399052142857144
303.6571429,320.9548858000843,17.2977429000843,False,0.2333632346666666,27.4676554,33.31872753333333
960.5857143,836.1652992571422,124.42041504285771,False,0.6406613233333333,27.081068733333336,47.275213466666656
14.57142857,37.31224508607173,22.740816516071725,False,0.0129515775266666,21.290627133333327,19.30538333333333
227.3125,206.53508099555216,20.777419004447836,False,0.1418597668571428,27.56227564285714,31.202229142857146
822.8125,683.8315339852833,138.98096601471673,False,0.5331907740000001,26.463971,30.740364866666663
1092.385714,1060.5004406819276,31.88527331807245,False,0.8182360253333333,29.4800944,54.2505046
245.925,291.55938864062415,45.63438864062414,False,0.21528912,23.946079466666667,26.170033866666667
1010.1625,1006.8333001662262,3.3291998337738278,False,0.776912684,30.26233913333333,52.088154933333335
1261.0875,1327.1415348918526,66.05403489185255,False,1.034329982142857,30.28202614285715,56.95899535714286
100.225,122.55299582888875,22.32799582888876,False,0.0699064925333333,32.083526600000006,36.04578060000001
782.6142857,695.6568581560009,86.95742754399907,False,0.5257635171428571,29.282915285714285,47.94010285714285
252.4125,273.12068537029677,20.708185370296775,False,0.201037406,23.307012799999995,25.084910200000003
839.4857143,813.7640265348653,25.72168776513479,False,0.622338436,29.469486666666665,48.266762
1252.3125,1248.6815633293163,3.6309366706836954,False,0.9678900893333334,31.299159800000005,59.367140466666655
96.52857143,107.0095826370699,10.481011207069898,False,0.0639746532,25.8629782,26.99750153333333
231.1875,232.7305086291228,1.5430086291227951,False,0.167161456,23.25484613333333,25.770912666666668
348.525,328.76525652717163,19.759743472828347,False,0.2436428057142857,23.38855407142857,27.937476071428577
339.5125,313.9167499856455,25.595750014354508,False,0.2222456033333333,27.874310399999995,38.48475933333333
111.9857143,129.55718518868383,17.571470888683834,False,0.0808109167333333,27.518345000000004,29.254244
491.4428571,459.1823225006224,32.26053459937765,False,0.3384765497333333,30.0527444,42.11031486666668
1228.942857,1142.3213761281227,86.62148087187734,False,0.8870374373333332,28.487312733333336,52.2207926
0.0,30.28935127877724,30.28935127877724,False,0.0012636806146,28.56131,27.98389913333333
847.1375,860.0770190125256,12.93951901252558,False,0.6634503566666667,26.40725306666667,44.0128702
1238.9,1187.99015973942,50.90984026058004,False,0.9226384173333332,27.8729086,53.675834
13.1375,37.57431282222795,24.436812822227953,False,0.0088122812133333,29.54822573333333,26.94033806666667
94.2625,109.82046460167206,15.557964601672055,False,0.0713916354666666,22.1559958,20.62310193333333
315.1428571,310.6108040148786,4.53205308512139,False,0.2278736373333333,22.99848413333333,28.593758200000003
596.175,596.1028105108037,0.072189489196262,False,0.4511937286666666,28.178857466666667,40.87684526666667
510.2,518.3273415664769,8.1273415664769,False,0.3794895364285714,28.726664714285715,48.51885335714286
614.1625,552.4218441871883,61.740655812811724,False,0.416091588,27.42642006666667,39.88621046666666
739.9875,690.3295299668997,49.65797003310024,False,0.5192661353333333,32.275811866666665,51.221810066666656
720.6857143,719.1044109067841,1.581303393215876,False,0.5456316214285714,29.397380285714288,47.38953071428571
1046.4625,1131.66825196438,85.20575196437994,False,0.869908956,32.5278644,61.80199160000001
241.9625,237.47565869909045,4.4868413009095605,False,0.1693729433333333,22.6054098,27.0571594
795.5714286,606.7010766271337,188.87035197286627,True,0.456957692,28.25725513333333,43.641306466666656
58.925,82.46856945868225,23.543569458682256,False,0.042321342,29.846213866666663,30.149639866666664
288.7625,277.6970726689396,11.065427331060391,False,0.1978581207142857,27.573211642857142,33.399052142857144
354.4571429,425.27411807378354,70.81697517378353,False,0.3124267953333332,26.8318298,39.08195373333332
1140.485714,980.1781804132739,160.30753358672598,False,0.754716712,28.85416453333333,51.79728806666666
845.7857143,986.4458274575202,140.6601131575202,False,0.7673879126666666,27.778367,44.30236186666666
714.275,878.7849477700407,164.50994777004075,False,0.670675372,28.632191866666663,52.5477356
199.2714286,230.80034833025948,31.528919730259474,False,0.1614167364285714,27.426601,31.4595755
201.6125,212.5383927887202,10.925892788720176,False,0.1451273186666666,30.171648933333334,33.8750304
222.0125,225.88999692170142,3.877496921701436,False,0.1599368057142857,23.54752671428572,27.40564621428572
110.0,124.52621021407975,14.526210214079754,False,0.0775804512142857,26.11982735714286,27.81455535714285
1093.857143,990.9942124612377,102.86293053876227,False,0.754565452,31.858074933333327,61.51417646666666
10.51428571,31.82948948238042,21.31520377238042,False,0.0090117260933333,21.3480144,18.811700333333327
988.6857143,856.0181405973499,132.6675737026501,False,0.6598271179999999,34.147082733333335,47.63582766666666
36.04285714,62.221120410777246,26.178263270777244,False,0.0269941826,30.156077,29.0945292
506.0428571,513.5894177765385,7.546560676538547,False,0.386892012,26.1215332,36.85808506666665
699.3857143,765.099736805267,65.71402250526694,False,0.5801343633333333,30.550409,50.88379926666666
938.9428571,1038.2763054536272,99.3334483536272,False,0.8011747426666667,28.8662964,52.901754
687.7125,664.0394827122842,23.673017287715766,False,0.5036263826666665,32.436879733333335,45.77020906666667
493.9142857,459.1823225006224,34.73196319937762,False,0.3384765497333333,30.0527444,42.11031486666668
1063.414286,998.69067402986,64.72361197013993,False,0.77591557,27.452661200000005,45.572745666666655
785.375,701.0514606037232,84.32353939627683,False,0.5402542266666664,25.700242133333333,36.99481373333333
374.5,351.39678401157613,23.10321598842387,False,0.2568065713333334,27.230830933333333,34.6317082
840.0857143,735.7555327176842,104.33018158231573,False,0.5570693833333333,30.2870728,49.8413636
449.5875,463.565870847889,13.978370847889039,False,0.344954196,34.35660993333333,41.28059066666666
482.5571429,452.5578115991294,29.99933130087055,False,0.3378309306666666,28.035068666666664,36.771075733333326
12.5125,38.6699437599602,26.1574437599602,False,0.00998024594,26.836218333333328,25.515785533333336
722.1875,658.597809450835,63.58969054916497,False,0.5024805850000001,27.97164264285714,40.74435871428572
288.175,263.0471298214991,25.127870178500928,False,0.1886549799999999,24.80741786666666,29.581636466666662
319.8125,319.57776862269026,0.23473137730974258,False,0.2336446046666666,22.677024466666666,29.930456466666666
755.05,694.481976627368,60.568023372631956,False,0.5315657121428571,26.492523071428568,40.41920307142857
964.1285714,1023.2356982329202,59.10712683292013,False,0.7895503819999999,30.58775246666667,52.985744666666655
777.4,771.541264018643,5.858735981356972,False,0.5924935807142857,27.712921,43.051186571428566
742.6285714,595.4580518597129,147.17051954028716,False,0.442447935,29.662364357142856,49.18731492857143
1213.428571,1209.0227476565851,4.405823343414795,False,0.9360600806666666,32.174080466666666,59.10431306666667
142.5625,145.4263792827597,2.8638792827597115,False,0.0940941717857142,26.5301995,28.573238
864.1125,973.1909881862638,109.07848818626383,False,0.7482029,28.900441466666667,52.5498042
1031.175,1083.0456261111503,51.870626111150386,False,0.833392598,33.68083073333334,59.173854533333326
812.475,833.9936408959106,21.518640895910607,False,0.6428513106666667,26.3895486,43.27049353333333
15.14285714,34.38861116365162,19.245754023651617,False,0.0112804514933333,20.426454666666668,18.25406093333333
654.15,667.4448427295666,13.294842729566653,False,0.5080059100000001,26.6344054,41.77922546666666
499.1142857,442.6368908513561,56.47739484864388,False,0.3353547692857142,23.90183135714286,29.702830928571423
978.4625,834.9870784026915,143.47542159730847,False,0.6438703946666667,27.363865266666664,43.500976533333336
28.6625,50.96423946959057,22.301739469590565,False,0.0237962576,21.653328466666665,19.7878378
313.2875,306.72008929271885,6.567410707281169,False,0.2255217446666666,23.6073304,28.074818866666668
1310.485714,1283.2124500939408,27.273263906059128,False,0.9986998006666664,28.032407666666664,55.623793733333336
1212.8,1279.8784513652627,67.07845136526271,False,0.9989916353333332,30.0188802,53.659336200000006
100.6714286,112.70816578009202,12.036737180092018,False,0.0716501757333333,22.65153,22.805830800000003
666.4571429,661.971381550652,4.4857613493479676,False,0.5047311078571429,25.73379057142857,40.25765564285714
795.6625,822.3135179019612,26.651017901961154,False,0.6302828366666666,26.186218200000003,45.974644000000005
1273.757143,1332.079860162807,58.322717162807066,False,1.033489496666667,30.12836306666667,61.4558144
1206.814286,1208.295485336847,1.4811993368468848,False,0.9430199413333334,27.5224672,50.04055993333334
1114.185714,991.9453823776875,122.24033162231251,False,0.7681858726666667,28.96788953333333,48.28042806666666
943.1714286,984.6151941407796,41.44376554077962,False,0.761243312,32.39142040000001,50.631239933333326
932.7714286,1210.1207197988674,277.3492911988674,True,0.94011294,29.910441928571423,55.183059642857145
1288.385714,1430.017433819009,141.63171981900905,False,1.112296618,31.26550906666667,63.34182940000001
83.2375,101.85017062883286,18.61267062883286,False,0.0625831249333333,22.115535533333336,22.72741286666667
978.9375,971.1968399070261,7.74066009297394,False,0.7504526286666667,28.559281400000003,48.776688333333325
405.7625,435.2130256854214,29.45052568542144,False,0.319140978,32.39553246666666,42.82737193333334
755.2,741.1913752354343,14.008624764565752,False,0.5593601680000001,32.37420473333333,52.76566173333333
365.2,354.4658380132173,10.73416198678268,False,0.2610877493333334,24.041337,31.60524686666667
0.0,1079.6859601545798,1079.6859601545798,True,0.8324597433333333,29.89033,55.8342632
13.1,37.55352770669893,24.453527706698928,False,0.0117904483199999,23.21604600000001,21.406390466666668
574.7142857,601.3292657864025,26.61498008640251,False,0.4552512326666666,28.7726258,41.34621800000001
464.125,543.4876040380591,79.36260403805909,False,0.4059969573333333,29.043869866666665,43.17022886666666
66.88571429,85.72420877205253,18.83849448205254,False,0.050611544,23.312432866666672,22.078063866666664
1211.971429,1237.3585425224765,25.38711352247651,False,0.9597508193333332,30.556133933333328,57.9774638
840.2571429,827.7395403707724,12.517602529227588,False,0.642086792,26.913202066666663,39.42475606666666
1181.557143,1074.300083869081,107.25705913091906,False,0.8336664386666666,30.1848064,50.714097
9.171428571,34.50243052039798,25.33100194939798,False,0.0092814357466666,21.98220433333333,20.879634666666668
42.6125,60.693746978777575,18.08124697877758,False,0.0306464463999999,21.47708533333333,20.763635333333333
936.9142857,909.4973510519217,27.41693464807838,False,0.6983646913333333,30.49638266666667,51.013694
1014.057143,1063.77841045905,49.72126745905007,False,0.8238694766666665,30.200903066666665,51.813018666666665
236.5857143,248.1953602822931,11.609645982293102,False,0.174294533,28.7508078,33.324613199999995
773.8142857,736.6183723672333,37.195913332766736,False,0.564246406,26.771500733333337,42.28302813333334
1160.6125,1154.878743889425,5.733756110574859,False,0.8927997,32.26669699999999,58.0866006
783.2285714,747.5606176714058,35.66795372859417,False,0.5729372046666668,26.192445933333328,42.29481826666667
13.5,45.87551867941962,32.37551867941962,False,0.0164651889285714,24.214307571428574,23.84339257142857
141.3142857,139.5631799266601,1.7511057733399014,False,0.0946579585333333,22.2525206,21.710430866666663
60.4,82.46856945868225,22.068569458682255,False,0.042321342,29.846213866666663,30.149639866666664
1260.6,1332.079860162807,71.4798601628072,False,1.033489496666667,30.12836306666667,61.4558144
607.7857143,560.3766316635924,47.40908263640756,False,0.4262679866666666,25.07773446666667,35.4601398
685.5857143,695.6568581560009,10.071143856000958,False,0.5257635171428571,29.282915285714285,47.94010285714285
323.7375,316.85967060228285,6.877829397717164,False,0.2275632,30.0257304,36.7043906
31.88571429,52.89505921513107,21.00934492513107,False,0.0218913211333333,24.373624600000003,24.219653266666665
1062.625,1219.3152615516906,156.69026155169058,False,0.9421417826666668,32.268751599999995,61.34530853333335
194.7285714,208.02795759804903,13.299386198049035,False,0.1471483106666666,22.4391438,25.193231133333327
749.5857143,1319.6470856881897,570.0613713881897,True,1.0242290946666668,28.7483338,59.98777086666667
1120.2375,1095.1558232762418,25.081676723758164,False,0.8488509206666665,29.315938266666667,52.12607433333333
379.5125,361.0285014559926,18.483998544007363,False,0.261408532,32.103391466666665,39.814438866666656
67.5875,81.93667992887566,14.349179928875657,False,0.0468413084666666,22.7384398,22.45022773333333
244.4,241.08070592624745,3.319294073752559,False,0.17003262,26.0763428,30.701261466666665
1200.428571,1106.1374717816857,94.29109921831423,False,0.8551090753333334,31.06742553333333,55.4462772
784.0,783.9119356047305,0.08806439526949816,False,0.5955213746666665,28.78232633333333,50.154118
95.67142857,104.76842683578431,9.096998265784308,False,0.0663231575714285,21.0031935,20.9889395
606.5428571,615.369437688465,8.826580588465049,False,0.4637642506666667,27.262479733333336,43.4918152
627.7285714,729.6144809351983,101.88590953519838,False,0.5601515626666665,27.553778,41.08350839999999
852.3875,834.9870784026915,17.400421597308537,False,0.6438703946666667,27.363865266666664,43.500976533333336
29.48571429,57.72063307652457,28.23491878652457,False,0.0225449364285714,31.13241364285714,30.225331
375.1857143,366.73965568060345,8.446058619396524,False,0.2645778099999999,26.346307466666666,38.737007666666656
495.9714286,431.49304747142315,64.47838112857687,False,0.325346652,25.97744133333333,31.4134398
95.625,107.74054797069468,12.115547970694678,False,0.067908889,21.957159333333333,22.195896266666672
335.0142857,331.1516150269932,3.8626706730067895,False,0.2420931633333333,24.688751333333336,31.77211313333333
257.3571429,278.8485983128949,21.491455412894936,False,0.2021267246666666,23.6712912,28.608892933333333
472.7375,561.7370106233118,88.99951062331178,False,0.4227470493333333,31.0069884,42.35145673333333
829.1,779.6163302527949,49.48366974720511,False,0.5959771373333332,31.98976833333333,47.82889013333333
139.4125,148.06293946552137,8.650439465521373,False,0.099085612,22.39704986666667,24.1448362
83.4875,95.60295769292675,12.115457692926753,False,0.0553157361333333,25.61776526666667,26.2441224
685.1571429,695.6568581560009,10.499715256000854,False,0.5257635171428571,29.282915285714285,47.94010285714285
269.15,280.9291072331115,11.779107233111517,False,0.2016386213333333,25.41951306666667,31.412544733333327
88.5375,101.3699177030501,12.832417703050112,False,0.0596414616666666,24.9111592,26.31437593333333
658.3857143,826.3990329224486,168.01331862244854,False,0.6296874326666666,30.598740733333337,51.564969866666665
92.75714286,110.1499590738444,17.392816213844398,False,0.0639606361333333,26.491621866666662,29.685520466666663
1023.0,1014.6117669287762,8.388233071223794,False,0.771698892,28.96689653333334,62.345989
702.6571429,628.5399618985875,74.11718100141252,False,0.480099376,27.128527933333327,38.26693913333333
746.0571429,668.7532483168576,77.30389458314244,False,0.5043223273333332,28.129876866666663,46.86501033333333
87.9,109.71875875579919,21.81875875579918,False,0.0632720198666666,30.095953266666665,31.55705773333333
80.45714286,93.56998721722276,13.112844357222755,False,0.0578216434285714,21.67111642857143,20.642885571428568
411.0875,388.4509777421012,22.636522257898775,False,0.2869888493333333,28.329986466666664,35.2929974
674.15,513.315693947487,160.83430605251294,False,0.3860812566666666,26.405902066666663,37.5282734
956.0,944.8078092922971,11.192190707702935,False,0.725001628,30.0071574,52.9624858
723.1375,777.3681758931446,54.23067589314451,False,0.601040456,27.86605026666667,39.599638000000006
1014.2375,936.4251566425331,77.81234335746683,False,0.7228255413333333,26.7209514,47.15762106666666
827.4428571,816.0457343913436,11.397122708656411,False,0.6258264913333333,28.89003293333333,46.50682566666666
414.2571429,405.9103381419706,8.346804758029407,False,0.302042678,25.711328266666666,33.471195333333334
1025.042857,1017.3657088341758,7.677148165824065,False,0.7835893886666667,32.98554906666667,55.0942282
714.2142857,700.6623384670874,13.551947232912653,False,0.5342788213333333,26.066546666666667,42.4321838
82.5625,101.99779158079333,19.435291580793333,False,0.0596401831333333,26.235536666666665,27.3688028
660.425,631.3346296039082,29.09037039609177,False,0.4772766193333333,27.82892866666667,43.3427838
427.7625,407.1532844061188,20.609215593881174,False,0.3015704806666667,30.709979333333337,37.02485793333333
656.6125,598.5191172273946,58.09338277260531,False,0.4543548386666667,25.957446399999995,38.814910666666655
591.3,562.2991263913591,29.00087360864086,False,0.4207671039999999,27.818320733333337,43.250374533333336
1185.085714,1174.1236229240649,10.962091075935177,False,0.907262212,30.22876786666666,58.4341208
41.45714286,64.72592320846319,23.26878034846319,False,0.0307901562666666,25.250388666666662,25.3468934
543.1142857,485.04652743630163,58.06775826369835,False,0.3559129373333332,31.9338582,46.44251506666667
34.45,53.51687467616979,19.06687467616979,False,0.0245571073333333,21.9280518,21.149878
1232.9,1152.3030321344381,80.59696786556196,False,0.8877618960000001,30.494291133333338,60.050757
807.7285714,765.099736805267,42.62883459473301,False,0.5801343633333333,30.550409,50.88379926666666
557.9125,531.9033168244317,26.009183175568296,False,0.4008640346666667,27.05220753333333,38.234853066666666
1238.085714,1166.601580875792,71.48413312420803,False,0.907252704,28.7513204,52.048053133333326
729.35,742.4710511787399,13.12105117873989,False,0.5679321226666665,27.136891666666664,43.47980553333333
737.875,718.9270680466396,18.947931953360353,False,0.5521471146666667,26.016273933333327,39.71077913333334
774.1,789.4583167531218,15.358316753121812,False,0.6032151686666668,26.310502066666665,46.148805933333335
581.4714286,638.5879577286521,57.11652912865213,False,0.4782781806666666,29.477185066666667,48.671240066666655
676.5428571,682.9656600871169,6.422802987116938,False,0.5149625866666667,31.305375066666663,49.183583533333326
937.3285714,683.8315339852833,253.49703741471671,True,0.5331907740000001,26.463971,30.740364866666663
125.2142857,131.5009178012795,6.286632101279508,False,0.0880664663333333,22.569683933333334,21.829941666666667
773.3375,789.4583167531218,16.120816753121858,False,0.6032151686666668,26.310502066666665,46.148805933333335
52.9,72.78296876285877,19.882968762858773,False,0.0409023354166666,20.838399333333328,20.166653916666665
798.5285714,722.8536596509615,75.67491174903853,False,0.5511298453333334,26.93235466666667,44.0610454
341.8857143,425.27411807378354,83.38840377378352,False,0.3124267953333332,26.8318298,39.08195373333332
34.9875,54.78257211380849,19.795072113808494,False,0.0234457014666666,24.038157333333327,24.0682496
140.725,148.06293946552137,7.337939465521373,False,0.099085612,22.39704986666667,24.1448362
1077.6,1150.5328061800274,72.93280618002746,False,0.8879575373333333,30.804624466666667,58.6477848
248.3428571,318.0913321043943,69.74847500439432,False,0.2366774426666666,23.15576373333333,26.169586200000005
765.4125,742.4710511787399,22.94144882126011,False,0.5679321226666665,27.136891666666664,43.47980553333333
873.3,965.7601748695713,92.46017486957135,False,0.7478824706666666,28.077185133333334,46.80665106666667
478.3125,495.1648938967772,16.852393896777187,False,0.3730011899999999,25.96112293333333,35.6540122
686.8875,827.5045265402022,140.61702654020212,False,0.63854485,27.87740473333333,42.96753940000001
67.4375,82.02149830873526,14.58399830873526,False,0.0467522423333333,23.587766400000003,22.965578200000003
1169.857143,1139.4803445988696,30.376798401130372,False,0.879347218,33.4819584,59.38402526666668
465.7428571,450.6799181306491,15.062938969350853,False,0.3386504113333334,24.42785433333333,33.0092104
0.0,24.822647185529807,24.822647185529807,False,5.614888285714287e-05,25.18057035714285,23.46554121428572
204.0571429,199.50139085734187,4.555752042658128,False,0.1389610499999999,22.61050626666667,26.383687266666666
662.75,658.597809450835,4.15219054916497,False,0.5024805850000001,27.97164264285714,40.74435871428572
785.9375,704.4800424456413,81.45745755435871,False,0.5361376973333333,32.8598512,46.55671166666666
391.1,426.6624264260757,35.56242642607566,False,0.3143966613333332,30.61301473333333,39.94118873333333
751.6,900.7627414996708,149.1627414996708,False,0.6823728553333333,32.626951000000005,60.1761166
1259.371429,1165.2708562513653,94.1005727486347,False,0.9068482053333332,29.577811800000003,51.7647218
912.4875,888.2343521637163,24.253147836283688,False,0.6824211164285713,30.11147635714285,49.456279
1232.728571,1262.4465151814688,29.717944181468738,False,0.9750077606666668,31.0336488,63.14266973333333
44.375,60.693746978777575,16.318746978777575,False,0.0306464463999999,21.47708533333333,20.763635333333333
86.67142857,107.74054797069468,21.069119400694674,False,0.067908889,21.957159333333333,22.195896266666672
129.3,141.04355151891826,11.743551518918252,False,0.0952975517857143,22.50998785714286,22.357663928571423
146.0857143,150.79538087034055,4.709666570340545,False,0.0992951618,23.76213573333333,26.630550000000003
0.0,27.6018086516081,27.6018086516081,False,9.44485646e-05,28.136104133333337,26.83467813333333
233.5714286,237.16798209349363,3.5965534934936443,False,0.1720124636666667,24.034554,24.97640393333333
189.6714286,188.98923771640023,0.6821908835997874,False,0.1298209161333333,26.575002,28.584523666666666
1184.2125,1053.101954000609,131.11054599939098,False,0.8167528573333332,28.6059632,49.59524293333333
1133.228571,1111.0879995642563,22.140571435743823,False,0.856888655,31.08613807142857,57.58173707142858
609.1142857,564.059816157466,45.05446954253398,False,0.4251206693333333,33.059299933333335,42.801250933333336
0.0,20.3493831351531,20.3493831351531,False,1.4736836000000004e-05,21.506819666666665,18.492340066666667
604.0875,562.2991263913591,41.78837360864088,False,0.4207671039999999,27.818320733333337,43.250374533333336
929.5857143,937.5544708072392,7.968756507239277,False,0.7201458673333331,27.95082393333333,51.054569666666666
852.95,869.4544420437114,16.50444204371138,False,0.666398724,27.668807,48.98255793333334
758.6,753.2767402487468,5.323259751253204,False,0.576820234,27.044360466666664,43.41336893333333
981.9625,923.6119747639109,58.350525236089084,False,0.711361128,28.884842666666664,48.98813886666667
175.9,186.45461482179348,10.554614821793479,False,0.1241333933333333,30.44563606666668,33.627032533333335
1120.2,1117.7023834563443,2.497616543655795,False,0.8653040006666666,30.85634553333333,54.68991706666667
1132.3875,1124.172800804266,8.214699195734056,False,0.8658357226666666,33.4319154,60.258821466666674
174.6571429,184.69846921182344,10.04132631182344,False,0.1254085300666666,26.03677973333333,29.186376866666667
140.5625,172.1332761464533,31.570776146453312,False,0.1132172194666666,29.57108153333333,32.47774066666667
405.075,449.79542344681033,44.720423446810344,False,0.337822402,24.35052086666667,33.07170006666667
1223.485714,1190.5071601640457,32.978553835954244,False,0.92426021,29.10705953333333,54.622047866666655
241.125,225.88999692170142,15.235003078298575,False,0.1599368057142857,23.54752671428572,27.40564621428572
514.8875,446.99768887407464,67.8898111259254,False,0.3341347466666667,24.80515553333333,34.56906553333334
305.8857143,300.7784954788066,5.107218821193442,False,0.2194022685714285,22.792192642857145,28.886864857142857
431.2142857,518.3273415664769,87.11305586647688,False,0.3794895364285714,28.726664714285715,48.51885335714286
1089.1375,1088.5988440482174,0.5386559517826299,False,0.838770058,30.505511533333333,57.031303066666666
986.25,1046.3009564383806,60.05095643838058,False,0.8091504293333334,28.752504466666664,51.54958113333333
1149.6375,1139.4803445988696,10.157155401130467,False,0.879347218,33.4819584,59.38402526666668
621.6,573.7421918165418,47.857808183458246,False,0.4349046853333333,24.86980793333333,37.53728039999999
1076.428571,1190.5071601640457,114.07858916404575,False,0.92426021,29.10705953333333,54.622047866666655
1117.2625,1116.1038740073877,1.1586259926123148,False,0.8607233646666665,33.32365333333333,58.80879913333334
376.0,372.8288419460739,3.171158053926092,False,0.2735150473333333,25.79166053333333,34.815734666666664
920.2,1014.6117669287762,94.41176692877616,False,0.771698892,28.96689653333334,62.345989
633.1142857,626.134745122955,6.979540577044986,False,0.4664396726666666,28.8636616,49.925148466666656
718.7375,696.7171021948748,22.020397805125185,False,0.5304860364285712,29.360011642857145,44.37733914285714
277.1,258.74035023473215,18.359649765267875,False,0.1810435286666666,29.1820414,35.28159566666666
1024.1125,915.3371325070567,108.77536749294325,False,0.702748034,28.7853558,50.65149946666666
914.1,822.2032407179071,91.89675928209294,False,0.6257630746666667,29.9443218,51.73378113333333
673.6285714,624.1914659579846,49.43710544201542,False,0.4679868693333333,30.811049333333333,47.8363832
1047.842857,1006.6885834957752,41.154273504224875,False,0.7802876913333333,30.08868206666667,48.752494133333336
970.75,1060.5004406819276,89.75044068192756,False,0.8182360253333333,29.4800944,54.2505046
118.175,140.83082620524783,22.655826205247834,False,0.08716189,33.03212220000001,34.3384004
405.4,373.46245920102547,31.93754079897451,False,0.2754482242857142,24.25599892857143,32.83224278571429
827.2142857,752.8630073584378,74.35127834156219,False,0.5735764053333332,31.041467333333333,47.85286426666667
1041.985714,944.5155821618841,97.47013183811578,False,0.7324080378571429,29.03071592857143,45.404338142857135
1150.525,1348.164900018091,197.63990001809088,True,1.0477749826666665,30.58406566666667,60.62906306666667
1004.0375,963.2122481998705,40.825251800129536,False,0.7406104714285713,30.07889021428572,52.50944735714285
850.775,825.254729500248,25.520270499751973,False,0.6368961286666666,28.9149232,43.233393066666665
597.7714286,592.4848664201888,5.286562179811199,False,0.4472921486666666,34.043744000000004,44.28609193333333
409.5714286,427.02621675794666,17.454788157946666,False,0.319270414,23.30529986666667,32.51050999999999
395.0714286,445.49691570092017,50.42548710092018,False,0.330956198,28.67100406666667,38.05905166666666
781.225,710.3618752472566,70.86312475274337,False,0.544320384,27.122843333333336,40.93966879999999
702.0,689.0288478518945,12.971152148105489,False,0.5205349913333333,28.0176412,47.200712266666656
785.525,742.3044765903151,43.220523409684915,False,0.562169516,29.9996884,49.968572866666655
1279.366667,1365.8761723913808,86.5095053913808,False,1.0637222583333332,32.29975366666667,60.04074324999999
29.7375,54.89498589665436,25.15748589665436,False,0.0208843500333333,29.4541402,28.8870646
1165.857143,1271.473586055839,105.616443055839,False,0.988618098666667,30.10053313333333,56.94452306666666
1341.114286,1320.121148547713,20.9931374522871,False,1.0312303086666668,28.649094666666667,53.773537133333335
794.875,833.7154336025623,38.84043360256226,False,0.6400822713333334,26.43365886666667,45.66096399999999
735.95,763.7693560063642,27.81935600636416,False,0.5831875886666666,27.40662013333333,45.656620466666666
534.125,486.5358897332223,47.58911026677771,False,0.3666457480000001,24.982682266666668,34.559212133333325
66.3,81.92411119981584,15.624111199815843,False,0.0471279440666666,21.4945944,21.6351522
897.65,881.8789571311155,15.771042868884479,False,0.6764482221428572,26.82428842857143,48.745747214285714
837.8125,701.3415554949104,136.47094450508962,False,0.5363576693333331,25.257212400000004,40.66176133333333
1196.657143,1264.7123581291867,68.05521512918676,False,0.97745754,32.317808071428566,63.145581571428565
1330.5,1241.1965411451256,89.3034588548744,False,0.9654513833333332,30.398728400000003,55.526068
900.9142857,885.2171084988245,15.697177201175577,False,0.6782424946666668,33.41605233333334,52.4764444
41.04285714,60.34341653605759,19.300559396057587,False,0.0315773199333333,21.83029386666667,19.779553133333337
180.5714286,189.61838843704186,9.046959837041868,False,0.1278067490666667,28.59915553333333,31.82115473333333
175.75,167.4576443309663,8.292355669033697,False,0.112813087,23.8746256,26.81340946666667
507.1571429,480.7737005980502,26.3834423019498,False,0.354595126,25.63316453333333,41.67780593333334
651.825,666.9586754514642,15.133675451464114,False,0.4945148071428571,29.76473564285714,55.351970142857134
8.828571429,31.907366708824107,23.078795279824107,False,0.0079012560333333,21.586885533333334,20.010978066666667
0.0,27.6018086516081,27.6018086516081,False,9.44485646e-05,28.136104133333337,26.83467813333333
94.675,107.76744953127874,13.092449531278746,False,0.0685966837333333,21.887721666666664,21.544547666666663
1292.528571,1332.5403084791224,40.0117374791223,False,1.0389913628571428,29.59773042857143,56.443897500000006
482.475,518.7603764218011,36.28537642180106,False,0.3905541093333334,25.104416866666664,36.957327933333325
442.1875,407.1669608404238,35.020539159576174,False,0.3022549713333332,27.5691588,35.038138866666664
7.642857143,34.159990360852056,26.517133217852056,False,0.0070536268133333,25.386586466666667,24.1691102
187.4857143,244.87825709453745,57.392542794537434,False,0.1741178993333333,26.160349600000004,29.8308308
1053.985714,1044.1837783314486,9.801935668551323,False,0.8056238186666665,29.13891813333333,53.3879132
91.65,101.3699177030501,9.7199177030501,False,0.0596414616666666,24.9111592,26.31437593333333
1039.285714,1073.6732646567043,34.38755065670421,False,0.8256647073333334,31.90281766666666,58.44529793333333
602.0,574.777759217479,27.222240782521,False,0.4224988753333333,33.88692626666666,53.80755813333333
115.0285714,126.75172207597008,11.723150675970075,False,0.0836293638666666,21.591829466666663,21.91393233333333
839.1571429,815.4791969458834,23.677945954116694,False,0.6239884299999999,26.3615418,46.695184266666665
617.875,567.4355922991169,50.439407700883066,False,0.4304919446666666,26.519590333333333,37.54320873333334
832.075,837.8570024441432,5.7820024441431315,False,0.631655037142857,31.4721985,58.874195642857146
35.3375,59.994023140764874,24.656523140764875,False,0.0264554836,25.90362353333333,26.05394893333333
416.4142857,374.4177157195733,41.99656998042667,False,0.2764912,27.16989953333333,33.85005699999999
500.7428571,513.315693947487,12.572836847487054,False,0.3860812566666666,26.405902066666663,37.5282734
82.98571429,116.59606614554883,33.61035185554883,False,0.0711483807333333,27.9018616,28.519918
91.44285714,110.9103380159228,19.467480875922803,False,0.0651276525,28.608535642857145,30.09376085714285
1104.5125,1099.009401817481,5.503098182519125,False,0.8546898013333333,29.279667000000003,49.60990173333333
729.0125,654.1348238560741,74.8776761439259,False,0.4934305533333333,29.6892496,46.51825533333333
1181.542857,1216.28963205017,34.74677505017007,False,0.9393533653333334,32.5261004,61.743723933333335
0.0,24.619421469290163,24.619421469290163,False,0.0010673070493333,22.802852266666665,21.3380066
75.85714286,92.76743922761118,16.91029636761118,False,0.0563336587333333,22.062723666666667,21.586832733333328
882.2875,870.2805507878995,12.006949212100494,False,0.6706322820000001,27.206691533333327,45.463765
324.1571429,298.65688516367675,25.50025773632325,False,0.2161607053333333,27.53361213333333,32.33926173333334
664.325,611.2143118905527,53.110688109447324,False,0.4602610826666666,27.449349066666663,43.6625044
1179.2875,1164.2405785130427,15.046921486957217,False,0.89846418,28.989419142857145,58.54648692857143
36.61428571,59.994023140764874,23.379737430764877,False,0.0264554836,25.90362353333333,26.05394893333333
1147.1125,1244.7423285763325,97.62982857633256,False,0.9652258986666667,31.597302133333333,58.96815806666666
343.725,313.9167499856455,29.80825001435454,False,0.2222456033333333,27.874310399999995,38.48475933333333
1294.028571,1327.7770784247655,33.74850742476542,False,1.0379223366666668,26.655895933333333,52.52440386666667
1041.025,969.6470980862623,71.37790191373779,False,0.7431429239999999,33.7554728,56.660072933333325
33.0875,51.48869025270152,18.401190252701518,False,0.0236337368666666,21.860400400000003,20.4303872
1224.057143,1052.5400513661525,171.51709163384749,False,0.8168375646666667,28.60254713333333,49.08473493333334
1158.075,915.3371325070567,242.73786749294334,True,0.702748034,28.7853558,50.65149946666666
673.95,628.466644662805,45.48335533719501,False,0.4748543633333333,24.661753399999995,42.03903773333332
1156.95,1348.164900018091,191.21490001809093,True,1.0477749826666665,30.58406566666667,60.62906306666667
776.7285714,732.4978689801046,44.23070241989535,False,0.5586564773333333,25.75082,43.90548686666667
479.1714286,443.2866530201928,35.88477557980724,False,0.3338253060000001,26.54801433333333,32.771891
1137.8125,1154.878743889425,17.066243889425095,False,0.8927997,32.26669699999999,58.0866006
844.8875,827.9947827558199,16.892717244180176,False,0.6374122793333333,27.20111693333333,44.107206266666665
30.3625,56.7580990858253,26.3955990858253,False,0.0236255477666666,26.354187066666668,26.4137554
720.575,834.6735767547199,114.09857675471983,False,0.638300066,29.892468333333333,49.5533302
1117.15,1095.1558232762418,21.9941767237583,False,0.8488509206666665,29.315938266666667,52.12607433333333
911.525,866.9477709021285,44.57722909787151,False,0.66640501,29.011586333333334,47.639289111111104
735.9875,680.5129344965993,55.47456550340064,False,0.519743282,24.83987853333333,40.04876733333333
1050.585714,1038.2763054536272,12.309408546372879,False,0.8011747426666667,28.8662964,52.901754
11.75,40.435295953147,28.685295953146998,False,0.00914994484,29.243110933333337,28.6825074
490.4857143,572.6098998807355,82.12418558073551,False,0.42740474,29.107385266666668,45.503061933333335
276.8625,273.23094525472686,3.6315547452731494,False,0.193777918,27.25204246666667,33.650572000000004
183.3375,208.02795759804903,24.690457598049022,False,0.1471483106666666,22.4391438,25.193231133333327
695.5875,697.1452062833101,1.5577062833101536,False,0.5357404813333333,26.6822978,38.64299933333333
0.0,26.94057648067767,26.94057648067767,False,0.0001930037933333,25.35520226666667,25.034010666666664
452.5571429,462.0477901140715,9.490647214071544,False,0.3453362106666667,27.406433066666665,36.756546933333325
508.9,497.619344044948,11.280655955051998,False,0.3741500186666666,26.485955866666668,36.686997266666665
217.0285714,206.53508099555216,10.49349040444784,False,0.1418597668571428,27.56227564285714,31.202229142857146
125.975,139.5631799266601,13.588179926660104,False,0.0946579585333333,22.2525206,21.710430866666663
271.1571429,261.506222285054,9.650920614946017,False,0.186726818,27.037646333333328,31.166569066666664
0.0,21.64251312783538,21.64251312783538,False,0.0003840421982142,21.65635885714285,19.201869428571428
403.375,362.4264364506148,40.9485635493852,False,0.2681349153333333,23.364750200000003,30.827225666666664
1051.5625,941.226436965404,110.33606303459601,False,0.719329505,29.61952421428572,55.34798971428572
140.4875,151.72293072879265,11.235430728792636,False,0.1017261071999999,23.138751200000005,24.801971466666664
118.6125,120.62357502374019,2.01107502374019,False,0.0771933347333333,22.155832933333333,23.475118133333336
62.98571429,85.79223889349615,22.80652460349615,False,0.0440678129333333,31.256394333333333,31.672898466666663
502.7714286,495.1648938967772,7.606534703222792,False,0.3730011899999999,25.96112293333333,35.6540122
965.0125,870.6907992555706,94.32170074442945,False,0.6753042113333334,25.79386393333333,40.80645753333332
843.5714286,782.2856368960877,61.28579170391231,False,0.6021715766666667,28.496042933333328,42.57935760000001
66.57142857,84.18007736486915,17.608648794869154,False,0.0458670224666666,25.6956218,26.355127000000003
440.9571429,449.79542344681033,8.838280546810324,False,0.337822402,24.35052086666667,33.07170006666667
35.7375,62.00193003985657,26.26443003985657,False,0.0265550992666666,29.59416113333333,29.093566866666663
814.6857143,664.5867527314551,150.09896156854484,False,0.5060438120000001,29.012854,42.45200799999999
279.4,291.4754157590836,12.075415759083626,False,0.2081180433333333,30.808199066666667,35.76615826666667
612.2571429,513.0884966473359,99.16864625266408,False,0.3712747633333333,29.742185466666665,52.615881266666655
257.2428571,258.48752988827937,1.244672788279388,False,0.1875066193333333,24.505352933333327,27.033671066666663
532.4875,593.4807614697902,60.99326146979024,False,0.4489735653333333,29.177992733333337,41.37456040000001
809.3,798.6730743537788,10.626925646221139,False,0.6134782713333334,27.842344266666668,44.2842408
734.5571429,741.1913752354343,6.6342323354342625,False,0.5593601680000001,32.37420473333333,52.76566173333333
506.8,482.82763909058576,23.97236090941425,False,0.3646781813333333,23.96825553333333,33.11916906666667
725.625,912.161506180502,186.536506180502,True,0.6977725753333333,34.48483913333333,55.32990506666666
415.4714286,408.46865211503734,7.002776484962681,False,0.3050666364285714,24.27014585714286,31.983365928571427
889.0625,812.4998201361146,76.56267986388536,False,0.62278731,29.8473918,47.0438902
127.2,133.45253628226948,6.2525362822694746,False,0.0864726348666666,24.191860066666663,25.512402466666668
827.4714286,764.2377121856915,63.23371641430845,False,0.5856356821428572,26.354372285714287,43.27517914285714
562.5125,494.27033557641823,68.24216442358181,False,0.374390925,24.324541357142856,32.964675928571424
347.575,376.7742766590089,29.199276659008888,False,0.2812749706666666,24.44554646666667,30.010496
965.35,951.2751837854156,14.074816214584416,False,0.7325971326666667,27.489748066666667,49.733946
70.1,90.59176728204548,20.491767282045487,False,0.0509663638,25.6725036,26.492338066666665
648.2,681.3146129362235,33.114612936223466,False,0.5136740935714285,32.802505857142854,49.77019207142857
845.7142857,1131.66825196438,285.95396626438,True,0.869908956,32.5278644,61.80199160000001
119.975,140.83082620524783,20.855826205247837,False,0.08716189,33.03212220000001,34.3384004
159.2571429,185.05735698872266,25.80021408872267,False,0.1320388563333333,22.4990804,21.7430604
302.7142857,386.0054573012233,83.29117160122331,False,0.291636115,23.072224285714285,26.810551285714286
557.85,510.1153523513358,47.734647648664236,False,0.3833396619999999,25.527582066666668,37.25813600000001
584.2285714,528.0987221787362,56.129849221263726,False,0.3998539546666666,27.8538696,36.6129212
397.6285714,364.1827216880354,33.44584971196463,False,0.2725619585714286,23.184509285714288,27.96154764285714
975.8714286,928.5827424120129,47.28868618798708,False,0.7147616046666667,28.17348426666668,49.310594
57.4375,76.92352381830023,19.486023818300225,False,0.039089017,29.038175466666665,28.573687866666667
1118.8625,1110.0970456099362,8.765454390063724,False,0.8597301164285714,27.848698214285715,52.77142364285714
410.1714286,373.46245920102547,36.708969398974546,False,0.2754482242857142,24.25599892857143,32.83224278571429
220.2,215.66081749147608,4.539182508523908,False,0.1492800746666666,26.624064000000004,30.85439253333333
7.157142857,31.729170319698945,24.572027462698944,False,0.00783505386,21.150111866666663,19.747505800000003
0.0,24.28660797091312,24.28660797091312,False,0.0001250367553333,24.372711266666663,22.6416768
1166.9125,1073.6732646567043,93.2392353432956,False,0.8256647073333334,31.90281766666666,58.44529793333333
176.8571429,194.34617179768546,17.489028897685444,False,0.1312115527333333,25.179372266666665,30.78227753333333
323.525,321.57904010931463,1.9459598906853444,False,0.2322751866666666,29.1915486,35.55735073333334
497.6625,480.587947428625,17.074552571375023,False,0.3585119633333332,28.175795466666663,38.97982593333333
148.2571429,172.10325983716112,23.846116937161128,False,0.1196465384666666,22.075207466666665,23.212565
652.7125,665.3120736230652,12.599573623065226,False,0.5072556953333333,26.5218384,40.79867733333334
875.5,872.6040178364915,2.8959821635085063,False,0.67195934,27.677307066666668,46.2067344
1097.3,1046.6894798991084,50.61052010089156,False,0.813000858,28.1994974,48.014198666666665
1004.8,1232.153234338943,227.35323433894314,True,0.9516839406666668,28.785264266666665,60.75704953333334
10.9,40.87606157269225,29.976061572692252,False,0.0104024432133333,27.792637066666668,27.22354733333333
1185.814286,1178.728983616552,7.085302383448152,False,0.9129294213333332,30.19451906666667,56.65431326666666
1028.825,1132.9760587004916,104.1510587004916,False,0.8805713933333333,29.448215866666665,51.5198242
322.4285714,314.17174517439804,8.25682622560197,False,0.223404308,31.29693813333333,39.07873533333333
768.4,718.9270680466396,49.47293195336033,False,0.5521471146666667,26.016273933333327,39.71077913333334
423.6142857,403.43632759483904,20.17795810516094,False,0.299662534,23.168194600000003,32.699511466666664
404.7428571,331.1516150269932,73.59124207300675,False,0.2420931633333333,24.688751333333336,31.77211313333333
0.0,22.93819779836612,22.93819779836612,False,0.000426552467,22.331740266666667,20.44576413333333
1218.185714,1240.2726769555552,22.086962955555236,False,0.9600062992857142,32.36792450000001,60.75254
981.0285714,1001.2015443514009,20.17297295140088,False,0.7722379753333333,27.690804,51.029305
748.6125,723.6240010067685,24.988498993231474,False,0.5473548466666667,29.9082072,49.460659
350.7428571,395.6833063457199,44.94044924571995,False,0.2912888885714286,32.67632835714286,38.693878142857145
433.0428571,394.3117700726827,38.7310870273173,False,0.2913128866666666,29.56562293333333,36.276623400000005
258.3,251.19919340263598,7.100806597364027,False,0.1755969835714285,31.90710457142857,35.77269607142857
1056.185714,889.7182284993474,166.46748550065251,False,0.6841737733333335,27.55344846666667,47.8497312
293.6571429,432.06812319412313,138.41098029412314,False,0.3150899026666667,34.02411533333334,44.905969266666666
94.475,107.76744953127874,13.292449531278749,False,0.0685966837333333,21.887721666666664,21.544547666666663
537.1857143,561.1582360347498,23.972521734749876,False,0.4202787366666667,26.58655813333333,42.300410866666674
564.4857143,487.1319742195151,77.35374008048495,False,0.3701208159999999,23.990735,31.34313753333333
753.3428571,747.0367511904079,6.30610590959202,False,0.5722872473333334,26.1179402,42.4683164
965.3285714,1154.1031641093746,188.7745927093746,True,0.8971673586666666,28.4727662,51.776054
1032.025,924.688678184941,107.33632181505914,False,0.7181465133333333,28.7229654,43.40939126666667
773.1142857,889.7182284993474,116.60394279934746,False,0.6841737733333335,27.55344846666667,47.8497312
151.55,172.10325983716112,20.553259837161107,False,0.1196465384666666,22.075207466666665,23.212565
132.9,146.51422974890409,13.61422974890408,False,0.0945128417142857,27.601739071428568,29.47836742857143
1188.233333,1365.8761723913808,177.6428393913809,True,1.0637222583333332,32.29975366666667,60.04074324999999
0.0,24.391148404665735,24.391148404665735,False,3.9083115333333336e-05,23.5830486,22.460372
646.3,642.5114489411035,3.7885510588964735,False,0.484228046,32.45574533333333,47.4088624
10.3375,33.251371890772205,22.913871890772207,False,0.00961781414,23.151116866666666,20.113913933333333
24.425,50.54034262090947,26.11534262090947,False,0.0182621793333333,26.3341512,26.6526916
319.34,427.95719561582416,108.61719561582419,False,0.3223960490909091,23.530553636363635,30.40324263636364
864.0428571,902.1033127957713,38.06045569577134,False,0.6939978406666665,27.173240066666672,47.9939452
157.0428571,169.23109969078615,12.18824259078616,False,0.117114942,22.607889933333336,23.6078104
555.5428571,584.8924274211105,29.34957032111049,False,0.4418567756666667,29.92045486666667,41.76569859999999
750.3375,883.6180584600831,133.28055846008317,False,0.6801754139999999,31.361989333333334,48.560525000000005
948.9,966.2564401446559,17.35644014465595,False,0.7428897426666667,33.727413,54.2896504
322.1285714,348.74641353292947,26.617842132929468,False,0.2582670813333333,23.800502533333333,29.75697633333333
517.825,461.9945706541948,55.83042934580527,False,0.348691926,24.85946453333333,32.48247873333333
357.95,376.7742766590089,18.824276659008888,False,0.2812749706666666,24.44554646666667,30.010496
617.4714286,616.7987148579105,0.6727137420895133,False,0.4668261126666666,29.21803193333333,42.5737022
1010.275,969.3118059064409,40.96319409355908,False,0.7466439013333332,30.864174466666668,51.88567106666667
530.6888889,480.587947428625,50.10094147137505,False,0.3585119633333332,28.175795466666663,38.97982593333333
0.0,24.146167845371806,24.146167845371806,False,0.0008405371983333,23.3181456,21.41036373333333
556.675,474.0542231716374,82.62077682836258,False,0.3448840357142857,27.98836207142857,46.6177065
186.4125,192.79343502694636,6.380935026946361,False,0.1354008960666666,22.74705013333333,24.6323364
0.0,1216.3093219758712,1216.3093219758712,True,0.9434325606666668,30.082822666666665,56.89508453333334
933.525,969.3118059064409,35.78680590644092,False,0.7466439013333332,30.864174466666668,51.88567106666667
123.2875,141.15069674740127,17.863196747401275,False,0.0933161474666666,22.482625266666663,24.277018266666666
1151.485714,1047.3977503224673,104.08796367753257,False,0.812712094,26.824531933333333,48.231018133333336
1026.6625,1044.4126863397055,17.75018633970558,False,0.8090980026666666,28.899194400000003,50.217022533333335
671.3714286,606.6841467696111,64.68728183038888,False,0.4611857686666666,25.999422266666667,38.70590013333334
707.0142857,706.0006099475507,1.0136757524492168,False,0.5360867057142857,26.705200071428568,45.106050571428575
986.2125,927.2808336870776,58.9316663129224,False,0.7097949053333333,30.076267400000003,53.77259313333333
109.625,114.20448365898956,4.57948365898956,False,0.0749735576,21.4259318,20.3191406
425.4857143,424.62057009707206,0.8651442029279224,False,0.3109964793333333,33.04103613333332,42.6021344
1188.471429,1219.7474451831376,31.2760161831377,False,0.9426408173333332,27.962141933333328,59.34772946666667
536.7875,484.2361842640892,52.551315735910805,False,0.3633331566666667,26.5449136,36.56665873333333
411.4,369.55467772546075,41.84532227453923,False,0.2724546621428571,25.529737071428567,33.1866565
1234.2375,1269.5901085395753,35.352608539575385,False,0.9900746606666666,28.609558066666665,53.49905786666666
504.0,518.7603764218011,14.760376421801084,False,0.3905541093333334,25.104416866666664,36.957327933333325
683.3428571,595.6295100109593,87.71334708904067,False,0.454945416,24.945296133333336,35.61483133333333
811.8142857,830.0946541839619,18.280368483961865,False,0.6382544986666667,27.6148946,45.10698460000001
395.8,398.31549147853053,2.515491478530521,False,0.289312882,34.6127872,43.38971593333332
643.1125,640.7983449256865,2.314155074313476,False,0.4845541833333333,26.1504356,43.0666302
789.1375,706.9074910077,82.2300089923001,False,0.5378590466666667,31.09232593333333,46.04329853333333
843.825,737.3870235402643,106.43797645973575,False,0.56387132,27.864129466666668,43.693817200000005
85.075,115.9935875024916,30.91858750249159,False,0.0703570209333333,26.4737508,28.1798118
0.0,30.11863963546893,30.11863963546893,False,0.001841024544,28.495518,27.285992266666668
32.5875,52.89505921513107,20.30755921513107,False,0.0218913211333333,24.373624600000003,24.219653266666665
784.6125,686.4015580578281,98.21094194217187,False,0.5218388100000001,28.167818333333337,44.0384016
527.5857143,543.4252192639465,15.839504963946524,False,0.4040820713333333,32.41062673333334,46.36569013333333
440.5571429,408.80119825796686,31.755944642033114,False,0.3038333933333333,26.13088566666667,34.19353846666667
201.8,199.50139085734187,2.2986091426581368,False,0.1389610499999999,22.61050626666667,26.383687266666666
1051.428571,1025.9915802362282,25.436990763771746,False,0.7917845233333333,29.7818786,52.660978
276.0142857,271.120869910689,4.893415789311007,False,0.1932886153333333,26.307415666666667,32.08403093333333
248.2875,303.1108603466743,54.82336034667432,False,0.224655888,23.399713266666662,26.031282600000004
1071.1,1043.6595178248272,27.440482175172747,False,0.8011804564285713,32.15694978571428,58.43889107142857
17.275,43.06988118191607,25.794881181916068,False,0.0139073641466666,24.9734254,24.41195066666667
814.0714286,719.1044109067841,94.9670176932159,False,0.5456316214285714,29.397380285714288,47.38953071428571
146.8428571,172.10325983716112,25.260402737161115,False,0.1196465384666666,22.075207466666665,23.212565
948.9142857,969.6470980862623,20.732812386262253,False,0.7431429239999999,33.7554728,56.660072933333325
342.7571429,326.9638236126771,15.793319287322902,False,0.238490188,27.34741213333333,33.07997246666667
579.6714286,664.5867527314551,84.91532413145512,False,0.5060438120000001,29.012854,42.45200799999999
603.1714286,600.1109537123018,3.0604748876982057,False,0.4586929053333333,24.477518733333334,35.34433613333334
680.05,741.1913752354343,61.14137523543434,False,0.5593601680000001,32.37420473333333,52.76566173333333
60.5,89.93659742830059,29.436597428300587,False,0.0509346373333333,25.624135333333328,25.999684533333333
328.575,350.0799109853592,21.50491098535923,False,0.24348246,32.707593357142855,48.42773878571429
590.5625,579.2243472059806,11.33815279401938,False,0.4341309313333333,26.98462526666667,43.369055266666656
819.8857143,782.8127321791804,37.072982120819574,False,0.6008947264285714,30.38283207142857,44.99036521428571
1185.128571,1202.2352772775412,17.106706277541207,False,0.9288445293333332,30.986580466666663,60.1309834
922.2714286,902.1033127957713,20.168115804228705,False,0.6939978406666665,27.173240066666672,47.9939452
1325.071429,1232.153234338943,92.91819466105699,False,0.9516839406666668,28.785264266666665,60.75704953333334
814.1714286,758.9682586764923,55.203169923507744,False,0.581595316,30.592580066666667,44.846677466666655
307.075,283.1665791339523,23.908420866047663,False,0.2060087846666666,23.45101913333333,28.194765
90.5,109.71875875579919,19.218758755799186,False,0.0632720198666666,30.095953266666665,31.55705773333333
566.3375,513.315693947487,53.02180605251294,False,0.3860812566666666,26.405902066666663,37.5282734
1293.6,1332.5403084791224,38.94030847912245,False,1.0389913628571428,29.59773042857143,56.443897500000006
925.9625,947.9044434258809,21.941943425880936,False,0.7252745073333334,29.966066466666664,55.059627
1046.625,777.4291995139316,269.1958004860684,True,0.5918467893333333,32.06863799999999,50.04413893333333
505.4571429,519.8296631702412,14.372520270241239,False,0.3929178906666667,25.088962666666667,35.562813133333336
772.1,695.6568581560009,76.44314184399911,False,0.5257635171428571,29.282915285714285,47.94010285714285
111.55,137.99901387179287,26.44901387179287,False,0.08722808,28.11065073333333,29.98121346666667
734.65,683.8315339852833,50.818466014716705,False,0.5331907740000001,26.463971,30.740364866666663
0.0,25.828129129594956,25.828129129594956,False,0.0008627212413333,24.28921113333333,23.09669193333333
209.6375,225.7585622935007,16.1210622935007,False,0.1567773945333333,28.263501133333328,32.293276
621.9875,599.4731447093856,22.51435529061439,False,0.4540012586666666,25.058563266666663,39.48617746666665
940.9857143,1056.680260614854,115.69454631485394,False,0.8117554566666667,30.752172866666665,57.925577800000006
213.975,220.8703767290039,6.895376729003914,False,0.1566565473333333,22.7777608,26.293044066666663
556.9666667,633.4188019862695,76.45213528626948,False,0.480327483076923,28.47627846153846,42.37028861538461
1228.728571,1298.4237366215361,69.69516562153603,False,1.008637932,32.030253133333325,59.7176536
659.3,636.3559941814767,22.944005818523237,False,0.4816808006666666,31.278884,44.566937
168.7,169.44323903812187,0.7432390381218852,False,0.1128437932,26.589176466666665,29.4781636
211.4,224.25307801054672,12.85307801054671,False,0.1616571346666666,24.464884533333333,24.944256533333338
138.6,148.29344851793974,9.693448517939743,False,0.0971864702,26.33208213333333,27.7955018
577.7,528.0987221787362,49.60127782126381,False,0.3998539546666666,27.8538696,36.6129212
256.5875,240.2866016753174,16.300898324682578,False,0.1652971236,30.436910066666663,36.399023133333344
596.2125,562.7213720548715,33.49112794512848,False,0.4278343173333333,24.52345993333333,35.5528282
175.5571429,208.171618578887,32.614475678887004,False,0.1471822867333333,23.208211133333336,25.60406513333333
1001.9,1001.2015443514009,0.6984556485990652,False,0.7722379753333333,27.690804,51.029305
32.175,53.51687467616979,21.341874676169795,False,0.0245571073333333,21.9280518,21.149878
203.5142857,206.59261866494788,3.07833296494789,False,0.14642804,22.7378764,24.8963014
180.9,189.61838843704186,8.718388437041853,False,0.1278067490666667,28.59915553333333,31.82115473333333
389.875,378.5441433109006,11.330856689099392,False,0.2771371,27.911383066666662,36.725531333333336
928.0125,856.6037662702165,71.40873372978353,False,0.661408742,26.326908333333336,43.22573646666668
642.3142857,878.308257631468,235.99397193146797,True,0.6735253459999999,31.263549933333337,50.6611794
602.15,599.1858345680795,2.9641654319204918,False,0.4533658826666666,34.73750799999999,44.045326466666666
637.1375,599.4731447093856,37.66435529061448,False,0.4540012586666666,25.058563266666663,39.48617746666665
1201.3,1236.3310455342043,35.031045534204395,False,0.9587208273333332,30.648152666666665,58.192274733333335
150.9875,163.83918356115578,12.851683561155767,False,0.1091103762666666,25.315805933333333,28.12346393333333
45.35,81.26285413196024,35.91285413196024,False,0.045347547,22.335686384615386,23.15451523076923
160.3625,160.67996922120867,0.31746922120865406,False,0.1060586724666666,26.71589153333333,29.159596866666664
561.025,567.8315934170828,6.806593417082809,False,0.4285554833333333,27.74402266666667,40.183040466666654
118.8142857,126.24094669484828,7.426660994848277,False,0.0824505469333333,22.765519200000004,23.1308492
353.95,384.30993826257856,30.359938262578567,False,0.2769386199999999,32.6388932,43.367417200000006
314.3,311.11391983595405,3.1860801640459613,False,0.2291173557142857,23.20470971428572,27.90720492857143
511.8,527.9637716274119,16.163771627411904,False,0.4016198786666667,24.25037833333333,33.30309460000001
1238.0375,1306.6824832104949,68.64498321049496,False,1.0191046553333334,28.590588400000005,54.7813884
490.225,492.5054607644364,2.280460764436384,False,0.3698281293333333,25.16537493333333,36.236173666666666
341.5428571,330.90553279848456,10.637324301515434,False,0.2446230293333333,22.696124266666665,28.3609558
790.4,706.7874299936004,83.61257000639955,False,0.5377807876923076,32.96533184615384,46.83451484615385
1290.257143,1246.4803164998516,43.776826500148445,False,0.97148052,27.86127913333333,52.84501126666667
543.85,484.2361842640892,59.613815735910805,False,0.3633331566666667,26.5449136,36.56665873333333
794.65,770.6740447767638,23.975955223236156,False,0.5834999766666668,29.7998332,51.68366739999999
704.35,618.666020039939,85.68397996006104,False,0.4727646679999999,24.93256013333333,36.6068582
63.9,85.05807012951192,21.15807012951192,False,0.0503953045333333,21.3506612,20.921696
691.2142857,623.5425133319626,67.67177236803741,False,0.4697288307142857,27.93121328571429,44.468571
73.1875,90.08894735799323,16.901447357993234,False,0.0539561357142857,21.610323285714287,21.56044657142857
358.375,356.1202973537607,2.254702646239309,False,0.2642032693333333,23.83686933333333,29.87518726666667
512.1857143,468.5307671585763,43.65494714142369,False,0.3462306933333333,34.430942666666674,43.9206158
1074.271429,1079.0870507603381,4.815621760338217,False,0.8341566393333333,29.217750933333328,53.50141380000001
172.2375,219.25544297830172,47.017942978301704,False,0.1582885586666666,23.54695426666667,23.866823333333336
593.4625,556.617976315693,36.84452368430698,False,0.41958991,26.297007333333337,39.343784466666655
1275.0125,1243.0956442080924,31.916855791907665,False,0.962788822,31.614807133333333,59.99013253333333
260.2625,277.916065716599,17.65356571659902,False,0.1959377942857142,32.512230571428574,37.494888142857135
718.0875,632.4274367910386,85.66006320896133,False,0.4784254099999999,29.053249066666663,43.63637693333334
456.7125,443.61669546626484,13.095804533735134,False,0.3286678413333333,29.6577312,39.18270073333333
9.942857143,34.51459666815447,24.57173952515447,False,0.00798223048,24.8869608,23.35773320000001
6.2625,32.716254103760384,26.453754103760385,False,0.0059234326933333,25.811604733333333,24.302943866666663
571.7,635.7877443401775,64.08774434017744,False,0.4793892407142857,33.09783492857143,47.05743857142858
510.3375,445.0624443240102,65.27505567598979,False,0.3370152366666666,24.808402466666667,30.401300066666664
1220.128571,1235.8329535547941,15.704382554794165,False,0.9587958633333332,31.56218266666667,58.13640526666666
5.575,32.592196825880315,27.017196825880315,False,0.0059466362266666,25.260909000000005,23.9481894
653.4,641.611780418506,11.78821958149399,False,0.4867305466666667,25.66906733333333,41.449745733333344
150.8125,172.10325983716112,21.29075983716112,False,0.1196465384666666,22.075207466666665,23.212565
12.91428571,38.6699437599602,25.755658049960196,False,0.00998024594,26.836218333333328,25.515785533333336
426.0142857,463.565870847889,37.551585147889,False,0.344954196,34.35660993333333,41.28059066666666
638.4875,593.4085041344151,45.07899586558483,False,0.4474333473333334,27.166434800000005,41.88674519999999
370.3142857,338.2540779333044,32.06020776669561,False,0.2474112733333333,25.1799176,32.45616233333334
452.075,416.16538302930627,35.90961697069372,False,0.302484416,32.34491993333334,43.7751686
1272.042857,1084.1946782204182,187.84817877958176,True,0.8371243526666667,33.64918780000001,56.556677533333335
343.2714286,425.27411807378354,82.00268947378356,False,0.3124267953333332,26.8318298,39.08195373333332
1106.685714,1202.2352772775412,95.54956327754121,False,0.9288445293333332,30.986580466666663,60.1309834
798.725,798.6730743537788,0.05192564622120699,False,0.6134782713333334,27.842344266666668,44.2842408
764.4571429,803.8290535262431,39.37191062624311,False,0.6172084186666666,26.939325000000004,44.3578572
476.675,469.06965452129,7.605345478710035,False,0.353673456,24.273189266666662,32.9937198
1098.575,1074.300083869081,24.27491613091911,False,0.8336664386666666,30.1848064,50.714097
44.92857143,63.652557090138465,18.723985660138467,False,0.0331196089333333,21.563067533333328,20.756795266666668
919.2,927.0265082115561,7.8265082115560745,False,0.7142683660000001,28.210111600000005,48.59591266666667
766.8125,749.1751675152713,17.637332484728745,False,0.5750738046666666,26.4731404,41.65764953333333
152.0375,166.8998583903024,14.862358390302404,False,0.1109690122,26.434037266666667,29.21453033333333
557.7714286,529.0938971534787,28.677531446521357,False,0.3971458206666666,29.8809834,40.778582533333335
138.2142857,150.5128570285955,12.2985713285955,False,0.0971044788,27.9943766,30.289263866666666
860.425,931.599857927438,71.1748579274381,False,0.7114153480000001,28.038039066666663,54.683736466666666
1183.2,1183.5452822276698,0.3452822276697134,False,0.917001178,30.10877073333333,56.5026448
190.6142857,201.82978607398135,11.215500373981342,False,0.138821146,27.1594952,30.26335453333333
813.7428571,898.2978733255638,84.5550162255638,False,0.693143726,27.63543293333333,46.078991866666655
1029.585714,1039.7009934688144,10.115279468814379,False,0.8024272126666667,28.6851826,52.74471266666666
273.9857143,258.74035023473215,15.245364065267836,False,0.1810435286666666,29.1820414,35.28159566666666
169.025,169.58297787401438,0.5579778740143695,False,0.1175455726666666,21.834507400000003,23.14069626666667
0.0,23.505350845065124,23.505350845065124,False,0.0002446326267021,22.18672828571429,20.98682278571429
722.4428571,651.3849628614234,71.05789423857652,False,0.4960136759999999,26.57368573333333,40.655814933333325
70.4,83.93419922347016,13.534199223470154,False,0.0505427079333333,21.30387786666667,19.903894
10.1,37.035133715431826,26.935133715431824,False,0.0084486021133333,26.634965,25.6072164
173.0857143,182.19919150870203,9.113477208702022,False,0.1235097679333333,26.824678533333337,29.386724733333327
182.3125,188.78823628472446,6.475736284724462,False,0.1274455812,26.798168933333333,30.744077466666667
0.0,28.650332823106886,28.650332823106886,False,0.003851879775,22.494378142857144,21.69032292857143
109.475,121.48484332525304,12.009843325253044,False,0.0792696434666666,22.13967073333333,22.189410333333328
44.35714286,62.172862773200066,17.815719913200063,False,0.0316197704666666,22.0364666,21.229018066666665
543.1857143,461.9945706541948,81.1911436458052,False,0.348691926,24.85946453333333,32.48247873333333
355.9375,351.39678401157613,4.5407159884238695,False,0.2568065713333334,27.230830933333333,34.6317082
171.275,167.4576443309663,3.8173556690337023,False,0.112813087,23.8746256,26.81340946666667
641.1625,659.8811401667331,18.718640166733053,False,0.5047613450000001,28.5198495,39.834891285714285
481.65,512.5983942134211,30.948394213421125,False,0.3905848053333332,24.471148666666664,31.939571
327.4714286,358.22314684355473,30.751718243554706,False,0.260346758,33.86159653333333,39.419075933333325
0.0,25.87995765141182,25.87995765141182,False,4.9854124400000006e-05,27.1471252,25.1309936
867.8,719.1044109067841,148.69558909321586,False,0.5456316214285714,29.397380285714288,47.38953071428571
1033.842857,998.69067402986,35.152182970140075,False,0.77591557,27.452661200000005,45.572745666666655
47.02857143,76.85331683979939,29.82474540979939,False,0.0388465545,26.430651071428567,27.618528142857144
14.825,35.04103931624188,20.21603931624188,False,0.0112265629133333,21.6234394,19.321281066666668
8.425,40.435295953147,32.01029595314699,False,0.00914994484,29.243110933333337,28.6825074
802.4714286,881.8789571311155,79.40752853111553,False,0.6764482221428572,26.82428842857143,48.745747214285714
1082.714286,1099.009401817481,16.29511581748102,False,0.8546898013333333,29.279667000000003,49.60990173333333
856.2625,814.9482062597972,41.31429374020286,False,0.6257596313333335,28.347310466666663,45.494661266666654
627.1714286,561.9170815141517,65.25434708584828,False,0.4242669086666667,28.490726733333336,39.98254813333334
920.8714286,1016.5566266122406,95.68519801224068,False,0.7878660286666666,31.50729773333333,49.84449266666666
741.2625,742.4710511787399,1.2085511787398673,False,0.5679321226666665,27.136891666666664,43.47980553333333
151.6714286,158.81894038232608,7.147511782326063,False,0.1090379683333333,22.45271393333333,23.1112346
931.8428571,894.0774351004716,37.76542199952837,False,0.685881602,30.158901066666665,50.718400200000005
406.4857143,435.2130256854214,28.727311385421444,False,0.319140978,32.39553246666666,42.82737193333334
946.7375,779.5665320520454,167.17096794795452,False,0.592244042,28.858711866666663,49.9206544
0.0,25.769239059729117,25.769239059729117,False,0.0001658766313333,26.056652733333333,24.46637366666667
34.75,53.51687467616979,18.76687467616979,False,0.0245571073333333,21.9280518,21.149878
701.2571429,595.8257037488819,105.43143915111807,False,0.444713674,31.511543666666668,48.153831
202.9714286,199.50139085734187,3.4700377426581213,False,0.1389610499999999,22.61050626666667,26.383687266666666
489.7285714,523.0650406986846,33.33646929868456,False,0.3957623673333333,25.354199066666663,35.498592200000004
1181.8375,1121.2603541867425,60.57714581325763,False,0.8679127513333332,30.166768533333336,54.67960166666667
1078.2,861.4391641904191,216.76083580958095,True,0.6577993407142857,30.526469571428567,52.11067421428572
595.675,657.2105959991483,61.53559599914831,False,0.495956084,29.553806533333333,46.45627853333334
0.0,27.595508411199777,27.595508411199777,False,0.0013383184030266,25.0308594,24.326002933333328
1217.071429,1236.7667126311435,19.69528363114341,False,0.9566406293333332,33.185274066666665,61.56432686666666
128.66,139.6306830169239,10.970683016923914,False,0.0901317685454545,24.278403545454545,26.86244345454546
516.2714286,545.7112388068774,29.439810206877382,False,0.4094128093333333,28.5019692,41.4494812
637.3,573.7421918165418,63.55780818345818,False,0.4349046853333333,24.86980793333333,37.53728039999999
712.1428571,657.201953214564,54.940903885436,False,0.5010602806666667,26.182826666666664,40.22812886666667
92.14285714,102.6338362252076,10.490979085207599,False,0.0630958514666666,21.6540956,22.649001066666667
265.5142857,273.12068537029677,7.606399670296753,False,0.201037406,23.307012799999995,25.084910200000003
550.1,544.2359728323756,5.864027167624386,False,0.403045044,27.300339800000003,45.74378906666668
471.4571429,487.1319742195151,15.674831319515079,False,0.3701208159999999,23.990735,31.34313753333333
686.0285714,654.1348238560741,31.893747543925883,False,0.4934305533333333,29.6892496,46.51825533333333
1023.857143,936.2936856891769,87.56345731082308,False,0.7204248719999999,27.3343506,49.562795
678.25,893.562926461534,215.31292646153395,True,0.6847007353333333,33.76234939999999,52.985213
27.7625,54.475296528157784,26.712796528157785,False,0.0224368066666666,25.2186848,25.28525993333333
621.6857143,628.7289230911982,7.0432087911982535,False,0.476263588,32.22288606666666,44.19463313333334
887.525,931.599857927438,44.074857927438075,False,0.7114153480000001,28.038039066666663,54.683736466666666
1165.3875,1098.4217534042346,66.9657465957655,False,0.847597544,33.321887266666664,57.5274762
1297.7125,1236.7329784712651,60.97952152873495,False,0.9618199573333333,31.3498148,55.91095173333333
1125.442857,1095.1558232762418,30.287033723758213,False,0.8488509206666665,29.315938266666667,52.12607433333333
723.475,736.6183723672333,13.143372367233269,False,0.564246406,26.771500733333337,42.28302813333334
1081.685714,1102.715660189227,21.029946189227076,False,0.8608448592857144,27.778298642857145,46.05228092857142
853.15,825.3443114399527,27.805688560047315,False,0.63615115,26.3412638,42.884138933333325
947.6571429,921.0614307964461,26.59571210355398,False,0.715572958,25.542982933333327,41.660313
828.4428571,838.0557465636663,9.612889463666306,False,0.644579368,26.80618086666667,44.94630113333333
401.9,373.46245920102547,28.43754079897451,False,0.2754482242857142,24.25599892857143,32.83224278571429
179.45,238.65617834601008,59.20617834601009,False,0.1743799119999999,23.251910266666663,23.56722206666667
28.5,53.43909127577622,24.93909127577622,False,0.02162753825,26.388253500000005,25.75343757142857
1065.457143,1042.2840062454707,23.173136754529423,False,0.7999019353333332,33.540535600000005,59.177929600000006
67.4625,84.61319659784147,17.15069659784146,False,0.0459691700666666,26.890378866666666,27.107940666666668
1061.014286,1039.7009934688144,21.313292531185652,False,0.8024272126666667,28.6851826,52.74471266666666
837.6,830.0946541839619,7.50534581603813,False,0.6382544986666667,27.6148946,45.10698460000001
1131.1375,1063.5701083314916,67.56739166850844,False,0.818109888,32.80097026666667,58.15341173333333
0.0,27.741787149491177,27.741787149491177,False,0.0006909272933333,28.444854666666668,26.5186422
478.1285714,519.8296631702412,41.70109177024125,False,0.3929178906666667,25.088962666666667,35.562813133333336
73.55714286,91.67059543556852,18.113452575568516,False,0.0504507636666666,31.0485982,30.124161733333327
1242.175,1216.3093219758712,25.865678024128783,False,0.9434325606666668,30.082822666666665,56.89508453333334
177.975,186.34570735982766,8.370707359827662,False,0.1273159356666666,26.388924133333333,28.81902473333333
621.3857143,560.8595824827355,60.52613181726451,False,0.4246341313333333,25.68465353333333,37.61702466666667
994.1875,858.9260055618932,135.26149443810675,False,0.6629108933333333,27.61693933333333,44.15874253333334
692.8,830.3836453889729,137.58364538897297,False,0.6365608813333332,29.410819333333336,47.68545339999999
1073.8125,1097.6467837026803,23.834283702680295,False,0.844823108,29.171191466666667,57.72865393333333
874.4857143,933.5401246162929,59.05441031629289,False,0.7191839106666666,28.3880454,49.06960486666667
1089.925,961.128784066495,128.79621593350498,False,0.7403816392857143,28.62208571428572,50.49866800000001
199.4714286,190.42397563799426,9.047452962005735,False,0.1332021513333333,22.9010762,24.93784793333333
806.7714286,706.7874299936004,99.98399860639961,False,0.5377807876923076,32.96533184615384,46.83451484615385
917.8,939.6156101870587,21.815610187058724,False,0.718638987,33.757623499999994,56.5494842
409.8375,364.1827216880354,45.654778311964606,False,0.2725619585714286,23.184509285714288,27.96154764285714
52.5625,75.0605009067179,22.498000906717905,False,0.0369035885714285,28.82632671428572,29.096067142857144
840.0,830.6522019783129,9.34779802168714,False,0.6365820806666665,28.252118,47.370047933333325
829.1,991.8414682120641,162.7414682120641,False,0.7624467326666666,30.91771053333333,54.40039266666666
1155.95,1199.4052473028246,43.455247302824546,False,0.9274572886666668,31.7778442,59.602299333333335
6.3375,34.528306625065,28.190806625065,False,0.0072804718466666,24.8120402,23.99075733333333
845.6285714,798.2435058475062,47.38506555249387,False,0.5983157728571428,32.10408907142858,59.949493357142856
79.325,82.02149830873526,2.696498308735258,False,0.0467522423333333,23.587766400000003,22.965578200000003
402.55,423.11906397196213,20.569063971962123,False,0.3192179526666666,23.4391542,29.62755733333333
1293.357143,1346.6071643058258,53.25002130582584,False,1.0468158086666666,28.699442466666667,59.51716313333333
422.4875,388.05432769904905,34.43317230095096,False,0.2822451986666666,28.405712933333334,39.4493672
1193.1125,1349.715180828824,156.60268082882408,False,1.0518955426666667,29.452115866666663,57.48017959999999
887.3714286,742.1555967030546,145.21583189694536,False,0.5761803393333333,25.37993566666667,34.78068233333334
987.0125,959.4701474734348,27.542352526565196,False,0.7417442313333333,32.92808646666667,49.820072333333336
103.35,117.84852404868262,14.498524048682626,False,0.0713218832666666,27.8205282,29.2812134
1179.56,1164.7164189851655,14.843581014834399,False,0.9024616809090908,31.52517981818181,56.276514181818186
72.8875,91.67059543556852,18.783095435568512,False,0.0504507636666666,31.0485982,30.124161733333327
114.375,140.83082620524783,26.45582620524783,False,0.08716189,33.03212220000001,34.3384004
1118.75,1026.5242402714666,92.22575972853338,False,0.7918533413333332,30.9528036,53.510760266666665
0.0,24.4170001360624,24.4170001360624,False,0.000100219904,23.787237466666667,22.5114056
806.7428571,735.6662218582895,71.0766352417105,False,0.5656625413333333,27.152537133333336,40.39757686666666
501.2875,431.5255083546808,69.7619916453192,False,0.3174531373333333,28.617018666666667,39.946699866666656
604.575,593.4085041344151,11.16649586558492,False,0.4474333473333334,27.166434800000005,41.88674519999999
36.08571429,55.01520059169741,18.92948630169741,False,0.0257571987857142,21.31159314285714,20.909787928571426
910.8,996.1426888242871,85.34268882428717,False,0.7660080266666666,28.3790078,53.2701114
236.7125,225.88999692170142,10.822503078298581,False,0.1599368057142857,23.54752671428572,27.40564621428572
517.1125,416.16538302930627,100.94711697069368,False,0.302484416,32.34491993333334,43.7751686
308.8571429,283.31591522329296,25.541227676707024,False,0.2082250053333333,23.0203716,26.054441200000003
623.2142857,541.441895783146,81.77238991685397,False,0.4062958466666666,27.494000133333333,40.65558086666666
134.4,136.07909835616096,1.6790983561609494,False,0.0869533126666666,25.648555266666666,27.703678333333333
487.6875,431.12801867231883,56.55948132768117,False,0.3198755806666667,26.92045893333333,36.647984066666666
474.4714286,414.9514024755922,59.52002612440782,False,0.30827921,24.623516666666664,34.098657333333335
696.1375,830.3836453889729,134.24614538897288,False,0.6365608813333332,29.410819333333336,47.68545339999999
240.6125,241.2385779316497,0.6260779316496894,False,0.1741175246666666,22.97513853333333,25.668487533333334
1065.45,976.8570762446518,88.59292375534824,False,0.7577599673333335,27.727917533333333,45.92864793333334
1089.042857,1100.2846521786582,11.241795178658322,False,0.8507950519999999,30.114007466666664,54.58146206666667
732.5571429,590.1825224275316,142.37462047246845,False,0.4417064292857143,27.985940285714285,45.11740971428571
1147.542857,1139.9428139296538,7.600043070346146,False,0.875959719333333,30.0820658,61.4289776
0.0,22.93520055742772,22.93520055742772,False,0.0001471694642,21.959989266666664,20.5434348
169.0125,167.4576443309663,1.5548556690336852,False,0.112813087,23.8746256,26.81340946666667
1139.657143,1141.727044669351,2.069901669351111,False,0.880648258,28.6902568,57.816648333333326
63.91428571,84.60433393016369,20.69004822016369,False,0.0487669142,22.65616866666667,22.658846066666666
985.0714286,942.730092325041,42.34133627495896,False,0.73095554,28.27815892857143,45.06816992857143
549.7285714,483.1492569359885,66.57931446401147,False,0.3569624046666666,28.940915933333333,42.71684573333333
486.4,450.6799181306491,35.72008186935085,False,0.3386504113333334,24.42785433333333,33.0092104
468.15,513.0884966473359,44.93849664733591,False,0.3712747633333333,29.742185466666665,52.615881266666655
1019.057143,991.9453823776875,27.111760622312545,False,0.7681858726666667,28.96788953333333,48.28042806666666
564.725,529.0938971534787,35.631102846521344,False,0.3971458206666666,29.8809834,40.778582533333335
258.4571429,258.48752988827937,0.030386988279360594,False,0.1875066193333333,24.505352933333327,27.033671066666663
867.5714286,712.3222236269156,155.24920497308437,False,0.5432410099999999,30.576977533333327,44.940977
1201.5625,1135.3079945929003,66.25450540709971,False,0.8852643266666665,27.964561,48.2827824
356.3,335.9575471520694,20.342452847930588,False,0.2453987326666666,27.460978266666665,33.56361520000001
146.075,147.9812942234235,1.9062942234235152,False,0.0963806904,23.76201373333333,27.197131266666663
311.2428571,287.23329792148235,24.009559178517634,False,0.205583812,27.73206186666667,33.554784733333335
970.8571429,912.161506180502,58.695636719498,False,0.6977725753333333,34.48483913333333,55.32990506666666
14.5625,35.04103931624188,20.47853931624188,False,0.0112265629133333,21.6234394,19.321281066666668
26.8,60.189187380120934,33.38918738012093,False,0.0277481900666666,24.707338533333328,24.479459666666667
584.65,771.0372552304069,186.38725523040694,True,0.5857872135714286,30.21606228571428,50.006988571428565
892.7285714,961.128784066495,68.40021266649501,False,0.7403816392857143,28.62208571428572,50.49866800000001
0.0,27.299854618825748,27.299854618825748,False,0.0008371204092466,26.141086733333328,25.04768066666667
525.6125,491.0352302938165,34.57726970618347,False,0.3619616539999999,28.854707866666665,44.048325600000005
480.225,491.93134384027405,11.70634384027403,False,0.3650563653333333,32.06696146666666,43.23507873333333
582.0714286,582.8002857512738,0.7288571512738145,False,0.435684946,31.42362873333333,46.57489593333333
199.3625,208.02795759804903,8.665457598049016,False,0.1471483106666666,22.4391438,25.193231133333327
1076.271429,964.89388323622,111.37754576377995,False,0.7480077733333332,27.469006399999994,45.76378179999999
416.2285714,403.43632759483904,12.792243805160979,False,0.299662534,23.168194600000003,32.699511466666664
10.9,34.617867313508256,23.717867313508258,False,0.0096864394666666,21.53003333333333,20.394429466666665
1000.642857,908.3864480481683,92.25640895183176,False,0.7001748986666666,29.028007,47.83913766666667
256.325,292.9730241136485,36.64802411364849,False,0.2100267246666666,26.4934388,33.26473993333333
711.975,866.6218279634176,154.64682796341754,False,0.6660282526666667,29.864121533333336,48.110203000000006
600.0625,564.059816157466,36.002683842534,False,0.4251206693333333,33.059299933333335,42.801250933333336
84.8,84.94832833982497,0.14832833982497107,False,0.0494097238666666,23.976731266666665,22.893282
831.1125,870.2805507878995,39.168050787899574,False,0.6706322820000001,27.206691533333327,45.463765
981.1571429,898.2978733255638,82.85926957443621,False,0.693143726,27.63543293333333,46.078991866666655
1218.025,1248.0347171774638,30.0097171774637,False,0.964028712,30.414278266666667,62.09320066666666
979.55,1050.390077956657,70.84007795665707,False,0.7998236226666667,27.6734152,62.91643313333333
1185.575,1111.200245577208,74.37475442279197,False,0.855925206,27.8593812,57.1712628
884.5875,835.5761921718048,49.011307828195186,False,0.636164586,31.31397713333333,52.8518024
1227.857143,1303.3554543074956,75.49831130749567,False,1.0166871813333331,29.6048524,54.930332333333325
110.4625,136.81125984000096,26.34875984000095,False,0.0836154068666666,31.958078800000003,34.10791773333333
358.7142857,584.8924274211105,226.17814172111048,True,0.4418567756666667,29.92045486666667,41.76569859999999
632.7375,581.7373212020349,51.00017879796508,False,0.4384577806666666,28.6523418,41.97513206666667
845.5285714,844.9188712648834,0.6097001351166682,False,0.652056834,27.611472733333333,43.56778333333334
9.014285714,32.34711549524739,23.332829781247387,False,0.0090791752333333,21.767089866666662,19.32609053333333
773.3625,856.6037662702165,83.24126627021656,False,0.661408742,26.326908333333336,43.22573646666668
1015.271429,845.9810109843442,169.29041801565586,False,0.6541221086666666,28.652787199999995,42.90342799999999
714.8428571,751.9737188390089,37.13086173900899,False,0.5725103686666667,33.45063293333333,49.20921033333333
341.4714286,310.225418794205,31.24600980579504,False,0.2271388021428571,22.874956357142857,28.931237142857142
83.21428571,115.9935875024916,32.779301792491594,False,0.0703570209333333,26.4737508,28.1798118
13.875,39.38673889509637,25.51173889509637,False,0.0133244222,21.11287226666667,20.467968733333333
237.475,278.8485983128949,41.37359831289493,False,0.2021267246666666,23.6712912,28.608892933333333
25.98571429,51.38446154933554,25.39874725933554,False,0.0204065283666666,25.387085133333333,24.88775633333333
1224.7625,1234.1547471162203,9.392247116220233,False,0.9622691533333332,29.197790533333333,52.5881082
903.7142857,993.4427461858376,89.72846048583756,False,0.7692376179999999,28.6178812,48.29328619999999
1027.414286,1154.1031641093746,126.68887810937463,False,0.8971673586666666,28.4727662,51.776054
319.05,299.50624058843476,19.543759411565247,False,0.2196392886666666,23.587081,28.0358926
236.7571429,251.19919340263598,14.442050502635993,False,0.1755969835714285,31.90710457142857,35.77269607142857
1146.042857,1117.7023834563443,28.340473543655662,False,0.8653040006666666,30.85634553333333,54.68991706666667
1230.1375,1259.3038688156894,29.16636881568934,False,0.9758267626666666,31.85976966666667,60.33080693333334
1134.585714,1209.0227476565851,74.43703365658507,False,0.9360600806666666,32.174080466666666,59.10431306666667
283.8285714,263.54590374972327,20.28266765027672,False,0.1892255126666666,23.1288086,28.704862466666665
1016.942857,1077.881060409431,60.938203409431026,False,0.833716566,29.0410462,52.9128622
288.4,276.3744159481761,12.025584051823898,False,0.1971915986666666,27.048868933333328,32.782216333333324
64.58571429,85.79223889349615,21.20652460349615,False,0.0440678129333333,31.256394333333333,31.672898466666663
326.3714286,350.0799109853592,23.70848238535922,False,0.24348246,32.707593357142855,48.42773878571429
1260.328571,1299.9222206900963,39.5936496900963,False,1.009763066,31.31245933333333,59.503814466666654
220.975,203.93389468474274,17.041105315257255,False,0.1422467350666666,23.838385,27.240083733333336
605.825,613.4288104231408,7.6038104231407715,False,0.4699400059999999,24.854911266666665,35.20188793333334
73.8,90.08894735799323,16.288947357993237,False,0.0539561357142857,21.610323285714287,21.56044657142857
278.5571429,271.120869910689,7.4362729893109645,False,0.1932886153333333,26.307415666666667,32.08403093333333
463.925,443.840998628262,20.084001371737997,False,0.327377192,32.281588,41.69365866666666
789.8428571,798.2435058475062,8.400648747506239,False,0.5983157728571428,32.10408907142858,59.949493357142856
986.075,951.3781143130989,34.69688568690117,False,0.7337398671428571,28.672439642857142,49.257720857142864
603.7625,588.0593534454969,15.703146554503178,False,0.4473209473333333,25.21634506666667,37.05501713333334
1178.3375,1063.5701083314916,114.76739166850848,False,0.818109888,32.80097026666667,58.15341173333333
195.8428571,186.43105016057905,9.411806939420956,False,0.1301255426666666,21.43288993333333,24.118766333333333
459.0857143,453.72129341243925,5.364420887560755,False,0.3312335933333333,32.9282166,45.9347556
1218.75,1430.017433819009,211.26743381900906,True,1.112296618,31.26550906666667,63.34182940000001
659.675,831.9513549954918,172.27635499549183,False,0.6356642493333334,29.261606933333333,49.6573588
786.5857143,734.9992649278446,51.58644937215536,False,0.563254726,27.410540933333333,42.2459552
1064.75,1031.154417706168,33.59558229383197,False,0.7957694813333333,29.678208266666665,52.84774173333333
1069.385714,1070.4611961975215,1.0754821975215236,False,0.8263966746666666,27.78503,53.52336233333334
949.6714286,916.0914013659543,33.5800272340457,False,0.7029814421428571,27.539448499999995,50.47200221428572
647.7428571,640.7983449256865,6.944512174313559,False,0.4845541833333333,26.1504356,43.0666302
238.75,241.2385779316497,2.4885779316497008,False,0.1741175246666666,22.97513853333333,25.668487533333334
497.2857143,485.04652743630163,12.239186863698365,False,0.3559129373333332,31.9338582,46.44251506666667
268.3375,283.91314740569715,15.575647405697168,False,0.199998688,32.515638933333335,38.29546746666666
0.0,28.43352236776558,28.43352236776558,False,0.0015678459913333,27.578023266666666,25.854665200000003
102.7125,112.70816578009202,9.995665780092011,False,0.0716501757333333,22.65153,22.805830800000003
731.65,672.7557005805885,58.89429941941148,False,0.5138973833333333,25.640753066666665,39.91504320000001
513.8714286,541.9026519978647,28.03122339786478,False,0.4089987206666667,24.8309816,37.33390526666666
338.4285714,305.44970809627216,32.97886330372785,False,0.2204616164285714,26.64763521428571,33.14010199999999
504.3428571,425.27411807378354,79.06873902621646,False,0.3124267953333332,26.8318298,39.08195373333332
409.7125,399.67370709034907,10.038792909650908,False,0.298065064,23.90954793333333,31.63181366666667
129.4285714,148.06293946552137,18.634368065521357,False,0.099085612,22.39704986666667,24.1448362
518.4428571,484.2361842640892,34.20667283591075,False,0.3633331566666667,26.5449136,36.56665873333333
35.48571429,59.994023140764874,24.508308850764877,False,0.0264554836,25.90362353333333,26.05394893333333
884.0285714,965.7601748695713,81.73160346957127,False,0.7478824706666666,28.077185133333334,46.80665106666667
670.6857143,599.4731447093856,71.21256959061441,False,0.4540012586666666,25.058563266666663,39.48617746666665
90.1625,95.60295769292675,5.440457692926756,False,0.0553157361333333,25.61776526666667,26.2441224
531.6142857,526.2616996375685,5.352586062431442,False,0.3930785846666666,33.16755933333334,43.82860906666667
967.5,1053.7746949420498,86.27469494204979,False,0.8123890526666666,31.16485806666667,55.28936173333333
800.4875,786.3299640184063,14.157535981593696,False,0.5986946806666666,27.928853400000005,48.67373446666666
654.6625,562.4116529840626,92.25084701593744,False,0.4241181026666666,26.495521866666664,39.636977133333325
968.3285714,976.8570762446518,8.52850484465182,False,0.7577599673333335,27.727917533333333,45.92864793333334
994.825,1084.1946782204182,89.36967822041811,False,0.8371243526666667,33.64918780000001,56.556677533333335
259.9,257.7784967063337,2.121503293666251,False,0.1805451735714285,30.93136807142857,35.767237857142845
646.6125,607.6372338183534,38.97526618164659,False,0.4615756146666666,29.7693278,40.701816533333336
1037.471429,936.4251566425331,101.04627235746682,False,0.7228255413333333,26.7209514,47.15762106666666
349.4428571,371.7625473130167,22.319690213016656,False,0.2790037753333333,23.82504073333333,28.026749666666667
413.7,388.12644662994103,25.57355337005896,False,0.2853623193333333,26.809796066666664,35.90520226666667
35.44285714,53.51687467616979,18.07401753616979,False,0.0245571073333333,21.9280518,21.149878
645.5625,598.0715750889023,47.49092491109775,False,0.4526467746666667,27.04379893333333,40.5363764
723.6625,739.2939618597684,15.631461859768365,False,0.5651963973333332,34.40285233333333,46.7442812
1136.442857,1116.2275071988543,20.21534980114575,False,0.8627664733333335,29.567946466666665,55.37232273333334
173.3142857,185.2100631643159,11.895777464315898,False,0.1285492849999999,22.4537842,25.09706033333333
0.0,23.158785056786993,23.158785056786993,False,0.0005523642353333,21.4640382,20.121873
683.2875,632.8621222594026,50.42537774059747,False,0.4802661793333333,28.310963866666665,41.930027
0.9625,30.86346657493573,29.900966574935733,False,0.003065661366,27.432686333333336,26.253356733333334
66.67142857,89.93659742830059,23.265168858300584,False,0.0509346373333333,25.624135333333328,25.999684533333333
107.175,120.5113018937731,13.336301893773097,False,0.0781386402,21.8746846,22.385380200000004
834.1125,824.7617054488202,9.350794551179774,False,0.63148828,28.183992466666663,47.58702806666666
857.0,856.6037662702165,0.39623372978348925,False,0.661408742,26.326908333333336,43.22573646666668
755.8142857,718.9270680466396,36.88721765336038,False,0.5521471146666667,26.016273933333327,39.71077913333334
156.0428571,164.4532014371206,8.41034433712062,False,0.1042054897142857,27.914616214285715,34.29488935714285
1005.1,1097.3885724681718,92.28857246817176,False,0.84871055,30.5386128,54.49439886666666
402.7125,425.27411807378354,22.561618073783563,False,0.3124267953333332,26.8318298,39.08195373333332
715.475,671.2039344300028,44.27106556999718,False,0.507273356,27.061141066666668,45.5239648
1007.7875,984.8062862869185,22.9812137130815,False,0.7549121526666667,34.382596666666664,57.54735093333333
0.0,29.31352442034395,29.31352442034395,False,0.0015752938426666,25.0463766,25.426198266666667
486.55,491.0352302938165,4.485230293816471,False,0.3619616539999999,28.854707866666665,44.048325600000005
855.0142857,866.6218279634176,11.6075422634176,False,0.6660282526666667,29.864121533333336,48.110203000000006
599.4857143,565.0334264878088,34.45228781219123,False,0.429468928,27.3941652,37.038040933333335
1067.371429,998.69067402986,68.68075497014001,False,0.77591557,27.452661200000005,45.572745666666655
64.02857143,82.02149830873526,17.99292687873526,False,0.0467522423333333,23.587766400000003,22.965578200000003
97.58571429,104.76842683578431,7.182712545784312,False,0.0663231575714285,21.0031935,20.9889395
248.775,283.91314740569715,35.13814740569714,False,0.199998688,32.515638933333335,38.29546746666666
717.3142857,668.4155253677465,48.89876033225357,False,0.5092201013333332,30.24165666666667,42.94891766666666
229.6428571,281.18204353340286,51.539186433402875,False,0.2052391053333333,24.857926333333328,28.002966266666665
47.3,73.61561313915784,26.315613139157847,False,0.0352655896,30.519482466666663,30.251395666666667
0.0,25.87995765141182,25.87995765141182,False,4.9854124400000006e-05,27.1471252,25.1309936
135.25,142.95504219050747,7.70504219050747,False,0.0975767968666666,22.135064666666665,21.531044466666668
0.0,29.31756740656892,29.31756740656892,False,0.00478462602,22.69311313333333,21.416339066666666
954.6875,878.308257631468,76.379242368532,False,0.6735253459999999,31.263549933333337,50.6611794
805.55,771.0372552304069,34.51274476959304,False,0.5857872135714286,30.21606228571428,50.006988571428565
939.6428571,872.6040178364915,67.03883926350852,False,0.67195934,27.677307066666668,46.2067344
15.9,58.57773634044968,42.677736340449684,False,0.0245060392,29.093019666666667,28.168933133333333
255.6625,237.47565869909045,18.18684130090955,False,0.1693729433333333,22.6054098,27.0571594
1001.957143,951.2751837854156,50.68195921458437,False,0.7325971326666667,27.489748066666667,49.733946
58.2,76.92352381830023,18.723523818300222,False,0.039089017,29.038175466666665,28.573687866666667
237.85,214.00401448459178,23.845985515408216,False,0.1509989932,25.385963933333336,27.446895466666668
1296.428571,1299.9222206900963,3.4936496900963903,False,1.009763066,31.31245933333333,59.503814466666654
589.5714286,598.0715750889023,8.50014648890226,False,0.4526467746666667,27.04379893333333,40.5363764
770.4714286,724.547828266431,45.92360033356897,False,0.553059376,28.860333333333333,44.390484533333336
29.17142857,52.536077307794464,23.364648737794464,False,0.0214776268,25.545349066666663,24.837803066666662
1107.05,1144.902516432579,37.85251643257902,False,0.8942029785714286,29.023849428571427,47.74052392857144
507.9,443.2866530201928,64.6133469798072,False,0.3338253060000001,26.54801433333333,32.771891
652.525,646.0385606433774,6.486439356622554,False,0.4894874157142857,28.579515642857142,43.52298428571428
181.8857143,205.98419740150962,24.09848310150963,False,0.1410142690666667,30.037693333333333,32.64035633333333
882.7285714,957.045583462608,74.317012062608,False,0.740527077142857,27.75967185714285,46.865433142857135
850.375,1004.0551780123536,153.68017801235362,False,0.7729503573333332,30.39099113333333,53.7158892
826.75,798.5112916756128,28.238708324387176,False,0.6140467053333332,27.4697428,43.46879073333333
578.4,543.4252192639465,34.9747807360535,False,0.4040820713333333,32.41062673333334,46.36569013333333
754.7714286,806.6104200414169,51.83899144141685,False,0.6182257626666666,26.970560666666664,45.55024
613.35,548.1004953100694,65.24950468993063,False,0.4154079433333333,26.170804866666664,36.67445066666666
771.0571429,712.3222236269156,58.734919273084415,False,0.5432410099999999,30.576977533333327,44.940977
583.9125,514.0331492724897,69.87935072751031,False,0.384930638,27.667081733333337,39.6965698
662.8571429,824.9765560664896,162.1194131664896,False,0.6274043513333333,32.27157786666667,53.3307006
790.175,786.3299640184063,3.8450359815936963,False,0.5986946806666666,27.928853400000005,48.67373446666666
611.4714286,605.8342399650571,5.637188634942845,False,0.4595029573333333,27.66269933333333,40.34541599999999
878.6125,854.4922418806786,24.120258119321306,False,0.654436842,28.2829874,48.962665
413.0428571,401.4316881170676,11.611168982932384,False,0.2977888,25.61507166666667,33.972491733333335
1226.0875,1247.020168242464,20.932668242463933,False,0.968808626,29.496158666666663,56.45879506666667
1107.35,1098.0745443867513,9.275455613248596,False,0.8485740693333333,27.075844133333334,53.64908433333333
907.3285714,815.4791969458834,91.84937445411663,False,0.6239884299999999,26.3615418,46.695184266666665
573.8875,510.1153523513358,63.77214764866426,False,0.3833396619999999,25.527582066666668,37.25813600000001
619.0,595.1587464323408,23.841253567659237,False,0.4513733507142856,26.096950071428576,39.086399571428565
258.45,273.21621117589143,14.766211175891442,False,0.194773326,28.551151466666663,33.27215386666667
13.28571429,39.35269271805411,26.066978428054107,False,0.0103677880266666,26.136122600000004,25.373767200000003
626.225,573.7421918165418,52.482808183458246,False,0.4349046853333333,24.86980793333333,37.53728039999999
1022.375,957.045583462608,65.32941653739204,False,0.740527077142857,27.75967185714285,46.865433142857135
669.925,724.547828266431,54.62282826643104,False,0.553059376,28.860333333333333,44.390484533333336
689.8571429,640.3082492093787,49.5488936906213,False,0.483302472,27.63629753333333,44.50241260000001
722.95,671.2039344300028,51.7460655699972,False,0.507273356,27.061141066666668,45.5239648
121.2625,114.20448365898956,7.058016341010443,False,0.0749735576,21.4259318,20.3191406
355.9625,445.49691570092017,89.53441570092019,False,0.330956198,28.67100406666667,38.05905166666666
875.525,889.7182284993474,14.19322849934747,False,0.6841737733333335,27.55344846666667,47.8497312
1173.142857,1182.6537280472576,9.510871047257524,False,0.9130500964285714,33.254821857142865,60.86849728571429
9.557142857,37.035133715431826,27.477990858431824,False,0.0084486021133333,26.634965,25.6072164
997.4428571,942.6341482518046,54.80870884819535,False,0.7254104080000001,31.446600466666663,51.540208
961.3857143,945.2414034453167,16.14431085468334,False,0.7235532206666667,28.367100066666666,53.9367392
895.2571429,829.049499092203,66.20764380779701,False,0.6370887293333334,28.375455666666667,45.72413726666667
1070.171429,1052.1811187385547,17.990310261445302,False,0.8122406413333334,31.2210448,54.23274553333334
196.3285714,213.81743332008077,17.48886192008078,False,0.1478736336,27.015501000000004,30.925701933333333
626.6375,596.1028105108037,30.534689489196353,False,0.4511937286666666,28.178857466666667,40.87684526666667
398.575,394.3117700726827,4.2632299273172976,False,0.2913128866666666,29.56562293333333,36.276623400000005
718.7125,672.7557005805885,45.95679941941148,False,0.5138973833333333,25.640753066666665,39.91504320000001
525.6875,558.76558684171,33.078086841710046,False,0.4213385493333333,25.26646733333333,38.90950326666666
23.65,55.063383530876884,31.413383530876885,False,0.0214036318666666,28.510609933333328,28.12322593333333
344.2714286,371.7625473130167,27.491118713016704,False,0.2790037753333333,23.82504073333333,28.026749666666667
156.6857143,194.34617179768546,37.66045749768546,False,0.1312115527333333,25.179372266666665,30.78227753333333
117.55,126.75172207597008,9.201722075970082,False,0.0836293638666666,21.591829466666663,21.91393233333333
58.62857143,78.60953860417666,19.980967174176662,False,0.0419395646666666,24.130348733333328,25.080924533333327
874.8375,814.9482062597972,59.88929374020279,False,0.6257596313333335,28.347310466666663,45.494661266666654
28.725,54.475296528157784,25.750296528157783,False,0.0224368066666666,25.2186848,25.28525993333333
484.1142857,469.06965452129,15.044631178710006,False,0.353673456,24.273189266666662,32.9937198
1234.628571,1237.3585425224765,2.7299715224764896,False,0.9597508193333332,30.556133933333328,57.9774638
1296.171429,1299.9222206900963,3.750791690096321,False,1.009763066,31.31245933333333,59.503814466666654
12.825,40.28159893016779,27.45659893016779,False,0.0098169462733333,28.880454466666663,27.785554933333334
44.55714286,63.94096550830308,19.38382264830308,False,0.0333103492857142,21.65816592857143,20.84060435714285
277.9571429,263.34329762608945,14.613845273910556,False,0.1890867986666666,25.5590068,29.73031406666666
137.7571429,151.72293072879265,13.965787828792656,False,0.1017261071999999,23.138751200000005,24.801971466666664
911.475,848.9427363318429,62.53226366815716,False,0.6541739533333331,25.68664953333333,43.83857633333333
386.5428571,395.6833063457199,9.140449245719935,False,0.2912888885714286,32.67632835714286,38.693878142857145
581.5571429,562.2991263913591,19.258016508640935,False,0.4207671039999999,27.818320733333337,43.250374533333336
1026.6625,1001.7376069837367,24.92489301626324,False,0.7764533440000001,29.957515466666667,48.48572366666667
439.175,484.3146391563655,45.13963915636549,False,0.3658943839999999,24.040710200000003,33.153322333333335
1322.8,1430.017433819009,107.2174338190091,False,1.112296618,31.26550906666667,63.34182940000001
916.8875,927.0265082115561,10.139008211556074,False,0.7142683660000001,28.210111600000005,48.59591266666667
66.87142857,89.93659742830059,23.06516885830058,False,0.0509346373333333,25.624135333333328,25.999684533333333
1070.814286,1044.117817976608,26.69646802339207,False,0.8096695786666664,28.2830628,49.19147753333333
642.275,581.7373212020349,60.5376787979651,False,0.4384577806666666,28.6523418,41.97513206666667
405.1125,435.2130256854214,30.100525685421417,False,0.319140978,32.39553246666666,42.82737193333334
1252.957143,1248.147424795001,4.809718204999172,False,0.965868116,31.295017400000003,60.84368073333333
169.2857143,171.4352651466014,2.1495508466014144,False,0.1144654460666666,26.8031698,29.5815856
112.3875,123.21842940321845,10.830929403218448,False,0.0805502275333333,21.672629800000003,22.11884373333333
327.6,351.4835164149958,23.883516414995768,False,0.2640124178571428,23.434548428571432,26.33118107142857
279.3142857,280.7674586165675,1.453172916567496,False,0.1937693263333333,28.7127584,40.05736913333333
157.1285714,172.5523909917142,15.423819591714192,False,0.1159292518,26.462915066666664,28.923132466666665
625.8857143,773.2727435581668,147.38702925816676,False,0.5889013319999999,29.55849613333333,48.52688860000001
546.1571429,556.617976315693,10.460833415692946,False,0.41958991,26.297007333333337,39.343784466666655
785.0,813.7640265348653,28.764026534865252,False,0.622338436,29.469486666666665,48.266762
235.9125,266.7635836774779,30.85108367747793,False,0.1895537733333333,27.695955466666668,32.8359476
390.425,409.1443590056862,18.719359005686215,False,0.3072239171428571,23.75348328571429,30.263634785714284
178.4875,213.46574433270388,34.978244332703866,False,0.1541802237333333,22.91924653333333,22.999210466666668
622.0428571,679.484374250803,57.44151715080295,False,0.51719428,27.86592971428571,42.949353714285714
361.3571429,348.74641353292947,12.610729367070519,False,0.2582670813333333,23.800502533333333,29.75697633333333
205.5875,193.30728210842395,12.280217891576058,False,0.1321317535333333,27.4072612,30.092036933333333
844.8857143,781.8922044579724,62.993509842027606,False,0.5994605753333334,29.05773106666667,45.0513366
109.525,126.28015061709318,16.75515061709318,False,0.0832185890666666,23.51573693333333,22.768512
189.7125,190.42397563799426,0.7114756379942548,False,0.1332021513333333,22.9010762,24.93784793333333
261.0428571,251.19919340263598,9.843663697364008,False,0.1755969835714285,31.90710457142857,35.77269607142857
1260.475,1248.6815633293163,11.793436670683604,False,0.9678900893333334,31.299159800000005,59.367140466666655
11.6375,37.810736333508714,26.173236333508715,False,0.0091324596666666,25.1838216,24.934887866666667
258.275,256.9692064739129,1.3057935260870863,False,0.187030046,22.19873053333333,25.319020466666665
603.725,590.5858968921717,13.139103107828305,False,0.4474868786666667,25.93090606666667,39.14253953333334
207.2125,226.7718240550246,19.559324055024604,False,0.1602291469333333,23.27185253333333,27.688370800000005
751.625,933.6817344473261,182.0567344473261,True,0.7174661713333332,32.52562053333333,52.57054206666666
910.6857143,837.0248007775846,73.6609135224154,False,0.6403686593333334,25.4514526,47.501263533333336
606.4875,567.4355922991169,39.05190770088302,False,0.4304919446666666,26.519590333333333,37.54320873333334
1198.842857,1332.079860162807,133.237003162807,False,1.033489496666667,30.12836306666667,61.4558144
349.8714286,347.90377250262674,1.9676560973732649,False,0.2492484,27.516727866666667,39.136326
1203.975,1041.7078834430654,162.26711655693452,False,0.8068469279999999,27.371873,49.5876018
969.9428571,1058.2382475258555,88.29539042585554,False,0.819862228,28.901027466666665,50.7513082
693.725,866.9477709021285,173.22277090212845,False,0.66640501,29.011586333333334,47.639289111111104
553.8714286,480.7737005980502,73.09772800194975,False,0.354595126,25.63316453333333,41.67780593333334
1056.6625,875.5337153736313,181.12878462636866,True,0.6665665693333332,33.78651526666667,56.12368146666666
932.6428571,885.2171084988245,47.42574860117554,False,0.6782424946666668,33.41605233333334,52.4764444
944.1,913.7806093491611,30.319390650838955,False,0.702796554,30.368632,50.099892
752.5875,781.8252788963446,29.237778896344594,False,0.6010126913333332,25.71807246666667,42.10721
173.4,178.68893619374938,5.288936193749379,False,0.119259876,23.109639466666664,29.0602518
484.5285714,518.7603764218011,34.23180502180111,False,0.3905541093333334,25.104416866666664,36.957327933333325
992.575,921.0614307964461,71.51356920355397,False,0.715572958,25.542982933333327,41.660313
208.1142857,217.22162837089505,9.107342670895036,False,0.1492018317333333,26.540883333333333,32.085792999999995
532.4625,595.8257037488819,63.363203748881915,False,0.444713674,31.511543666666668,48.153831
478.8857143,463.565870847889,15.319843452111002,False,0.344954196,34.35660993333333,41.28059066666666
41.97142857,68.97425285031142,27.002824280311415,False,0.0324079431333333,29.405578533333337,28.884993533333336
522.7625,593.4807614697902,70.71826146979015,False,0.4489735653333333,29.177992733333337,41.37456040000001
8.4625,32.51694185763674,24.05444185763674,False,0.0083067844,21.2783936,19.96554366666667
838.7,947.5122077008141,108.81220770081404,False,0.7256673206666666,29.170436533333337,54.0487796
1120.85,961.128784066495,159.72121593350494,False,0.7403816392857143,28.62208571428572,50.49866800000001
663.3571429,599.4731447093856,63.88399819061442,False,0.4540012586666666,25.058563266666663,39.48617746666665
159.9375,166.2923773664334,6.3548773664334135,False,0.109053603,31.540801866666666,32.74589640000001
435.8714286,407.0841146858026,28.787313914197398,False,0.299364092,27.479427066666663,37.63392773333333
750.825,740.3249636459128,10.500036354087229,False,0.563158282,29.738852999999995,47.4182232
764.3625,702.9670350478349,61.39546495216507,False,0.5366972139999999,27.47486573333333,42.54781693333334
329.5571429,351.4835164149958,21.926373514995817,False,0.2640124178571428,23.434548428571432,26.33118107142857
452.6428571,432.68922673651247,19.953630363487548,False,0.32255192,24.568143428571428,34.32752778571429
200.0428571,195.64716374098398,4.395693359016008,False,0.1381154516666666,22.6524518,24.241701266666663
316.5857143,344.60262376246055,28.016909462460546,False,0.2491690678571428,28.989379857142858,37.32118635714286
24.7,54.89498589665436,30.194985896654362,False,0.0208843500333333,29.4541402,28.8870646
885.5714286,944.0530605164727,58.48163191647268,False,0.7188153760000001,33.488021,59.663859200000005
266.1,267.72915206609537,1.6291520660953438,False,0.1892608939999999,29.096531133333336,34.4538818
985.8625,884.1414766019523,101.72102339804769,False,0.6831317153333333,29.025638800000003,45.191560933333335
1025.271429,884.1414766019523,141.12995239804764,False,0.6831317153333333,29.025638800000003,45.191560933333335
100.75,114.20448365898956,13.45448365898956,False,0.0749735576,21.4259318,20.3191406
948.5428571,1102.715660189227,154.17280308922705,False,0.8608448592857144,27.778298642857145,46.05228092857142
1019.225,690.9050095493232,328.31999045067687,True,0.5181913166666666,29.2730122,51.366605533333335
487.7714286,561.7370106233118,73.96558202331181,False,0.4227470493333333,31.0069884,42.35145673333333
466.4375,468.5307671585763,2.093267158576282,False,0.3462306933333333,34.430942666666674,43.9206158
1122.171429,1146.1363385969357,23.96490959693574,False,0.8893022273333333,29.873128133333328,53.62572206666666
381.4125,354.4658380132173,26.946661986782715,False,0.2610877493333334,24.041337,31.60524686666667
84.6875,104.34390296153823,19.656402961538234,False,0.0601320612666666,28.524298066666667,29.694879200000003
909.7571429,959.4701474734348,49.71300457343489,False,0.7417442313333333,32.92808646666667,49.820072333333336
368.5714286,361.9259642472313,6.64546435276867,False,0.2639367406666666,29.373718266666668,36.96112066666667
436.3,415.2778384471514,21.022161552848615,False,0.3037400713333333,32.31917286666666,41.912998266666655
221.9,218.8520857844148,3.0479142155851946,False,0.150128168,31.88745533333333,34.781236066666665
714.9857143,729.164268103227,14.178553803226919,False,0.5514050859999999,34.7056704,51.99498913333333
735.2714286,668.4155253677465,66.85590323225358,False,0.5092201013333332,30.24165666666667,42.94891766666666
840.4714286,844.9188712648834,4.447442664883397,False,0.652056834,27.611472733333333,43.56778333333334
110.6714286,124.52621021407975,13.854781614079755,False,0.0775804512142857,26.11982735714286,27.81455535714285
0.0,24.453251718327195,24.453251718327195,False,0.0003286336506666,23.2004924,22.072212666666665
489.0428571,462.955071318951,26.08778578104898,False,0.345676682,28.046335933333328,37.409806
558.5714286,562.1243368356742,3.552908235674181,False,0.4160351014285714,32.622796071428574,49.610767714285714
1246.0,1178.728983616552,67.27101638344811,False,0.9129294213333332,30.19451906666667,56.65431326666666
635.5375,592.4848664201888,43.052633579811186,False,0.4472921486666666,34.043744000000004,44.28609193333333
555.2714286,538.1157623249378,17.15566627506223,False,0.4037250264285714,27.57890557142857,40.546388785714285
1177.585714,1202.2352772775412,24.64956327754112,False,0.9288445293333332,30.986580466666663,60.1309834
412.1625,469.6832142821999,57.52071428219989,False,0.3465496533333333,32.31323666666667,43.588924266666666
436.025,407.1669608404238,28.85803915957615,False,0.3022549713333332,27.5691588,35.038138866666664
314.2857143,306.72008929271885,7.565625007281142,False,0.2255217446666666,23.6073304,28.074818866666668
418.6875,439.8740914584267,21.186591458426676,False,0.323248656,27.64007353333333,40.50380226666666
407.6,401.4316881170676,6.168311882932414,False,0.2977888,25.61507166666667,33.972491733333335
395.3285714,373.46245920102547,21.86611219897452,False,0.2754482242857142,24.25599892857143,32.83224278571429
1110.414286,1164.2405785130427,53.826292513042745,False,0.89846418,28.989419142857145,58.54648692857143
927.275,1016.5566266122406,89.28162661224064,False,0.7878660286666666,31.50729773333333,49.84449266666666
955.1375,908.3864480481683,46.751051951831755,False,0.7001748986666666,29.028007,47.83913766666667
927.2125,825.141685290681,102.07081470931894,False,0.6364364953333334,26.220489466666667,42.41054713333334
50.42857143,75.87357314712885,25.445001717128854,False,0.0397878830714285,25.59105335714285,25.627179785714283
564.3375,499.5453857811454,64.79211421885458,False,0.3750224913333333,25.47613733333333,36.90983686666667
618.1428571,593.4807614697902,24.66209563020982,False,0.4489735653333333,29.177992733333337,41.37456040000001
498.45,443.840998628262,54.609001371737975,False,0.327377192,32.281588,41.69365866666666
237.7375,247.7935028362844,10.056002836284392,False,0.1736663853333333,28.13737193333333,33.33803933333334
81.14285714,105.51534963734187,24.372492497341867,False,0.0619993643333333,27.397143533333328,28.361094066666663
178.4625,181.23569835867144,2.7731983586714364,False,0.1215033461999999,27.969102,31.016943466666667
394.1285714,918.9051328696462,524.7765614696461,True,0.710976275,27.703896500000003,45.23483278571429
1075.014286,1019.0672485673006,55.94703743269952,False,0.7908823293333332,27.777927533333337,47.3377034
819.4428571,824.9765560664896,5.533698966489624,False,0.6274043513333333,32.27157786666667,53.3307006
881.3428571,856.6037662702165,24.739090829783436,False,0.661408742,26.326908333333336,43.22573646666668
703.1571429,635.7877443401775,67.36939855982257,False,0.4793892407142857,33.09783492857143,47.05743857142858
882.0571429,834.9870784026915,47.07006449730852,False,0.6438703946666667,27.363865266666664,43.500976533333336
309.4375,276.83776235408124,32.599737645918765,False,0.197582556,26.772544533333328,32.65239666666667
605.1714286,694.7114185319048,89.53998993190476,False,0.5261106153333333,27.51964326666667,46.130108666666665
262.175,269.18593598441265,7.01093598441264,False,0.1989128933333333,22.93633213333333,23.896433466666668
975.6857143,1025.9915802362282,50.3058659362282,False,0.7917845233333333,29.7818786,52.660978
671.5714286,798.2435058475062,126.6720772475062,False,0.5983157728571428,32.10408907142858,59.949493357142856
0.0,24.28660797091312,24.28660797091312,False,0.0001250367553333,24.372711266666663,22.6416768
167.6875,169.26433329738842,1.5768332973884185,False,0.1162776123333333,23.02395633333333,24.594645266666667
623.975,608.4548261618611,15.52017383813893,False,0.4552519278571428,29.15021621428572,46.961443357142855
535.8285714,521.4106079898191,14.417963410180846,False,0.3904150371428571,29.911296071428573,41.1940265
642.5,614.1139243515978,28.386075648402198,False,0.464913585,26.47013421428571,41.11575328571428
984.2,996.1426888242871,11.942688824287075,False,0.7660080266666666,28.3790078,53.2701114
783.7,728.9872098648232,54.712790135176874,False,0.5565673573333334,30.26257326666667,45.12008893333333
590.0285714,520.1723964629738,69.85617493702625,False,0.3929380471428571,25.35791885714286,35.92258564285714
681.6714286,616.6606758409232,65.01075275907681,False,0.462262998,32.458738266666664,48.128287933333326
648.9428571,631.3581524456686,17.584704654331404,False,0.4715989833333333,31.29462073333333,50.15845953333333
284.3857143,283.7874857607092,0.5982285392908011,False,0.206390628,23.595815066666667,28.376147533333327
1190.428571,1166.601580875792,23.826990124207896,False,0.907252704,28.7513204,52.048053133333326
868.1375,864.1761364580409,3.9613635419591446,False,0.6620043019999999,30.089862066666665,50.091819333333326
1281.1,1269.5901085395753,11.50989146042457,False,0.9900746606666666,28.609558066666665,53.49905786666666
547.3428571,554.7982168277978,7.455359727797827,False,0.4169753466666666,26.14622593333333,40.326182133333326
605.6571429,570.7393604265471,34.91778247345292,False,0.428165058,26.57203993333333,42.26560886666665
194.3,193.373408208775,0.9265917912250075,False,0.1339008513333333,21.80819506666667,26.070054
0.0,24.4170001360624,24.4170001360624,False,0.000100219904,23.787237466666667,22.5114056
1102.8,1036.1329961520541,66.66700384794581,False,0.8066293299999999,27.941221066666667,45.770940866666656
778.7142857,727.4709320185812,51.24335368141885,False,0.5574083926666665,25.808286599999995,41.24847206666666
352.9142857,362.08571669780264,9.171430997802645,False,0.2670940773333334,25.312744200000004,32.38037546666667
28.48571429,54.769868196746835,26.284153906746834,False,0.0225988850666666,25.879600133333334,25.6452434
1176.385714,1209.0227476565851,32.63703365658512,False,0.9360600806666666,32.174080466666666,59.10431306666667
739.0125,694.7114185319048,44.301081468095276,False,0.5261106153333333,27.51964326666667,46.130108666666665
654.175,747.6213110079605,93.4463110079605,False,0.5722798133333333,27.60956433333333,43.5676756
1192.5,1111.0879995642563,81.41200043574372,False,0.856888655,31.08613807142857,57.58173707142858
90.11428571,102.6338362252076,12.519550515207598,False,0.0630958514666666,21.6540956,22.649001066666667
768.9142857,701.178100618015,67.73618508198501,False,0.537035125,25.09010971428572,39.83215985714286
276.2571429,271.7068951491045,4.550247750895494,False,0.191869824,31.9597596,36.301157466666666
1168.625,1097.6467837026803,70.9782162973197,False,0.844823108,29.171191466666667,57.72865393333333
148.3625,150.79538087034055,2.43288087034054,False,0.0992951618,23.76213573333333,26.630550000000003
36.1,60.223323079576,24.123323079575997,False,0.0262128633333333,30.311684133333333,28.36227433333333
664.3428571,582.8002857512738,81.54257134872614,False,0.435684946,31.42362873333333,46.57489593333333
734.2375,665.828328079145,68.40917192085499,False,0.5028826646666666,28.30027873333333,46.0441244
186.475,201.82978607398135,15.354786073981359,False,0.138821146,27.1594952,30.26335453333333
13.2125,34.92650839410076,21.71400839410076,False,0.0105634890714285,22.495716785714286,20.229721071428568
714.7833333,939.6156101870587,224.8322768870587,True,0.718638987,33.757623499999994,56.5494842
1149.9375,1271.473586055839,121.53608605583895,False,0.988618098666667,30.10053313333333,56.94452306666666
80.425,93.50794890035368,13.082948900353685,False,0.0565229884,22.34989833333333,22.100982666666667
724.15,749.1751675152713,25.025167515271278,False,0.5750738046666666,26.4731404,41.65764953333333
930.2428571,968.2081873713722,37.96533027137218,False,0.7478432246666665,30.896520866666663,49.9358562
865.425,873.55913465972,8.134134659720075,False,0.6704487179999999,27.71488233333333,48.363682
392.7428571,375.5571820705964,17.18567502940357,False,0.2754312246666665,27.123667466666664,35.691247399999995
798.825,736.9409039812386,61.8840960187614,False,0.561617874,26.040903733333334,44.667008466666665
1120.7125,1150.5328061800274,29.820306180027274,False,0.8879575373333333,30.804624466666667,58.6477848
723.5857143,1037.451291417321,313.8655771173211,True,0.7931582364285715,33.08275935714286,61.57563135714286
142.95,153.41336081497724,10.46336081497725,False,0.1046293030666666,22.578601066666668,23.143766266666663
924.2875,878.308257631468,45.97924236853203,False,0.6735253459999999,31.263549933333337,50.6611794
116.0285714,131.0246504411605,14.996079041160499,False,0.0826623008571428,25.69048421428572,27.85878635714285
502.475,502.8582747498379,0.3832747498378808,False,0.3759219506666666,27.16653653333333,39.336533733333326
113.4142857,131.5009178012795,18.08663210127952,False,0.0880664663333333,22.569683933333334,21.829941666666667
909.4375,935.7526947613189,26.315194761318935,False,0.718821216,28.941943333333327,51.34074066666668
770.8714286,715.9099576895629,54.961470910437015,False,0.5478691779999999,27.2929586,41.94669766666666
724.0142857,716.1106699116287,7.903615788371212,False,0.5423748746666666,29.3643758,48.12385466666667
240.3125,228.13090035326002,12.181599646739983,False,0.163458322,26.86789553333333,27.269881133333328
269.5714286,257.2693613821124,12.302067217887611,False,0.1830355166666666,27.3096638,31.48711953333333
197.2571429,220.73939068911037,23.482247789110374,False,0.1547126757142856,24.8159595,28.888477857142853
971.3,939.6156101870587,31.684389812941276,False,0.718638987,33.757623499999994,56.5494842
765.0375,737.956735159885,27.080764840114966,False,0.563544357142857,32.07216542857143,46.25483692857144
992.2714286,915.1726144966798,77.09881410332025,False,0.7019433013333334,30.105845400000003,51.84774173333333
100.5,110.81529928430666,10.315299284306661,False,0.0697883706,22.4054382,22.988533466666667
927.9428571,1079.6859601545798,151.74310305457982,False,0.8324597433333333,29.89033,55.8342632
175.2375,185.05735698872266,9.819856988722648,False,0.1320388563333333,22.4990804,21.7430604
746.2857143,928.163104303932,181.87739000393196,True,0.7167022733333334,28.98237106666667,47.528133
630.6625,647.1976634334084,16.535163433408343,False,0.4851745126666666,25.6231832,47.156502466666666
150.0,185.05735698872266,35.05735698872266,False,0.1320388563333333,22.4990804,21.7430604
734.8,643.5733512481717,91.2266487518283,False,0.4920235971428571,25.21828571428572,37.81592471428572
617.3428571,595.1587464323408,22.184110667659183,False,0.4513733507142856,26.096950071428576,39.086399571428565
1102.242857,1034.958349427151,67.28450757284895,False,0.7998929533333332,29.06769213333333,51.64617686666667
756.0571429,653.8984844086809,102.1586584913191,False,0.4937874026666666,26.1081848,44.455601
71.12857143,83.98338906831141,12.854817638311417,False,0.0495149681333333,21.985833666666664,21.195638
474.925,519.8296631702412,44.904663170241236,False,0.3929178906666667,25.088962666666667,35.562813133333336
39.9125,59.364396205089655,19.451896205089653,False,0.0307983313333333,21.681390466666667,19.693007533333333
575.4125,568.4923788754381,6.920121124561888,False,0.4313674273333333,25.9910524,37.30622160000001
737.9857143,744.7978563701412,6.812142070141135,False,0.569132588,26.365627066666665,43.806378
361.1428571,438.88349576500946,77.74063866500944,False,0.3182395246666667,29.198299066666667,45.0946062
1190.0875,1182.4648030722547,7.622696927745437,False,0.9131820933333334,30.38230993333333,59.35841486666666
49.425,75.0605009067179,25.63550090671791,False,0.0369035885714285,28.82632671428572,29.096067142857144
667.3125,660.0390419120334,7.27345808796656,False,0.5032727366666667,27.832635533333328,41.04779260000001
516.2714286,451.3438184750977,64.92761012490234,False,0.3381332306666667,24.68842373333333,34.1126014
632.925,541.441895783146,91.48310421685392,False,0.4062958466666666,27.494000133333333,40.65558086666666
978.8625,940.9411723400726,37.92132765992733,False,0.7277635133333333,26.6301878,45.9655842
0.0,20.3493831351531,20.3493831351531,False,1.4736836000000004e-05,21.506819666666665,18.492340066666667
1209.1625,1152.3030321344381,56.85946786556178,False,0.8877618960000001,30.494291133333338,60.050757
760.275,769.679352026158,9.404352026157994,False,0.5895070206666666,25.810009866666668,43.5907308
716.475,658.597809450835,57.87719054916499,False,0.5024805850000001,27.97164264285714,40.74435871428572
78.675,85.72420877205253,7.049208772052538,False,0.050611544,23.312432866666672,22.078063866666664
1184.025,1126.6361780747106,57.38882192528945,False,0.873090314,29.520699200000003,53.681734000000006
821.7,819.4388485805533,2.261151419446719,False,0.6250849942857142,34.05229864285714,52.027917142857135
428.1125,470.7549493447235,42.6424493447235,False,0.3559949986666666,24.3803284,32.1630228
1407.542857,1560.1519534696426,152.60909646964274,False,1.2216518466666668,27.848915600000005,59.386079333333335
377.75,376.8232732807104,0.9267267192896043,False,0.273557416,31.600370266666665,40.34497666666666
92.825,112.70816578009202,19.883165780092014,False,0.0716501757333333,22.65153,22.805830800000003
47.08571429,60.739103367082905,13.653389077082906,False,0.0321055547333333,21.70994886666666,19.537300666666667
54.12857143,81.74758345937695,27.619012029376954,False,0.0424932424666666,27.09036053333333,28.24562973333333
619.95,679.484374250803,59.5343742508029,False,0.51719428,27.86592971428571,42.949353714285714
51.15,67.07409047218974,15.92409047218974,False,0.0349704387333333,21.8738464,21.782067666666663
1244.457143,1248.6815633293163,4.224420329316217,False,0.9678900893333334,31.299159800000005,59.367140466666655
1247.25,1327.1415348918526,79.89153489185264,False,1.034329982142857,30.28202614285715,56.95899535714286
13.825,41.97155355063885,28.146553550638853,False,0.0112836303666666,29.691412400000004,28.060636333333328
676.5125,742.3044765903151,65.79197659031502,False,0.562169516,29.9996884,49.968572866666655
744.25,758.2428026621081,13.992802662108147,False,0.5760844593333334,27.683191,48.176432
1134.8,1139.4803445988696,4.680344598869624,False,0.879347218,33.4819584,59.38402526666668
595.95,575.4077072009821,20.5422927990179,False,0.4324710653333333,30.035451333333327,43.3170714
147.08,155.91087359956057,8.830873599560562,False,0.1014331655,25.9601472,29.5002533
208.7,207.8344098937701,0.8655901062298881,False,0.1415173426666666,27.7056072,32.5780582
700.9625,720.548833745402,19.586333745402044,False,0.546798932,26.107157266666665,45.982417866666665
882.6714286,915.3371325070567,32.665703907056695,False,0.702748034,28.7853558,50.65149946666666
703.6875,638.2916135741267,65.3958864258733,False,0.4839689073333333,27.073685666666663,42.09396553333334
439.4625,469.6832142821999,30.220714282199935,False,0.3465496533333333,32.31323666666667,43.588924266666666
270.1875,256.9692064739129,13.218293526087109,False,0.187030046,22.19873053333333,25.319020466666665
222.6,244.87825709453745,22.27825709453745,False,0.1741178993333333,26.160349600000004,29.8308308
883.6625,836.1652992571422,47.497200742857785,False,0.6406613233333333,27.081068733333336,47.275213466666656
283.8,313.27435925292497,29.474359252924955,False,0.2224269813333333,31.461081866666667,39.37515073333333
38.0,63.76702969438634,25.767029694386338,False,0.0331407035,23.016544857142858,21.453314571428567
194.9875,188.78823628472446,6.199263715275549,False,0.1274455812,26.798168933333333,30.744077466666667
406.0142857,401.4316881170676,4.582597582932408,False,0.2977888,25.61507166666667,33.972491733333335
425.35,459.02362550006274,33.67362550006271,False,0.341884376,28.7667054,38.25223593333334
932.0375,937.5544708072392,5.516970807239204,False,0.7201458673333331,27.95082393333333,51.054569666666666
337.95,313.9167499856455,24.033250014354508,False,0.2222456033333333,27.874310399999995,38.48475933333333
65.5875,84.94832833982497,19.360828339824963,False,0.0494097238666666,23.976731266666665,22.893282
1014.9125,1071.3452100761392,56.43271007613919,False,0.8295752813333332,29.420182333333333,51.9404828
438.05,407.1669608404238,30.883039159576185,False,0.3022549713333332,27.5691588,35.038138866666664
93.14285714,107.76744953127874,14.624592391278739,False,0.0685966837333333,21.887721666666664,21.544547666666663
1020.7875,959.4701474734348,61.31735252656517,False,0.7417442313333333,32.92808646666667,49.820072333333336
779.1,777.3681758931446,1.7318241068554698,False,0.601040456,27.86605026666667,39.599638000000006
0.0,22.93520055742772,22.93520055742772,False,0.0001471694642,21.959989266666664,20.5434348
511.6,480.1266220418196,31.473377958180436,False,0.361205644,26.3079448,35.30504146666667
390.6,388.4509777421012,2.149022257898821,False,0.2869888493333333,28.329986466666664,35.2929974
11.84285714,37.57431282222795,25.731455682227953,False,0.0088122812133333,29.54822573333333,26.94033806666667
302.2285714,279.59718714059744,22.63138425940258,False,0.1990470293333333,27.55705773333333,33.73647673333334
30.81428571,50.674385612902206,19.860099902902206,False,0.0230068427666666,21.185369800000004,20.100394533333336
111.8714286,125.41801663278993,13.546588032789927,False,0.0755440882,32.63336773333333,33.21449166666667
1077.8125,1041.7078834430654,36.104616556934616,False,0.8068469279999999,27.371873,49.5876018
736.5285714,718.9270680466396,17.601503353360386,False,0.5521471146666667,26.016273933333327,39.71077913333334
0.0,42.97491941191008,42.97491941191008,False,0.0123415255071428,28.737601,27.42860421428572
907.8,929.8083710834746,22.008371083474685,False,0.717151316,26.793420266666665,47.4213378
360.1,356.1202973537607,3.979702646239332,False,0.2642032693333333,23.83686933333333,29.87518726666667
1257.657143,1250.1112881447111,7.5458548552887805,False,0.970586436,32.02379753333333,58.25814226666666
264.9,310.55069301072865,45.65069301072867,False,0.2199188633333333,27.509313866666663,37.922645866666656
936.425,924.688678184941,11.736321815059,False,0.7181465133333333,28.7229654,43.40939126666667
111.1142857,130.87558140680522,19.761295706805228,False,0.086237195,24.0184102,23.685199
669.4857143,666.8259166670096,2.6597976329904895,False,0.5029802726666666,27.562856066666672,46.39747086666667
841.6375,828.6681584323386,12.969341567661445,False,0.632901332,31.86826353333333,50.850927733333336
369.7,353.89522067638103,15.804779323618959,False,0.2588894479999999,24.185119466666663,33.2824116
576.7,598.9785771687644,22.2785771687644,False,0.4515764164285714,33.265648642857144,44.920237928571424
727.0,800.6102349195353,73.61023491953529,False,0.611992378,29.157197866666667,47.72198893333333
660.8285714,667.1775535630484,6.34898216304839,False,0.5058525086666666,25.1560954,42.945062333333325
1125.942857,1052.1811187385547,73.76173826144532,False,0.8122406413333334,31.2210448,54.23274553333334
616.375,561.9170815141517,54.45791848584827,False,0.4242669086666667,28.490726733333336,39.98254813333334
1099.4125,1116.2275071988543,16.815007198854346,False,0.8627664733333335,29.567946466666665,55.37232273333334
729.6714286,671.2039344300028,58.46749416999717,False,0.507273356,27.061141066666668,45.5239648
627.0125,665.1385843313705,38.12608433137041,False,0.5023924839999999,31.3661072,47.2997298
883.5285714,812.4998201361146,71.0287512638854,False,0.62278731,29.8473918,47.0438902
44.12857143,63.94096550830308,19.81239407830308,False,0.0333103492857142,21.65816592857143,20.84060435714285
624.2375,578.6974628890969,45.540037110903086,False,0.4386813753333332,27.21775093333333,38.819875
1068.457143,765.099736805267,303.35740619473313,True,0.5801343633333333,30.550409,50.88379926666666
1006.6375,950.8533562057211,55.784143794278975,False,0.7350834633333333,33.763185400000005,49.80390433333333
394.975,424.62057009707206,29.64557009707204,False,0.3109964793333333,33.04103613333332,42.6021344
16.9,37.31224508607173,20.412245086071728,False,0.0129515775266666,21.290627133333327,19.30538333333333
36.8625,55.95718782501305,19.094687825013054,False,0.027412691,22.37073828571429,20.5436425
1258.375,1390.952188617066,132.57718861706599,False,1.0894755359999997,29.817582266666665,54.12078233333333
445.9,430.8925231018802,15.007476898119762,False,0.3201579573333333,28.018060266666662,36.67894273333333
256.3125,266.7635836774779,10.451083677477925,False,0.1895537733333333,27.695955466666668,32.8359476
603.0,548.1004953100694,54.89950468993061,False,0.4154079433333333,26.170804866666664,36.67445066666666
683.7142857,595.6295100109593,88.08477568904073,False,0.454945416,24.945296133333336,35.61483133333333
654.3285714,629.6151416610079,24.71342973899209,False,0.466788824,34.08138426666667,54.51913673333334
1060.7625,1034.958349427151,25.80415057284904,False,0.7998929533333332,29.06769213333333,51.64617686666667
424.1142857,407.96932971695674,16.144955983043246,False,0.3029486386666666,23.706215533333328,33.3340642
0.0,22.922542266383715,22.922542266383715,False,0.0008480133085714,21.663992714285715,19.75165221428572
883.6571429,815.4791969458834,68.1779459541167,False,0.6239884299999999,26.3615418,46.695184266666665
595.4857143,664.5867527314551,69.1010384314551,False,0.5060438120000001,29.012854,42.45200799999999
41.575,60.739103367082905,19.1641033670829,False,0.0321055547333333,21.70994886666666,19.537300666666667
855.0428571,777.3681758931446,77.67468120685544,False,0.601040456,27.86605026666667,39.599638000000006
42.0,63.652557090138465,21.652557090138465,False,0.0331196089333333,21.563067533333328,20.756795266666668
868.65,767.5619909572741,101.08800904272584,False,0.5838647386666667,31.617256666666663,49.747872
924.1,859.1262302914417,64.97376970855828,False,0.6610665566666664,27.98884273333333,46.194077866666674
150.125,156.164488329119,6.039488329118996,False,0.1018763052666666,26.046683800000004,29.318176333333334
470.575,468.5307671585763,2.0442328414237068,False,0.3462306933333333,34.430942666666674,43.9206158
740.575,723.6240010067685,16.950998993231565,False,0.5473548466666667,29.9082072,49.460659
116.625,140.83082620524783,24.20582620524783,False,0.08716189,33.03212220000001,34.3384004
29.08571429,51.13686433994522,22.05115004994522,False,0.0222816074666666,24.01163526666667,22.35345866666667
745.0375,706.0006099475507,39.03689005244928,False,0.5360867057142857,26.705200071428568,45.106050571428575
474.2875,485.3151585598288,11.027658559828751,False,0.3527128088,28.193302266666667,48.016939066666666
149.6125,152.37981524338412,2.767315243384104,False,0.1027040146666666,22.312394333333334,24.034580466666668
422.1142857,363.85948438568795,58.25480131431203,False,0.2680125333333333,24.295941266666667,32.440757133333335
926.625,866.9477709021285,59.67722909787153,False,0.66640501,29.011586333333334,47.639289111111104
705.3142857,718.2981466807225,12.983860980722511,False,0.5538165126666666,24.78111993333333,37.137320933333335
572.8875,561.1582360347498,11.729263965250198,False,0.4202787366666667,26.58655813333333,42.300410866666674
0.0,25.722365034265863,25.722365034265863,False,0.0024945839982,21.80440273333333,20.4181316
1016.014286,952.7362048566661,63.27808114333391,False,0.7332435986666667,31.66299653333333,52.0534832
770.1857143,694.481976627368,75.70373767263197,False,0.5315657121428571,26.492523071428568,40.41920307142857
560.775,541.9026519978647,18.872348002135254,False,0.4089987206666667,24.8309816,37.33390526666666
10.725,33.251371890772205,22.526371890772204,False,0.00961781414,23.151116866666666,20.113913933333333
923.525,969.3118059064409,45.78680590644092,False,0.7466439013333332,30.864174466666668,51.88567106666667
1186.828571,1191.3894048595962,4.560833859596187,False,0.922471946,27.280598866666665,56.17617786666667
411.7125,411.24832846528835,0.46417153471162464,False,0.2994810686666667,32.20655313333332,42.755688333333325
67.8625,87.12856163213178,19.26606163213178,False,0.0525060624,22.413663666666665,20.99587586666667
268.7,303.1108603466743,34.410860346674326,False,0.224655888,23.399713266666662,26.031282600000004
284.075,279.17685287681326,4.898147123186732,False,0.1992258571428571,26.423555642857146,32.757710357142855
1114.05,1116.2275071988543,2.1775071988543004,False,0.8627664733333335,29.567946466666665,55.37232273333334
843.8285714,704.4800424456413,139.3485289543587,False,0.5361376973333333,32.8598512,46.55671166666666
576.75,769.5046968520958,192.75469685209578,True,0.5899908493333333,26.32546173333333,43.22846253333333
1093.057143,1140.1597990719379,47.10265607193787,False,0.888736286,27.5598856,48.580128733333325
1149.575,1079.6859601545798,69.88903984542026,False,0.8324597433333333,29.89033,55.8342632
47.45714286,65.92056779854704,18.463424938547043,False,0.0358883196666666,21.44021593333333,19.8552002
403.8571429,407.96932971695674,4.112186816956751,False,0.3029486386666666,23.706215533333328,33.3340642
808.375,784.4847357646393,23.890264235360746,False,0.5945410246666665,32.61264433333333,53.1639342
1153.171429,1222.9529368663807,69.78150786638071,False,0.9492787793333332,28.9500306,56.0328042
72.54285714,90.59176728204548,18.048910142045486,False,0.0509663638,25.6725036,26.492338066666665
720.6125,695.6568581560009,24.955641843999047,False,0.5257635171428571,29.282915285714285,47.94010285714285
71.27142857,84.39585912954078,13.124430559540784,False,0.0510381027333333,21.996521066666663,20.094380866666672
829.6571429,794.5187738188424,35.138369081157634,False,0.6102461506666667,26.9201314,43.72293526666667
94.8875,107.0095826370699,12.122082637069894,False,0.0639746532,25.8629782,26.99750153333333
136.2125,130.3892488931596,5.8232511068404165,False,0.085784176,23.556774866666668,23.536191933333328
702.6,765.099736805267,62.499736805266934,False,0.5801343633333333,30.550409,50.88379926666666
82.125,104.34390296153823,22.218902961538234,False,0.0601320612666666,28.524298066666667,29.694879200000003
682.2285714,697.1452062833101,14.916634883310167,False,0.5357404813333333,26.6822978,38.64299933333333
781.6714286,722.8536596509615,58.81776894903851,False,0.5511298453333334,26.93235466666667,44.0610454
222.2,234.25043995720608,12.050439957206095,False,0.1674217992857143,23.115711714285712,26.6308375
56.65714286,76.92352381830023,20.266380958300225,False,0.039089017,29.038175466666665,28.573687866666667
1144.2,1124.172800804266,20.027199195734056,False,0.8658357226666666,33.4319154,60.258821466666674
971.7285714,957.045583462608,14.682987937392,False,0.740527077142857,27.75967185714285,46.865433142857135
0.0,21.992105407825115,21.992105407825115,False,0.0001461652226,21.171103933333328,19.48152053333333
56.975,76.92352381830023,19.948523818300224,False,0.039089017,29.038175466666665,28.573687866666667
16.4125,37.31224508607173,20.899745086071725,False,0.0129515775266666,21.290627133333327,19.30538333333333
367.8875,353.89522067638103,13.992279323618959,False,0.2588894479999999,24.185119466666663,33.2824116
791.0571429,757.690107724903,33.367035175097044,False,0.5752638966666666,29.1554974,49.15606886666666
893.3375,865.4105895145607,27.926910485439294,False,0.6613621766666666,29.223415066666668,51.2609924
977.325,961.128784066495,16.196215933505073,False,0.7403816392857143,28.62208571428572,50.49866800000001
303.35,298.09855113796317,5.2514488620368525,False,0.206959974,32.85396113333333,42.799833
115.975,128.99259834784613,13.017598347846132,False,0.0795873111333333,31.300166866666668,31.599767866666667
1016.9375,1116.2275071988543,99.29000719885425,False,0.8627664733333335,29.567946466666665,55.37232273333334
36.85,57.85917754349532,21.00917754349532,False,0.0291135531333333,23.35637213333333,20.837968
1085.828571,1139.956533568838,54.12796256883803,False,0.87740903,33.30490126666667,61.48070286666666
185.3571429,192.79343502694636,7.436292126946341,False,0.1354008960666666,22.74705013333333,24.6323364
0.0,24.619421469290163,24.619421469290163,False,0.0010673070493333,22.802852266666665,21.3380066
217.4571429,214.95790466721309,2.4992382327869223,False,0.15224982,23.244622733333337,26.083353666666667
25.475,54.89498589665436,29.41998589665436,False,0.0208843500333333,29.4541402,28.8870646
136.175,138.83738569954625,2.6623856995462347,False,0.0897481783333333,23.337219066666663,26.20634773333333
505.3,577.3474058566716,72.04740585667156,False,0.4311784306666666,34.304164533333335,47.853904533333335
0.0,22.19781468564407,22.19781468564407,False,0.0006199202026666,23.2451844,20.093800666666667
560.1125,838.284025327586,278.1715253275861,True,0.635450962,32.495967666666665,56.101076266666674
1206.0625,1208.295485336847,2.232985336846923,False,0.9430199413333334,27.5224672,50.04055993333334
398.05,391.9839461960505,6.066053803949501,False,0.2930392133333333,23.1475484,30.10846553333333
496.9625,541.9026519978647,44.940151997864746,False,0.4089987206666667,24.8309816,37.33390526666666
606.4142857,513.5894177765385,92.82486792346151,False,0.386892012,26.1215332,36.85808506666665
191.0125,208.171618578887,17.159118578887018,False,0.1471822867333333,23.208211133333336,25.60406513333333
0.0,22.330379378252076,22.330379378252076,False,0.0009824882666666,21.082100399999995,18.921358066666667
4.9375,32.30539960836409,27.36789960836409,False,0.0047339318343333,27.510428933333333,25.833406533333328
400.4428571,427.02621675794666,26.58335965794663,False,0.319270414,23.30529986666667,32.51050999999999
116.4142857,131.0246504411605,14.61036474116051,False,0.0826623008571428,25.69048421428572,27.85878635714285
241.9857143,234.25043995720608,7.735274342793929,False,0.1674217992857143,23.115711714285712,26.6308375
498.075,482.36743688978896,15.707563110211026,False,0.3581823699999999,34.38115033333334,43.332853333333325
1266.7,1105.4551714176014,161.24482858239867,False,0.8554001073333332,29.45011986666667,53.953094466666656
967.5375,958.5683690328741,8.96913096712592,False,0.7444816766666666,28.601291866666667,44.703940933333335
1222.1125,1216.28963205017,5.82286794982997,False,0.9393533653333334,32.5261004,61.743723933333335
247.5375,232.8483744823801,14.689125517619885,False,0.1629056366666666,27.32750646666667,31.59433793333333
519.2571429,521.4106079898191,2.1534650898191785,False,0.3904150371428571,29.911296071428573,41.1940265
973.2857143,951.3781143130989,21.90759998690112,False,0.7337398671428571,28.672439642857142,49.257720857142864
934.3857143,907.3216236147528,27.064090685247265,False,0.7001427807142858,27.843497142857142,46.54200971428571
904.3875,986.4458274575202,82.05832745752014,False,0.7673879126666666,27.778367,44.30236186666666
569.3714286,588.0593534454969,18.687924845496923,False,0.4473209473333333,25.21634506666667,37.05501713333334
268.5714286,263.0471298214991,5.524298778500906,False,0.1886549799999999,24.80741786666666,29.581636466666662
1113.05,1150.5328061800274,37.48280618002741,False,0.8879575373333333,30.804624466666667,58.6477848
523.4125,540.4464040655622,17.033904065562183,False,0.4053485726666666,26.430782066666666,40.3180586
212.3571429,233.5169462488002,21.15980334880018,False,0.155080448,30.053727133333336,40.58806333333334
729.075,737.3870235402643,8.31202354026425,False,0.56387132,27.864129466666668,43.693817200000005
1077.114286,1182.3190748523234,105.20478885232342,False,0.917253122,31.41328526666667,55.89338740000001
14.3,37.55352770669893,23.25352770669893,False,0.0117904483199999,23.21604600000001,21.406390466666668
9.5625,37.80767524630827,28.24517524630827,False,0.0086745569666666,26.31346433333333,25.84845173333333
992.3714286,1021.7627713288016,29.391342728801646,False,0.7815910821428571,33.13893985714286,60.39023078571429
431.9142857,398.23071851674837,33.683567183251625,False,0.2895850273333333,33.25120033333334,42.48199053333333
332.1875,305.44970809627216,26.73779190372784,False,0.2204616164285714,26.64763521428571,33.14010199999999
0.0,23.158785056786993,23.158785056786993,False,0.0005523642353333,21.4640382,20.121873
82.31428571,96.14746102971127,13.833175319711273,False,0.0600698337999999,22.186450266666665,20.73989253333333
691.35,647.2483206340156,44.10167936598441,False,0.4945615926666666,24.705782066666668,38.037754333333325
172.4428571,173.52612905058984,1.0832719505898467,False,0.1192626860666666,22.443727666666664,24.81898393333333
243.3625,237.47565869909045,5.886841300909566,False,0.1693729433333333,22.6054098,27.0571594
573.9285714,641.0930235814878,67.16445218148783,False,0.476600342,33.761303733333335,54.00686426666665
954.0857143,930.4364394256569,23.649274874343064,False,0.7175451686666666,30.02618813333333,48.932501133333325
5.914285714,33.27230040184206,27.358014687842058,False,0.00859414896,21.30836173333333,20.28832386666667
40.475,60.739103367082905,20.264103367082903,False,0.0321055547333333,21.70994886666666,19.537300666666667
38.34285714,57.61721322967777,19.274356089677774,False,0.0287589122,22.62713006666667,20.668404133333333
582.0571429,520.1723964629738,61.88474643702625,False,0.3929380471428571,25.35791885714286,35.92258564285714
38.57142857,57.85917754349532,19.28774897349532,False,0.0291135531333333,23.35637213333333,20.837968
75.68571429,91.47221158075408,15.78649729075407,False,0.0500169534,29.53365073333333,29.722025533333333
565.7857143,518.5096646470981,47.27604965290186,False,0.3904689026666667,24.942492866666665,36.7749714
353.4,330.90553279848456,22.49446720151542,False,0.2446230293333333,22.696124266666665,28.3609558
792.2625,706.9074910077,85.3550089923001,False,0.5378590466666667,31.09232593333333,46.04329853333333
560.425,563.3862291862079,2.961229186207902,False,0.4275489526666667,25.166898466666662,36.606188800000005
443.0625,409.1443590056862,33.918140994313774,False,0.3072239171428571,23.75348328571429,30.263634785714284
99.41428571,140.66772411915647,41.25343840915647,False,0.0881270817333333,31.36695346666667,32.592636866666666
232.2375,228.13090035326002,4.106599646739994,False,0.163458322,26.86789553333333,27.269881133333328
822.5125,800.3461172543045,22.1663827456955,False,0.6145960239999999,28.671067200000003,44.87971400000001
0.0,21.414597814569348,21.414597814569348,False,0.0002504884802,21.7722168,19.202215400000007
7.085714286,35.862087070492656,28.776372784492658,False,0.0077439426142857,25.55980335714285,24.90223478571428
948.2,854.3956256260752,93.80437437392482,False,0.6673560326666667,27.7970438,36.62138300000001
805.2142857,1004.0551780123536,198.84089231235362,True,0.7729503573333332,30.39099113333333,53.7158892
57.44285714,76.92352381830023,19.480666678300224,False,0.039089017,29.038175466666665,28.573687866666667
328.2428571,364.3746305593248,36.13177345932485,False,0.263809032,29.8172668,39.14588853333333
227.7,241.2385779316497,13.538577931649712,False,0.1741175246666666,22.97513853333333,25.668487533333334
0.0,25.828129129594956,25.828129129594956,False,0.0008627212413333,24.28921113333333,23.09669193333333
1265.485714,1440.96305960162,175.47734560162007,False,1.1225500642857145,28.24220935714285,60.84071814285714
843.675,771.541264018643,72.13373598135695,False,0.5924935807142857,27.712921,43.051186571428566
1263.8125,1245.6457588543876,18.166741145612377,False,0.9666168293333331,32.30198566666667,58.666117466666655
47.62857143,67.46120611180771,19.83263468180771,False,0.0350118484,22.081197066666665,22.1293234
815.2571429,742.1555967030546,73.10154619694538,False,0.5761803393333333,25.37993566666667,34.78068233333334
1043.071429,936.2936856891769,106.77774331082321,False,0.7204248719999999,27.3343506,49.562795
692.4714286,640.3082492093787,52.16317939062128,False,0.483302472,27.63629753333333,44.50241260000001
361.05,356.1202973537607,4.9297026462393205,False,0.2642032693333333,23.83686933333333,29.87518726666667
47.7625,75.9723745137177,28.209874513717693,False,0.0367549387333333,30.906561266666667,30.832251133333333
666.5875,729.6144809351983,63.02698093519837,False,0.5601515626666665,27.553778,41.08350839999999
275.0875,283.7874857607092,8.69998576070924,False,0.206390628,23.595815066666667,28.376147533333327
1278.542857,1284.985735462491,6.44287846249108,False,0.9985397593333332,29.4468058,57.7418068
228.6625,232.7305086291228,4.068008629122801,False,0.167161456,23.25484613333333,25.770912666666668
836.9,873.6641421408419,36.764142140841955,False,0.6676724242857142,30.929628642857143,52.4254235
0.0,22.290221395943334,22.290221395943334,False,7.79209073e-05,21.658839866666664,19.984273200000004
1083.428571,1182.3190748523234,98.89050385232349,False,0.917253122,31.41328526666667,55.89338740000001
839.6142857,804.5157723887519,35.0985133112481,False,0.6136754333333333,28.123655266666663,48.692805666666665
5.725,32.592196825880315,26.867196825880313,False,0.0059466362266666,25.260909000000005,23.9481894
993.9,986.4458274575202,7.454172542479796,False,0.7673879126666666,27.778367,44.30236186666666
535.2857143,511.61316141542454,23.672552884575452,False,0.3876267686666667,24.36926893333333,33.90226446666667
724.7857143,615.4994805711788,109.28623372882123,False,0.4645947773333333,30.492716666666663,44.21325053333334
225.825,248.1953602822931,22.37036028229312,False,0.174294533,28.7508078,33.324613199999995
1219.471429,1332.079860162807,112.60843116280716,False,1.033489496666667,30.12836306666667,61.4558144
417.1,408.46865211503734,8.631347884962679,False,0.3050666364285714,24.27014585714286,31.983365928571427
144.1857143,147.9812942234235,3.795579923423503,False,0.0963806904,23.76201373333333,27.197131266666663
265.8375,278.8485983128949,13.011098312894944,False,0.2021267246666666,23.6712912,28.608892933333333
83.02857143,98.57546637018517,15.546894940185169,False,0.0606357090666666,23.3408814,22.568992
46.47142857,74.50508695409577,28.033658384095773,False,0.0359229087333333,31.005800533333336,30.528898000000005
763.1285714,716.1106699116287,47.01790148837131,False,0.5423748746666666,29.3643758,48.12385466666667
828.9857143,670.0690519932157,158.91666230678436,False,0.5049492813333333,34.278066,49.945772133333335
935.55,888.2343521637163,47.31564783628369,False,0.6824211164285713,30.11147635714285,49.456279
746.5625,723.6240010067685,22.93849899323152,False,0.5473548466666667,29.9082072,49.460659
572.7,557.7502002439662,14.949799756033826,False,0.4156516442857142,28.15413335714286,44.68885371428571
1024.014286,957.045583462608,66.96870253739212,False,0.740527077142857,27.75967185714285,46.865433142857135
776.15,715.9099576895629,60.24004231043705,False,0.5478691779999999,27.2929586,41.94669766666666
0.0,26.240900870952885,26.240900870952885,False,0.00035944967324,28.97306333333333,25.9079486
140.5857143,155.29724305931634,14.711528759316337,False,0.1023283072,26.401951266666664,28.3863546
1302.571429,1402.3800053499936,99.80857634999347,False,1.093312369333333,27.4672506,58.268178266666666
820.1875,732.9241141550135,87.26338584498649,False,0.5638615457142857,27.46658328571429,40.11592957142858
9.95,36.211190066534805,26.261190066534805,False,0.0088829525333333,24.0314636,23.445373466666663
124.7875,129.07846213382533,4.290962133825332,False,0.0816072844666666,25.334818533333337,27.200339666666668
946.8428571,909.5180596733798,37.324797426620194,False,0.702585196,28.91200753333333,46.4054178
600.5,629.1271626943046,28.627162694304616,False,0.4785613493333333,25.00489506666667,39.233233733333336
114.9428571,131.12170767313745,16.178850573137453,False,0.0858986049285714,23.366936642857144,23.907782357142853
394.5714286,416.50016190490106,21.928733304901073,False,0.3026864813333333,31.6578208,43.54560113333334
0.0,29.31756740656892,29.31756740656892,False,0.00478462602,22.69311313333333,21.416339066666666
610.1,626.6473839097209,16.547383909720907,False,0.4780336921428571,25.18008221428571,37.9038915
1147.414286,1019.0672485673006,128.34703743269938,False,0.7908823293333332,27.777927533333337,47.3377034
466.2125,430.8925231018802,35.31997689811976,False,0.3201579573333333,28.018060266666662,36.67894273333333
456.475,420.77909258553035,35.69590741446967,False,0.3118431713333333,27.934391200000004,36.66382873333334
756.4571429,753.8304892958146,2.626653604185435,False,0.5753350319999999,30.685426933333336,46.79792493333333
1099.285714,1106.9249184244209,7.639204424420768,False,0.8512261735714286,31.37843957142857,59.80717471428572
498.4714286,811.5447968900344,313.07336829003435,True,0.6231526486666666,27.6209698,45.0092326
846.6714286,742.1555967030546,104.51583189694543,False,0.5761803393333333,25.37993566666667,34.78068233333334
618.375,575.4077072009821,42.967292799017855,False,0.4324710653333333,30.035451333333327,43.3170714
1290.557143,1365.8761723913808,75.31902939138081,False,1.0637222583333332,32.29975366666667,60.04074324999999
1083.871429,1159.8362035100654,75.96477451006535,False,0.8978028199999998,31.393697066666668,56.83325393333334
1327.942857,1320.121148547713,7.821708452287112,False,1.0312303086666668,28.649094666666667,53.773537133333335
948.3428571,1014.6117669287762,66.26890982877626,False,0.771698892,28.96689653333334,62.345989
224.6375,206.53508099555216,18.102419004447825,False,0.1418597668571428,27.56227564285714,31.202229142857146
36.3,55.95718782501305,19.657187825013054,False,0.027412691,22.37073828571429,20.5436425
68.85714286,85.05807012951192,16.200927269511922,False,0.0503953045333333,21.3506612,20.921696
91.47142857,102.6338362252076,11.162407655207602,False,0.0630958514666666,21.6540956,22.649001066666667
736.9875,658.597809450835,78.38969054916492,False,0.5024805850000001,27.97164264285714,40.74435871428572
496.675,462.0477901140715,34.627209885928494,False,0.3453362106666667,27.406433066666665,36.756546933333325
817.075,868.5513569336258,51.476356933625766,False,0.660908664,27.909726666666668,53.5194478
399.9285714,376.8232732807104,23.105298119289614,False,0.273557416,31.600370266666665,40.34497666666666
756.4285714,744.7978563701412,11.630715029858834,False,0.569132588,26.365627066666665,43.806378
176.2875,179.2107485023423,2.923248502342318,False,0.1193123422666666,27.8887166,31.477473866666667
85.68571429,115.9935875024916,30.307873212491586,False,0.0703570209333333,26.4737508,28.1798118
86.6875,101.3699177030501,14.682417703050106,False,0.0596414616666666,24.9111592,26.31437593333333
169.1625,186.45461482179348,17.29211482179349,False,0.1241333933333333,30.44563606666668,33.627032533333335
493.74,611.205192976867,117.465192976867,False,0.4551483833333333,29.35144260000001,49.249723266666656
866.75,725.6192485837859,141.13075141621414,False,0.5448555493333334,31.578393466666665,54.042319733333336
769.3142857,726.1820482367834,43.1322374632166,False,0.5518274599999999,32.84624806666667,48.51458733333333
193.9875,186.43105016057905,7.556449839420964,False,0.1301255426666666,21.43288993333333,24.118766333333333
300.5571429,322.9516597164485,22.394516816448515,False,0.2420570666666666,23.262593733333336,24.914294266666666
1120.014286,1208.295485336847,88.28119933684684,False,0.9430199413333334,27.5224672,50.04055993333334
13.1625,37.57431282222795,24.41181282222795,False,0.0088122812133333,29.54822573333333,26.94033806666667
25.5,51.38446154933554,25.88446154933554,False,0.0204065283666666,25.387085133333333,24.88775633333333
1297.285714,1327.1415348918526,29.855820891852545,False,1.034329982142857,30.28202614285715,56.95899535714286
358.225,352.7586308391454,5.46636916085464,False,0.257869254,29.363769533333336,35.604502399999994
46.2,81.26285413196024,35.062854131960236,False,0.045347547,22.335686384615386,23.15451523076923
79.9,83.93419922347016,4.034199223470154,False,0.0505427079333333,21.30387786666667,19.903894
0.0,23.520176530356416,23.520176530356416,False,0.0010542331467857,21.226811071428568,19.82743392857144
275.7142857,273.23094525472686,2.483340445273143,False,0.193777918,27.25204246666667,33.650572000000004
684.3375,705.1346453323586,20.797145332358582,False,0.5379956300000001,25.8001344,42.2704184
1047.9875,1210.1207197988674,162.13321979886746,False,0.94011294,29.910441928571423,55.183059642857145
56.25714286,81.30770077984947,25.050557919849467,False,0.0412472248571428,29.02422,29.90827521428572
439.9857143,502.30757625791057,62.321861957910585,False,0.37085346,33.40587706666668,46.34387413333334
938.2,928.5827424120129,9.617257587987183,False,0.7147616046666667,28.17348426666668,49.310594
788.6571429,779.5665320520454,9.090610847954622,False,0.592244042,28.858711866666663,49.9206544
53.775,82.46856945868225,28.693569458682255,False,0.042321342,29.846213866666663,30.149639866666664
544.675,561.7370106233118,17.062010623311835,False,0.4227470493333333,31.0069884,42.35145673333333
584.7857143,567.4355922991169,17.35012200088306,False,0.4304919446666666,26.519590333333333,37.54320873333334
488.0142857,502.30757625791057,14.293290557910552,False,0.37085346,33.40587706666668,46.34387413333334
976.5125,827.7395403707724,148.77295962922767,False,0.642086792,26.913202066666663,39.42475606666666
89.78571429,109.99139641093413,20.205682120934128,False,0.0669730784,25.183624333333327,26.1870504
467.5625,426.9708024317212,40.59169756827879,False,0.3152401926666667,32.72757773333334,40.30443513333333
617.3428571,561.9170815141517,55.425775585848214,False,0.4242669086666667,28.490726733333336,39.98254813333334
1239.675,1248.0347171774638,8.359717177463835,False,0.964028712,30.414278266666667,62.09320066666666
677.2,712.7135510600384,35.51355106003837,False,0.5421384957142857,33.69572221428571,47.618194642857134
1274.528571,1390.952188617066,116.42361761706593,False,1.0894755359999997,29.817582266666665,54.12078233333333
1106.8,1034.958349427151,71.84165057284895,False,0.7998929533333332,29.06769213333333,51.64617686666667
40.65,58.81077778436898,18.16077778436898,False,0.0289893672,22.0659282,21.123944133333328
1082.15,1232.153234338943,150.003234338943,False,0.9516839406666668,28.785264266666665,60.75704953333334
364.4375,319.2940163196519,45.14348368034808,False,0.235077558,24.1127868,28.996931866666667
429.2285714,470.7549493447235,41.52637794472349,False,0.3559949986666666,24.3803284,32.1630228
888.8142857,838.0511407086126,50.763144991387435,False,0.6433630186666666,30.8197694,47.81379373333333
258.875,254.28771280227866,4.587287197721338,False,0.1810615513333333,26.854547133333337,30.850948
573.975,578.4624105421075,4.487410542107455,False,0.4346433879999999,28.541935266666663,42.981264133333326
216.6714286,273.0907170242266,56.41928842422658,False,0.2020374493333333,22.7244914,23.87672733333333
792.175,665.828328079145,126.34667192085499,False,0.5028826646666666,28.30027873333333,46.0441244
2.1875,28.970493514787197,26.782993514787197,False,0.0029981865438,25.1545614,23.882541866666667
127.6714286,129.07846213382533,1.4070335338253273,False,0.0816072844666666,25.334818533333337,27.200339666666668
214.0428571,248.44435745511464,34.40150035511465,False,0.1738986373333333,33.30025473333334,35.852207400000005
277.1714286,258.74035023473215,18.431078365267865,False,0.1810435286666666,29.1820414,35.28159566666666
0.0,26.509294477227865,26.509294477227865,False,6.4555534e-05,27.561787866666663,25.778186133333328
583.825,502.30757625791057,81.51742374208948,False,0.37085346,33.40587706666668,46.34387413333334
39.44285714,59.364396205089655,19.921539065089654,False,0.0307983313333333,21.681390466666667,19.693007533333333
331.5285714,386.0054573012233,54.47688590122334,False,0.291636115,23.072224285714285,26.810551285714286
1105.185714,1070.4611961975215,34.72451780247843,False,0.8263966746666666,27.78503,53.52336233333334
793.2857143,805.9341470664344,12.64843276643444,False,0.611296238,31.9529074,53.654715866666656
1088.1375,963.0677137302273,125.06978626977275,False,0.7446046793333331,29.653950933333327,48.487363866666655
363.4142857,432.06812319412313,68.65383749412314,False,0.3150899026666667,34.02411533333334,44.905969266666666
307.3142857,299.50624058843476,7.808045111565264,False,0.2196392886666666,23.587081,28.0358926
303.7571429,287.23329792148235,16.523844978517673,False,0.205583812,27.73206186666667,33.554784733333335
556.2428571,503.74623667742617,52.49662042257387,False,0.3819702386666666,24.130067933333336,33.0580506
544.2428571,544.2359728323756,0.006884267624400309,False,0.403045044,27.300339800000003,45.74378906666668
320.0,364.07203463057976,44.072034630579765,False,0.2717468766666666,24.416178333333328,29.170227
78.825,93.56998721722276,14.744987217222757,False,0.0578216434285714,21.67111642857143,20.642885571428568
286.7875,276.83776235408124,9.949737645918788,False,0.197582556,26.772544533333328,32.65239666666667
530.1857143,689.0288478518945,158.84313355189454,False,0.5205349913333333,28.0176412,47.200712266666656
673.6571429,628.466644662805,45.190498237195015,False,0.4748543633333333,24.661753399999995,42.03903773333332
149.3,147.9812942234235,1.3187057765765076,False,0.0963806904,23.76201373333333,27.197131266666663
261.3714286,258.4857939731829,2.8856346268170796,False,0.1836250126666666,26.8806398,31.682238933333327
15.57142857,35.04103931624188,19.469610746241877,False,0.0112265629133333,21.6234394,19.321281066666668
9.0,40.87606157269225,31.87606157269225,False,0.0104024432133333,27.792637066666668,27.22354733333333
68.28571429,93.54794888797618,25.262234597976175,False,0.0506183510666666,32.222483600000004,31.912021933333328
887.35,822.9374901555889,64.41250984441115,False,0.6294453433333332,34.629477933333334,50.88533153333333
1222.0,1135.3079945929003,86.69200540709971,False,0.8852643266666665,27.964561,48.2827824
242.1142857,214.00401448459178,28.110271215408233,False,0.1509989932,25.385963933333336,27.446895466666668
66.0125,84.94832833982497,18.935828339824965,False,0.0494097238666666,23.976731266666665,22.893282
364.2875,358.22314684355473,6.064353156445293,False,0.260346758,33.86159653333333,39.419075933333325
609.4428571,582.8002857512738,26.642571348726165,False,0.435684946,31.42362873333333,46.57489593333333
455.2,447.44893695078497,7.75106304921502,False,0.331931245,26.8432725,37.85230385714286
94.5625,114.74561649066243,20.183116490662428,False,0.0674540515333333,32.45497006666667,32.520924533333336
523.9625,480.7737005980502,43.18879940194978,False,0.354595126,25.63316453333333,41.67780593333334
386.775,354.4658380132173,32.30916198678267,False,0.2610877493333334,24.041337,31.60524686666667
1046.3625,909.5180596733798,136.8444403266202,False,0.702585196,28.91200753333333,46.4054178
246.3375,277.916065716599,31.578565716599,False,0.1959377942857142,32.512230571428574,37.494888142857135
629.8,615.9470508360226,13.852949163977314,False,0.466744864,30.51236366666667,42.5576074
105.2571429,136.81125984000096,31.554116940000952,False,0.0836154068666666,31.958078800000003,34.10791773333333
441.15,411.3360036504383,29.813996349561705,False,0.3068565886666666,24.370550666666663,32.55040273333334
4.875,32.30539960836409,27.43039960836409,False,0.0047339318343333,27.510428933333333,25.833406533333328
484.0714286,431.49304747142315,52.57838112857684,False,0.325346652,25.97744133333333,31.4134398
455.65,420.77909258553035,34.87090741446963,False,0.3118431713333333,27.934391200000004,36.66382873333334
679.7625,831.9513549954918,152.18885499549174,False,0.6356642493333334,29.261606933333333,49.6573588
774.1571429,692.2210652179045,81.93607768209552,False,0.5289236226666665,26.09553013333333,40.98323173333333
1054.15,1007.4401108568669,46.70988914313318,False,0.7781302413333333,28.85288293333333,50.806604
1279.1875,1299.022729872198,19.835229872197942,False,1.0082438753333332,32.9157552,60.926743466666665
193.6714286,201.10912890176922,7.437700301769212,False,0.1358759986666666,29.846667533333328,33.62270493333333
1106.0,1074.300083869081,31.699916130919064,False,0.8336664386666666,30.1848064,50.714097
7.95,32.51694185763674,24.56694185763674,False,0.0083067844,21.2783936,19.96554366666667
607.7,679.484374250803,71.7843742508029,False,0.51719428,27.86592971428571,42.949353714285714
505.0875,822.5383293321294,317.4508293321294,True,0.6264925335714285,29.141590642857143,50.96223692857144
333.1,393.700306803184,60.60030680318397,False,0.2833920893333333,29.42465813333333,43.14005753333333
1046.085714,1057.2798004232845,11.194086423284489,False,0.8155462639999999,28.9688944,54.075234266666655
511.5857143,473.28975512743847,38.29595917256154,False,0.349962358,32.328025399999994,43.170092666666655
969.75,971.0700550735435,1.3200550735434717,False,0.7472785953333334,27.397644133333333,51.1395304
688.5375,601.3292657864025,87.2082342135975,False,0.4552512326666666,28.7726258,41.34621800000001
165.2285714,165.49423118021153,0.2656597802115357,False,0.1104082978666666,23.763322,27.507177666666667
996.4125,935.7726628839956,60.6398371160044,False,0.7119324986666667,29.980607066666668,58.23431193333333
313.8428571,350.0799109853592,36.23705388535922,False,0.24348246,32.707593357142855,48.42773878571429
83.175,98.57546637018517,15.400466370185171,False,0.0606357090666666,23.3408814,22.568992
1165.714286,1135.3079945929003,30.406291407099616,False,0.8852643266666665,27.964561,48.2827824
422.6285714,415.2778384471514,7.3507329528486025,False,0.3037400713333333,32.31917286666666,41.912998266666655
635.4857143,580.1222584502616,55.36345584973844,False,0.4385864393333333,26.92924806666667,39.8739748
309.85,296.2038352206924,13.64616477930764,False,0.21379486,25.7980978,31.919557666666662
487.0857143,543.4876040380591,56.40188973805908,False,0.4059969573333333,29.043869866666665,43.17022886666666
124.0142857,130.87558140680522,6.8612957068052225,False,0.086237195,24.0184102,23.685199
741.475,887.5962480424546,146.12124804245457,False,0.6853178500000001,28.499033466666667,45.56717713333333
83.12857143,95.09583217899315,11.967260748993155,False,0.0579955505333333,21.680248933333328,21.65212806666667
201.1571429,204.55748287457996,3.400339974579964,False,0.1437652418,22.711220200000003,25.8125894
55.02857143,81.30770077984947,26.27912934984947,False,0.0412472248571428,29.02422,29.90827521428572
199.8285714,187.88212190959368,11.946449490406309,False,0.1302281486666666,22.53172193333333,25.608616266666665
836.1857143,861.4391641904191,25.25344989041912,False,0.6577993407142857,30.526469571428567,52.11067421428572
1285.814286,1105.4551714176014,180.35911458239866,True,0.8554001073333332,29.45011986666667,53.953094466666656
103.325,117.84852404868262,14.523524048682617,False,0.0713218832666666,27.8205282,29.2812134
894.6428571,800.6102349195353,94.03262218046473,False,0.611992378,29.157197866666667,47.72198893333333
94.7375,117.33053111004052,22.593031110040528,False,0.0712777123333333,25.6701172,27.996036799999995
474.8,459.1823225006224,15.617677499377635,False,0.3384765497333333,30.0527444,42.11031486666668
496.6285714,492.5054607644364,4.123110635563592,False,0.3698281293333333,25.16537493333333,36.236173666666666
62.575,81.92411119981584,19.349111199815837,False,0.0471279440666666,21.4945944,21.6351522
347.1,336.87817340875995,10.221826591240074,False,0.2438012486666666,26.560512333333328,35.3695456
508.7857143,450.7256477252581,58.06006657474188,False,0.340201678,23.590940333333336,31.234486866666668
394.0,388.05432769904905,5.945672300950946,False,0.2822451986666666,28.405712933333334,39.4493672
1208.157143,830.6522019783129,377.50494102168705,True,0.6365820806666665,28.252118,47.370047933333325
50.1375,78.12424457182365,27.98674457182365,False,0.0384030336,32.311871133333334,31.54853933333333
427.6875,433.2771245848297,5.589624584829721,False,0.3207225406666667,32.866440600000004,40.0736208
490.2428571,523.0650406986846,32.8221835986846,False,0.3957623673333333,25.354199066666663,35.498592200000004
0.0,29.7119058986563,29.7119058986563,False,0.0020025813973333,28.03802473333333,26.626117
832.3375,710.8273495882775,121.51015041172252,False,0.549665794,24.98657813333333,35.3831992
1236.375,1207.189277535825,29.185722464174887,False,0.93859401,29.882983266666667,54.3455892
502.025,584.8924274211105,82.8674274211105,False,0.4418567756666667,29.92045486666667,41.76569859999999
642.0375,563.813035134221,78.22446486577905,False,0.4262345726666666,25.92304106666667,38.486489133333336
0.0,1284.985735462491,1284.985735462491,True,0.9985397593333332,29.4468058,57.7418068
537.0,575.4077072009821,38.407707200982145,False,0.4324710653333333,30.035451333333327,43.3170714
375.1285714,378.5441433109006,3.41557191090061,False,0.2771371,27.911383066666662,36.725531333333336
524.4428571,511.0364474369287,13.406409663071258,False,0.3835502693333333,25.646803733333336,37.81797673333334
45.1,62.172862773200066,17.072862773200065,False,0.0316197704666666,22.0364666,21.229018066666665
315.825,298.65688516367675,17.16811483632324,False,0.2161607053333333,27.53361213333333,32.33926173333334
1109.3,1110.0970456099362,0.7970456099362764,False,0.8597301164285714,27.848698214285715,52.77142364285714
836.7875,805.7890565086689,30.99844349133116,False,0.6186352253333331,27.544490533333327,44.7877972
189.9875,201.82978607398135,11.842286073981342,False,0.138821146,27.1594952,30.26335453333333
539.2428571,570.7393604265471,31.4965033265471,False,0.428165058,26.57203993333333,42.26560886666665
979.0,927.0265082115561,51.97349178844388,False,0.7142683660000001,28.210111600000005,48.59591266666667
271.2,320.9548858000843,49.75488580008431,False,0.2333632346666666,27.4676554,33.31872753333333
623.3125,612.5489677402475,10.763532259752537,False,0.4599821506666666,30.42411086666667,46.23066786666667
596.1625,548.1004953100694,48.06200468993063,False,0.4154079433333333,26.170804866666664,36.67445066666666
467.0285714,478.69798383018775,11.669412430187776,False,0.3488823366666666,32.66443473333334,48.46199133333333
470.9714286,436.75805626787104,34.21337233212898,False,0.319418066,27.9916526,41.8464274
1200.816667,1164.7164189851655,36.100248014834506,False,0.9024616809090908,31.52517981818181,56.276514181818186
5.9125,32.592196825880315,26.679696825880313,False,0.0059466362266666,25.260909000000005,23.9481894
60.425,86.478221903781,26.053221903781008,False,0.0456077094,30.75914113333333,30.545615666666663
1133.8875,1088.5988440482174,45.28865595178263,False,0.838770058,30.505511533333333,57.031303066666666
1220.2,1246.4803164998516,26.28031649985155,False,0.97148052,27.86127913333333,52.84501126666667
984.9,945.2414034453167,39.6585965546833,False,0.7235532206666667,28.367100066666666,53.9367392
866.3,978.3095847875126,112.00958478751261,False,0.7561285946666667,28.81794433333333,49.03407186666667
1240.785714,1106.1374717816857,134.6482422183144,False,0.8551090753333334,31.06742553333333,55.4462772
923.2875,850.4099586926272,72.87754130737278,False,0.6492476293333334,32.147684733333335,52.35325513333333
353.975,347.90377250262674,6.071227497373286,False,0.2492484,27.516727866666667,39.136326
324.0375,299.50624058843476,24.53125941156526,False,0.2196392886666666,23.587081,28.0358926
1009.4875,1077.881060409431,68.39356040943107,False,0.833716566,29.0410462,52.9128622
292.6714286,322.9516597164485,30.280231116448476,False,0.2420570666666666,23.262593733333336,24.914294266666666
950.6142857,915.1726144966798,35.4416712033202,False,0.7019433013333334,30.105845400000003,51.84774173333333
768.425,676.0291486361529,92.3958513638471,False,0.5102416726666666,35.25248613333334,49.98867166666666
836.5875,771.9081820126487,64.67931798735128,False,0.5920114606666667,24.389473466666665,42.34455979999999
58.8875,82.72475979180118,23.837259791801173,False,0.0453966223333333,25.066615933333328,25.4084758
210.3625,193.30728210842395,17.055217891576063,False,0.1321317535333333,27.4072612,30.092036933333333
1384.871429,1560.1519534696426,175.28052446964261,False,1.2216518466666668,27.848915600000005,59.386079333333335
253.725,256.431569421386,2.7065694213859786,False,0.1812308813333333,26.773728333333327,32.29846993333332
209.3571429,199.50139085734187,9.855752042658139,False,0.1389610499999999,22.61050626666667,26.383687266666666
29.32857143,52.536077307794464,23.207505877794464,False,0.0214776268,25.545349066666663,24.837803066666662
214.1714286,232.7305086291228,18.559080029122782,False,0.167161456,23.25484613333333,25.770912666666668
0.0,30.28935127877724,30.28935127877724,False,0.0012636806146,28.56131,27.98389913333333
502.5142857,508.152825440858,5.638539740857993,False,0.3798659046666666,29.76168613333333,40.82955953333333
636.1125,590.1825224275316,45.929977572468374,False,0.4417064292857143,27.985940285714285,45.11740971428571
427.5875,392.76675343995595,34.82074656004403,False,0.2930501007142857,26.6105695,32.19503142857143
1004.885714,971.0700550735435,33.815658926456535,False,0.7472785953333334,27.397644133333333,51.1395304
1145.585714,1111.0879995642563,34.497714435743774,False,0.856888655,31.08613807142857,57.58173707142858
654.1428571,628.466644662805,25.676212437194977,False,0.4748543633333333,24.661753399999995,42.03903773333332
210.1,193.30728210842395,16.792717891576046,False,0.1321317535333333,27.4072612,30.092036933333333
0.0,23.02404254275338,23.02404254275338,False,0.000166865986,21.9093404,20.571130533333328
105.7428571,113.25341388425248,7.510556784252486,False,0.0711178362666666,21.774928866666663,23.340763133333333
239.2571429,249.2749838257635,10.017840925763522,False,0.1760581826666666,26.31139526666667,31.449766266666668
324.1142857,339.9008739222137,15.786588222213709,False,0.238672855,33.279722071428566,45.374740642857134
1215.371429,1241.3358174566183,25.96438845661828,False,0.962423294,30.6108378,58.55042526666667
90.25,115.9935875024916,25.743587502491593,False,0.0703570209333333,26.4737508,28.1798118
610.4857143,628.7289230911982,18.243208791198185,False,0.476263588,32.22288606666666,44.19463313333334
822.6142857,816.0457343913436,6.568551308656424,False,0.6258264913333333,28.89003293333333,46.50682566666666
529.9875,484.2361842640892,45.75131573591074,False,0.3633331566666667,26.5449136,36.56665873333333
69.7,83.98338906831141,14.283389068311408,False,0.0495149681333333,21.985833666666664,21.195638
1196.385714,1191.3894048595962,4.99630914040381,False,0.922471946,27.280598866666665,56.17617786666667
1041.575,1034.958349427151,6.616650572849039,False,0.7998929533333332,29.06769213333333,51.64617686666667
663.1714286,563.6685916169557,99.50283698304429,False,0.4274141633333333,27.99871413333333,38.17277626666667
631.3571429,1083.0456261111503,451.68848321115036,True,0.833392598,33.68083073333334,59.173854533333326
88.05714286,110.81529928430666,22.758156424306662,False,0.0697883706,22.4054382,22.988533466666667
1147.8875,1139.4803445988696,8.407155401130467,False,0.879347218,33.4819584,59.38402526666668
575.6142857,506.03769580434084,69.57658989565914,False,0.383318604,28.0150064,35.23329273333334
355.7285714,358.22314684355473,2.4945754435547087,False,0.260346758,33.86159653333333,39.419075933333325
545.3125,510.1153523513358,35.19714764866421,False,0.3833396619999999,25.527582066666668,37.25813600000001
0.0,26.50451858686207,26.50451858686207,False,0.0008603421582,26.470400066666667,24.559830733333328
672.7857143,716.1106699116287,43.32495561162875,False,0.5423748746666666,29.3643758,48.12385466666667
584.75,563.3862291862079,21.363770813792144,False,0.4275489526666667,25.166898466666662,36.606188800000005
0.0,23.04121954412952,23.04121954412952,False,0.0005199656633333,21.265387133333327,19.97623313333333
996.9875,989.6416265939856,7.345873406014334,False,0.7630363573333334,28.5507568,51.14308473333334
275.3625,272.7143569465567,2.6481430534433343,False,0.1961367113333333,23.5816488,29.4664654
152.3142857,170.58788502415467,18.273599324154674,False,0.1122409709333333,29.63169753333333,32.23251346666666
479.6571429,521.31004951886,41.65290661885996,False,0.3938906479999999,27.07719326666667,36.6476562
119.9571429,135.98158324189458,16.02444034189459,False,0.0920413659333333,22.472273666666663,21.5067932
1119.675,1044.117817976608,75.55718202339199,False,0.8096695786666664,28.2830628,49.19147753333333
1167.157143,1209.0227476565851,41.86560465658522,False,0.9360600806666666,32.174080466666666,59.10431306666667
219.4375,211.7003144366453,7.7371855633547,False,0.15050792,22.16442873333333,24.749108733333337
58.45,82.72475979180118,24.274759791801173,False,0.0453966223333333,25.066615933333328,25.4084758
612.4142857,562.2991263913591,50.115159308640955,False,0.4207671039999999,27.818320733333337,43.250374533333336
1124.985714,1243.0956442080924,118.10993020809246,False,0.962788822,31.614807133333333,59.99013253333333
775.2625,718.9270680466396,56.3354319533604,False,0.5521471146666667,26.016273933333327,39.71077913333334
950.2625,963.0677137302273,12.805213730227251,False,0.7446046793333331,29.653950933333327,48.487363866666655
913.7428571,991.9453823776875,78.20252527768741,False,0.7681858726666667,28.96788953333333,48.28042806666666
364.2142857,347.90377250262674,16.310513197373268,False,0.2492484,27.516727866666667,39.136326
742.1,771.4413255507143,29.34132555071426,False,0.580431214,30.313747133333337,55.357067933333326
990.4285714,990.9942124612377,0.5656410612376703,False,0.754565452,31.858074933333327,61.51417646666666
109.1125,140.66772411915647,31.555224119156478,False,0.0881270817333333,31.36695346666667,32.592636866666666
1099.3,1098.0745443867513,1.2254556132486414,False,0.8485740693333333,27.075844133333334,53.64908433333333
347.2375,349.6225855640709,2.3850855640708915,False,0.2547879166666667,30.710561,36.66297186666667
461.6666667,455.19989954086606,6.466767159133951,False,0.3384331157142856,31.03193885714285,39.526938357142846
162.675,203.09412799070898,40.41912799070897,False,0.1419404433333333,24.5373984,27.185652866666665
659.0571429,606.6841467696111,52.37299613038897,False,0.4611857686666666,25.999422266666667,38.70590013333334
715.15,706.0006099475507,9.149390052449235,False,0.5360867057142857,26.705200071428568,45.106050571428575
860.275,789.4583167531218,70.81668324687814,False,0.6032151686666668,26.310502066666665,46.148805933333335
228.9857143,244.87825709453745,15.892542794537434,False,0.1741178993333333,26.160349600000004,29.8308308
730.8142857,670.7317887844216,60.08249691557842,False,0.5104950893333333,27.5968486,42.3875894
537.5,487.8324155557985,49.66758444420151,False,0.3664925886666666,25.031361933333333,35.71532393333333
535.4285714,526.2616996375685,9.16687176243147,False,0.3930785846666666,33.16755933333334,43.82860906666667
256.025,251.19919340263598,4.825806597363993,False,0.1755969835714285,31.90710457142857,35.77269607142857
462.4571429,443.840998628262,18.616144271737994,False,0.327377192,32.281588,41.69365866666666
1063.875,940.9411723400726,122.93382765992737,False,0.7277635133333333,26.6301878,45.9655842
287.5375,276.83776235408124,10.699737645918788,False,0.197582556,26.772544533333328,32.65239666666667
674.6857143,609.1608508532049,65.52486344679505,False,0.463052552,28.2268556,39.822216533333325
33.75,54.89498589665436,21.14498589665436,False,0.0208843500333333,29.4541402,28.8870646
412.7142857,374.4177157195733,38.29656998042668,False,0.2764912,27.16989953333333,33.85005699999999
797.2428571,747.0367511904079,50.20610590959211,False,0.5722872473333334,26.1179402,42.4683164
827.3,719.1044109067841,108.19558909321586,False,0.5456316214285714,29.397380285714288,47.38953071428571
869.2285714,801.8526624930242,67.37590890697572,False,0.6065786866666667,32.30898653333334,55.08829360000001
267.9714286,279.05979924608306,11.088370646083035,False,0.2028929653333333,24.3116068,28.332320066666668
509.52,482.82763909058576,26.69236090941422,False,0.3646781813333333,23.96825553333333,33.11916906666667
186.375,183.09970573439196,3.2752942656080393,False,0.1246440646428571,23.5459355,27.599182000000003
849.3,827.9947827558199,21.305217244180085,False,0.6374122793333333,27.20111693333333,44.107206266666665
572.2285714,595.8257037488819,23.597132348881928,False,0.444713674,31.511543666666668,48.153831
48.7,75.87357314712885,27.17357314712885,False,0.0397878830714285,25.59105335714285,25.627179785714283
0.0,24.747542967725646,24.747542967725646,False,6.189576866666667e-05,25.57590346666667,23.5736836
118.8285714,161.79937544643968,42.97080404643968,False,0.1064024638666666,28.333721866666668,30.3950194
908.3375,860.8833190606392,47.454180939360754,False,0.6621523706666665,26.8470704,46.03145753333334
368.4428571,355.6682012033308,12.77465589666923,False,0.25664592,30.836218333333328,39.6094684
173.5125,178.68893619374938,5.176436193749396,False,0.119259876,23.109639466666664,29.0602518
934.9875,971.0700550735435,36.08255507354352,False,0.7472785953333334,27.397644133333333,51.1395304
961.5,1060.5004406819276,99.00044068192756,False,0.8182360253333333,29.4800944,54.2505046
545.7285714,425.27411807378354,120.45445332621642,False,0.3124267953333332,26.8318298,39.08195373333332
342.4714286,386.0054573012233,43.53402870122329,False,0.291636115,23.072224285714285,26.810551285714286
873.8,819.2017400196165,54.59825998038343,False,0.6259291153333334,26.661143,47.86209886666667
819.4625,740.3249636459128,79.13753635408716,False,0.563158282,29.738852999999995,47.4182232
759.7857143,757.690107724903,2.0956065750970083,False,0.5752638966666666,29.1554974,49.15606886666666
814.7125,732.5844467806425,82.12805321935753,False,0.5611673299999999,26.907450200000007,42.12864373333333
557.75,492.5054607644364,65.2445392355636,False,0.3698281293333333,25.16537493333333,36.236173666666666
1045.8875,915.3371325070567,130.55036749294334,False,0.702748034,28.7853558,50.65149946666666
388.3,479.8873708645758,91.5873708645758,False,0.3585062726666666,25.26090906666667,37.18839533333334
0.0,23.02404254275338,23.02404254275338,False,0.000166865986,21.9093404,20.571130533333328
347.7125,335.9575471520694,11.754952847930554,False,0.2453987326666666,27.460978266666665,33.56361520000001
764.8142857,592.4848664201888,172.3294192798112,False,0.4472921486666666,34.043744000000004,44.28609193333333
621.4,636.7566511786891,15.356651178689162,False,0.4835685933333334,24.37939666666667,40.127750600000006
1019.871429,1021.7627713288016,1.8913423288015565,False,0.7815910821428571,33.13893985714286,60.39023078571429
636.2285714,563.813035134221,72.415536265779,False,0.4262345726666666,25.92304106666667,38.486489133333336
1112.6,1067.2657443685325,45.334255631467386,False,0.828218792857143,29.31660471428572,50.0400065
192.45,203.09412799070898,10.644127990708995,False,0.1419404433333333,24.5373984,27.185652866666665
1119.128571,1141.9725264529138,22.84395545291386,False,0.892716588,27.742724733333336,46.33160186666667
889.65,1016.5566266122406,126.90662661224064,False,0.7878660286666666,31.50729773333333,49.84449266666666
1088.4375,1183.5452822276698,95.10778222766976,False,0.917001178,30.10877073333333,56.5026448
1264.2,1246.5896123210987,17.61038767890136,False,0.9669222093333332,31.34249066666667,58.68839280000001
37.1,60.572602848481814,23.472602848481813,False,0.0263529064666666,27.9674928,27.48501573333333
873.9857143,704.4800424456413,169.50567185435875,False,0.5361376973333333,32.8598512,46.55671166666666
763.0428571,652.3150362805483,110.72782081945172,False,0.491453022,27.611354533333337,46.072651933333326
1292.085714,1234.1547471162203,57.930966883779774,False,0.9622691533333332,29.197790533333333,52.5881082
313.675,306.72008929271885,6.954910707281158,False,0.2255217446666666,23.6073304,28.074818866666668
462.8714286,434.01134114893523,28.86008745106477,False,0.320387256,27.95182086666667,38.8228558
348.1,298.48167672108815,49.61832327891187,False,0.2201477426666666,24.78254793333333,27.2943788
1128.625,1063.5701083314916,65.05489166850839,False,0.818109888,32.80097026666667,58.15341173333333
23.0875,45.87551867941962,22.788018679419622,False,0.0164651889285714,24.214307571428574,23.84339257142857
657.2,642.5114489411035,14.688551058896564,False,0.484228046,32.45574533333333,47.4088624
1130.85,1154.878662255337,24.028662255337167,False,0.8917315042857143,29.84079428571429,58.03428871428572
373.05,351.39678401157613,21.65321598842388,False,0.2568065713333334,27.230830933333333,34.6317082
158.8875,172.1332761464533,13.245776146453323,False,0.1132172194666666,29.57108153333333,32.47774066666667
495.7428571,511.0364474369287,15.29359033692873,False,0.3835502693333333,25.646803733333336,37.81797673333334
404.0,388.12644662994103,15.873553370058971,False,0.2853623193333333,26.809796066666664,35.90520226666667
906.85,872.8084279409672,34.041572059032774,False,0.6648343986666667,31.16986893333333,54.52318526666667
114.025,140.83082620524783,26.805826205247826,False,0.08716189,33.03212220000001,34.3384004
228.2,236.43833931471002,8.238339314710032,False,0.163290324,29.58132926666667,34.95715533333333
1132.1125,1116.1038740073877,16.008625992612224,False,0.8607233646666665,33.32365333333333,58.80879913333334
59.68571429,75.59257936344218,15.906865073442184,False,0.0422210322666666,21.970450733333333,21.57549253333333
900.875,763.5054850627529,137.36951493724712,False,0.585474618,28.488832533333333,43.78831386666667
151.3428571,156.164488329119,4.821631229118992,False,0.1018763052666666,26.046683800000004,29.318176333333334
93.5,107.76744953127874,14.267449531278743,False,0.0685966837333333,21.887721666666664,21.544547666666663
402.7285714,394.83169665760505,7.896874742394971,False,0.2911635239999999,28.383642466666668,36.3026832
0.0,24.391148404665735,24.391148404665735,False,3.9083115333333336e-05,23.5830486,22.460372
639.8571429,554.7453714672081,85.1117714327919,False,0.423195788,26.7497132,34.74134893333333
232.7875,266.7635836774779,33.97608367747793,False,0.1895537733333333,27.695955466666668,32.8359476
11.5125,37.810736333508714,26.298236333508715,False,0.0091324596666666,25.1838216,24.934887866666667
28.17142857,57.72063307652457,29.54920450652457,False,0.0225449364285714,31.13241364285714,30.225331
233.3714286,214.00401448459178,19.367414115408224,False,0.1509989932,25.385963933333336,27.446895466666668
0.0,26.266096991316726,26.266096991316726,False,0.000455513202,24.892543142857136,24.072802000000003
901.575,860.0770190125256,41.49798098747442,False,0.6634503566666667,26.40725306666667,44.0128702
108.2142857,120.5113018937731,12.29701619377309,False,0.0781386402,21.8746846,22.385380200000004
703.1125,659.8811401667331,43.23135983326688,False,0.5047613450000001,28.5198495,39.834891285714285
1128.15,1091.9128080976038,36.23719190239626,False,0.8462327415384615,26.860954846153845,51.02621476923077
567.9,525.989833256974,41.910166743026025,False,0.3964643046666666,28.2338074,38.32697326666667
33.7,56.830393718877446,23.130393718877443,False,0.0247498541333333,25.614040133333333,25.0996826
635.9375,597.3376047630685,38.5998952369315,False,0.4517712339999999,33.053440333333334,43.3909484
244.9714286,232.8483744823801,12.123054117619887,False,0.1629056366666666,27.32750646666667,31.59433793333333
750.8857143,798.8634114286833,47.9776971286833,False,0.613399808,31.724595200000003,46.1821414
243.7,282.5356762382801,38.83567623828009,False,0.2018936086666666,30.203381266666668,34.472900466666665
376.1875,332.1588120845804,44.028687915419596,False,0.2430901692857142,24.30036257142857,31.44437728571429
1183.114286,1159.3762803759287,23.73800562407132,False,0.9000696606666667,29.735261933333334,53.64847206666667
70.22857143,83.93419922347016,13.705627793470157,False,0.0505427079333333,21.30387786666667,19.903894
697.025,700.6623384670874,3.6373384670873747,False,0.5342788213333333,26.066546666666667,42.4321838
917.9571429,929.8083710834746,11.851228183474632,False,0.717151316,26.793420266666665,47.4213378
835.4625,826.3990329224486,9.063467077551422,False,0.6296874326666666,30.598740733333337,51.564969866666665
350.1285714,326.9638236126771,23.16474778732288,False,0.238490188,27.34741213333333,33.07997246666667
701.7857143,637.3092936921729,64.4764206078271,False,0.4865309580000001,26.2963116,38.61497386666667
0.0,29.7119058986563,29.7119058986563,False,0.0020025813973333,28.03802473333333,26.626117
406.075,415.2778384471514,9.202838447151407,False,0.3037400713333333,32.31917286666666,41.912998266666655
911.4625,864.1761364580409,47.286363541959076,False,0.6620043019999999,30.089862066666665,50.091819333333326
703.0285714,663.2904830686874,39.73808833131261,False,0.509690432,24.738476533333337,36.2081646
640.7857143,672.7557005805885,31.9699862805885,False,0.5138973833333333,25.640753066666665,39.91504320000001
1173.528571,1241.1965411451256,67.66797014512554,False,0.9654513833333332,30.398728400000003,55.526068
277.675,273.23094525472686,4.444054745273149,False,0.193777918,27.25204246666667,33.650572000000004
681.025,581.7373212020349,99.2876787979651,False,0.4384577806666666,28.6523418,41.97513206666667
666.8571429,593.8511700449745,73.00597285502545,False,0.4500676046666667,29.785141866666667,40.8995442
892.575,856.0181405973499,36.55685940265016,False,0.6598271179999999,34.147082733333335,47.63582766666666
0.0,24.619421469290163,24.619421469290163,False,0.0010673070493333,22.802852266666665,21.3380066
154.4625,157.2631211957207,2.80062119572068,False,0.1047624446428571,24.196166857142856,26.66497142857143
505.4285714,558.76558684171,53.33701544171004,False,0.4213385493333333,25.26646733333333,38.90950326666666
472.4,482.82763909058576,10.427639090585785,False,0.3646781813333333,23.96825553333333,33.11916906666667
473.4875,446.4669611453184,27.020538854681604,False,0.3273317526666667,29.847798466666667,42.69290366666666
176.9857143,215.61559111121747,38.62987681121746,False,0.1536853939999999,24.416684866666667,25.753737399999995
6.785714286,34.528306625065,27.742592339065,False,0.0072804718466666,24.8120402,23.99075733333333
334.1,342.6824888730969,8.58248887309685,False,0.2542998135714285,25.215722142857143,29.4314075
656.0142857,583.1565654917173,72.85772020828267,False,0.4420255493333332,25.431754533333333,38.33857613333334
568.5714286,735.7555327176842,167.18410411768423,False,0.5570693833333333,30.2870728,49.8413636
912.4,868.1645072740084,44.23549272599155,False,0.663942404,28.481665066666665,50.63946126666667
225.325,225.32642960508545,0.0014296050854625264,False,0.1565710793333333,26.9659322,31.59396966666667
1168.885714,1190.7220710365655,21.83635703656546,False,0.9193798739999998,32.848590333333334,60.95937106666666
89.9,101.3699177030501,11.4699177030501,False,0.0596414616666666,24.9111592,26.31437593333333
27.52857143,55.063383530876884,27.534812100876884,False,0.0214036318666666,28.510609933333328,28.12322593333333
1029.3625,989.6416265939856,39.720873406014334,False,0.7630363573333334,28.5507568,51.14308473333334
511.425,473.5569559601046,37.86804403989544,False,0.3514650546666666,25.289666666666665,38.92812506666666
590.1,492.5054607644364,97.59453923556362,False,0.3698281293333333,25.16537493333333,36.236173666666666
149.6285714,164.4532014371206,14.824630037120613,False,0.1042054897142857,27.914616214285715,34.29488935714285
1208.4,1248.147424795001,39.747424795000825,False,0.965868116,31.295017400000003,60.84368073333333
291.2125,321.34503538630764,30.132535386307666,False,0.2372982906666666,23.595208533333327,28.269993133333333
596.3714286,572.6098998807355,23.761528719264447,False,0.42740474,29.107385266666668,45.503061933333335
827.6857143,704.4800424456413,123.20567185435868,False,0.5361376973333333,32.8598512,46.55671166666666
1081.5375,1100.2846521786582,18.747152178658325,False,0.8507950519999999,30.114007466666664,54.58146206666667
188.1375,187.57511176778158,0.5623882322184102,False,0.1279617990666666,26.67944946666666,29.282659866666663
474.5714286,480.587947428625,6.01651882862501,False,0.3585119633333332,28.175795466666663,38.97982593333333
181.3,174.12367684507362,7.1763231549263935,False,0.1180922946666666,23.50864866666667,26.8290996
576.5,694.5599982135316,118.05999821353157,False,0.5263113173333333,28.367865,46.1937744
782.5714286,747.5606176714058,35.010810928594196,False,0.5729372046666668,26.192445933333328,42.29481826666667
938.9875,870.2805507878995,68.70694921210043,False,0.6706322820000001,27.206691533333327,45.463765
64.37142857,78.21752154342194,13.846092973421932,False,0.0415707431333333,24.6149332,25.334737333333333
315.5875,311.11391983595405,4.473580164045927,False,0.2291173557142857,23.20470971428572,27.90720492857143
675.25,880.0845068198901,204.83450681989007,True,0.6696705126666667,33.10833713333334,56.4158632
826.8428571,595.4580518597129,231.38480524028705,True,0.442447935,29.662364357142856,49.18731492857143
337.2142857,333.6355287006255,3.578756999374491,False,0.2414865233333333,23.959779666666662,33.923728333333344
91.21428571,102.6338362252076,11.419550515207604,False,0.0630958514666666,21.6540956,22.649001066666667
336.4875,352.7586308391454,16.27113083914537,False,0.257869254,29.363769533333336,35.604502399999994
189.9,224.25307801054672,34.35307801054671,False,0.1616571346666666,24.464884533333333,24.944256533333338
338.3285714,302.652491039303,35.67608036069697,False,0.219947506,24.069722533333334,30.364528333333336
767.5375,717.3058154944429,50.231684505557155,False,0.5470587466666667,28.524460866666665,44.30379226666666
1001.2875,941.226436965404,60.06106303459603,False,0.719329505,29.61952421428572,55.34798971428572
530.2714286,558.76558684171,28.49415824171001,False,0.4213385493333333,25.26646733333333,38.90950326666666
1266.2875,1269.9478648468375,3.6603648468376377,False,0.9841918673333332,30.03040366666667,59.877591933333335
1027.485714,943.9010307499991,83.58468325000081,False,0.7235343293333333,29.207837,53.292307533333336
82.8625,105.51534963734187,22.652849637341873,False,0.0619993643333333,27.397143533333328,28.361094066666663
328.6571429,388.4509777421012,59.793834842101205,False,0.2869888493333333,28.329986466666664,35.2929974
1230.628571,1327.1415348918526,96.51296389185268,False,1.034329982142857,30.28202614285715,56.95899535714286
608.5714286,679.484374250803,70.91294565080295,False,0.51719428,27.86592971428571,42.949353714285714
175.2857143,182.08339770595038,6.79768340595038,False,0.1223565883333333,28.146706,30.946114066666663
444.725,419.38246988902335,25.342530110976668,False,0.3114204379999999,25.202730200000005,34.808233666666666
499.4714286,576.9229346355066,77.45150603550661,False,0.4329602066666666,26.67907113333333,42.56844686666666
854.4125,818.3456864011935,36.06681359880656,False,0.630338126,28.982812333333328,44.096299066666674
385.625,366.73965568060345,18.885344319396552,False,0.2645778099999999,26.346307466666666,38.737007666666656
35.75714286,53.51687467616979,17.75973181616979,False,0.0245571073333333,21.9280518,21.149878
584.6375,811.5603121446067,226.9228121446066,True,0.6197431146666665,29.6550456,49.0828572
1083.1,961.128784066495,121.97121593350494,False,0.7403816392857143,28.62208571428572,50.49866800000001
1123.925,1131.3683497574498,7.443349757449823,False,0.8758627453333333,30.8515666,55.29098946666667
42.35714286,64.31012154612495,21.952978686124943,False,0.0293719444666666,28.658781133333328,27.826387666666665
247.6571429,256.9692064739129,9.312063573912894,False,0.187030046,22.19873053333333,25.319020466666665
998.3285714,1057.2798004232845,58.951229023284554,False,0.8155462639999999,28.9688944,54.075234266666655
255.9285714,254.28771280227866,1.6408585977213477,False,0.1810615513333333,26.854547133333337,30.850948
69.425,85.05807012951192,15.633070129511921,False,0.0503953045333333,21.3506612,20.921696
80.01428571,93.50794890035368,13.493663190353686,False,0.0565229884,22.34989833333333,22.100982666666667
551.2571429,503.74623667742617,47.510906222573794,False,0.3819702386666666,24.130067933333336,33.0580506
623.4625,539.8738582965104,83.58864170348954,False,0.4031702393333333,26.958341533333336,42.141090666666656
28.925,54.89498589665436,25.96998589665436,False,0.0208843500333333,29.4541402,28.8870646
237.05,230.42957443973947,6.620425560260543,False,0.163594894,22.754195266666667,27.122273733333333
485.0142857,392.76675343995595,92.24753226004407,False,0.2930501007142857,26.6105695,32.19503142857143
489.0428571,523.0650406986846,34.02218359868459,False,0.3957623673333333,25.354199066666663,35.498592200000004
643.7,607.6372338183534,36.06276618164668,False,0.4615756146666666,29.7693278,40.701816533333336
692.1571429,595.6295100109593,96.52763288904077,False,0.454945416,24.945296133333336,35.61483133333333
190.6857143,195.64716374098398,4.9614494409839835,False,0.1381154516666666,22.6524518,24.241701266666663
782.4125,742.4710511787399,39.94144882126011,False,0.5679321226666665,27.136891666666664,43.47980553333333
886.4,921.3975370537314,34.997537053731435,False,0.7102237526666668,31.104663,49.31515293333333
1193.042857,1241.0565335371361,48.013676537136234,False,0.954939324,31.12965493333333,65.54571366666664
997.3857143,854.4922418806786,142.89347241932137,False,0.654436842,28.2829874,48.962665
783.1125,800.0066637329871,16.89416373298718,False,0.6137954226666666,26.8544944,44.581498066666654
1097.985714,1044.117817976608,53.86789602339195,False,0.8096695786666664,28.2830628,49.19147753333333
283.525,279.17685287681326,4.34814712318672,False,0.1992258571428571,26.423555642857146,32.757710357142855
37.5375,58.06457505091119,20.527075050911186,False,0.0283668289333333,21.431498266666665,20.859558
269.7,266.7635836774779,2.9364163225220636,False,0.1895537733333333,27.695955466666668,32.8359476
1176.3,1182.6537280472576,6.3537280472576185,False,0.9130500964285714,33.254821857142865,60.86849728571429
1037.957143,919.9032985507475,118.05384444925255,False,0.7052639533333332,30.716996333333327,52.6329488
451.4625,431.5255083546808,19.936991645319154,False,0.3174531373333333,28.617018666666667,39.946699866666656
694.7714286,818.5196357465634,123.74820714656335,False,0.6269522933333334,26.771419266666665,46.43292826666667
272.7125,273.21621117589143,0.5037111758914534,False,0.194773326,28.551151466666663,33.27215386666667
478.6428571,423.3472751269146,55.295581973085405,False,0.31364225,24.95345873333333,35.66078086666666
677.475,580.1222584502616,97.35274154973843,False,0.4385864393333333,26.92924806666667,39.8739748
395.9857143,394.83169665760505,1.1540176423949333,False,0.2911635239999999,28.383642466666668,36.3026832
1207.725,1334.6566183027162,126.93161830271629,False,1.0396661320000002,30.470314466666665,57.810960066666674
19.22857143,41.6325683714859,22.403996941485904,False,0.0141838213333333,22.654567466666663,22.05121253333333
522.5625,495.46919056281047,27.093309437189532,False,0.3612557564285714,32.97901057142858,49.883756
266.4875,282.5356762382801,16.048176238280064,False,0.2018936086666666,30.203381266666668,34.472900466666665
44.625,62.172862773200066,17.547862773200066,False,0.0316197704666666,22.0364666,21.229018066666665
411.7,403.43632759483904,8.263672405160946,False,0.299662534,23.168194600000003,32.699511466666664
83.57142857,105.51534963734187,21.943921067341876,False,0.0619993643333333,27.397143533333328,28.361094066666663
745.6125,680.4115872497949,65.20091275020502,False,0.5180401986666665,28.47677,43.1335732
71.75714286,86.67510682593957,14.917963965939563,False,0.0525764360666666,21.9106464,20.365659666666662
883.6714286,905.6696319800459,21.99820338004588,False,0.6930570186666666,31.63322353333333,53.52987266666667
846.0285714,984.6151941407796,138.5866227407796,False,0.761243312,32.39142040000001,50.631239933333326
929.0142857,928.5827424120129,0.43154328798709685,False,0.7147616046666667,28.17348426666668,49.310594
127.5875,129.07846213382533,1.4909621338253203,False,0.0816072844666666,25.334818533333337,27.200339666666668
459.4857143,458.235129116821,1.2505851831789982,False,0.3424570506666667,26.1143576,35.96729740000001
624.9285714,545.7112388068774,79.21733259312259,False,0.4094128093333333,28.5019692,41.4494812
1057.8,1044.117817976608,13.682182023391988,False,0.8096695786666664,28.2830628,49.19147753333333
946.4714286,859.1262302914417,87.34519830855822,False,0.6610665566666664,27.98884273333333,46.194077866666674
395.3571429,469.6832142821999,74.32607138219993,False,0.3465496533333333,32.31323666666667,43.588924266666666
422.8857143,443.7541699799383,20.86845567993828,False,0.3288961193333332,34.12625693333333,41.007431933333336
176.9,199.43383945256616,22.533839452566156,False,0.136164155,29.3095095,31.839508
30.44285714,53.43909127577622,22.99623413577622,False,0.02162753825,26.388253500000005,25.75343757142857
994.7125,892.0914408051012,102.62105919489875,False,0.6855142546666666,28.9166118,49.0042542
1164.828571,1241.1965411451256,76.36797014512558,False,0.9654513833333332,30.398728400000003,55.526068
1172.1,1106.1374717816857,65.96252821831422,False,0.8551090753333334,31.06742553333333,55.4462772
757.3571429,752.4529001964958,4.904242703504224,False,0.5736166646666666,28.371838400000005,46.34689126666667
443.1857143,401.4316881170676,41.754026182932364,False,0.2977888,25.61507166666667,33.972491733333335
476.2571429,454.1394266041961,22.117716295803916,False,0.3363512746666666,28.019702266666663,39.3556314
1225.275,1202.2352772775412,23.03972272245892,False,0.9288445293333332,30.986580466666663,60.1309834
663.275,764.2430097051064,100.9680097051064,False,0.580272074,29.979579800000003,49.852822
9.014285714,30.64795369790475,21.63366798390475,False,0.0083566124785714,21.28513,18.49177971428572
37.6875,60.223323079576,22.535823079575998,False,0.0262128633333333,30.311684133333333,28.36227433333333
351.6125,364.07203463057976,12.459534630579753,False,0.2717468766666666,24.416178333333328,29.170227
224.475,214.95790466721309,9.517095332786909,False,0.15224982,23.244622733333337,26.083353666666667
704.8625,670.4078124553155,34.454687544684475,False,0.5062324326666667,32.598390733333325,48.28102199999999
147.0285714,146.8101573815835,0.218414018416496,False,0.0998780443333333,21.185152066666664,21.922501733333327
432.4142857,399.67370709034907,32.740578609650925,False,0.298065064,23.90954793333333,31.63181366666667
599.0714286,538.1157623249378,60.955666275062185,False,0.4037250264285714,27.57890557142857,40.546388785714285
284.6428571,303.741860312209,19.09900321220897,False,0.21446764,32.816959600000004,40.0954304
350.3125,298.48167672108815,51.83082327891185,False,0.2201477426666666,24.78254793333333,27.2943788
464.65,458.235129116821,6.414870883178992,False,0.3424570506666667,26.1143576,35.96729740000001
381.8571429,388.05432769904905,6.197184799049069,False,0.2822451986666666,28.405712933333334,39.4493672
321.7857143,311.11391983595405,10.671794464045945,False,0.2291173557142857,23.20470971428572,27.90720492857143
60.825,87.84595203245395,27.02095203245395,False,0.0478600682,28.9436726,28.7049784
685.625,706.0006099475507,20.375609947550743,False,0.5360867057142857,26.705200071428568,45.106050571428575
726.8285714,673.8495579740263,52.979013425973676,False,0.5110362213333333,27.89099326666667,44.39553446666666
1068.95,1077.9805661383962,9.030566138396125,False,0.835832152,29.9514374,51.408309800000005
406.875,394.3117700726827,12.563229927317309,False,0.2913128866666666,29.56562293333333,36.276623400000005
625.9142857,752.2841670674204,126.36988136742036,False,0.5722834766666666,28.768912733333337,47.633738
196.8625,224.25307801054672,27.390578010546704,False,0.1616571346666666,24.464884533333333,24.944256533333338
241.025,321.7889011117289,80.76390111172887,False,0.241690604,22.418231133333336,24.00137146666667
1049.771429,982.9575684014887,66.81386059851116,False,0.76237895,28.371896071428573,46.56454507142857
566.275,587.3594950817944,21.084495081794444,False,0.437669044,31.3439494,48.177488333333336
603.675,673.8495579740263,70.17455797402636,False,0.5110362213333333,27.89099326666667,44.39553446666666
714.2428571,713.749996226219,0.49286087378106913,False,0.5463582793333333,25.744004266666664,41.03405133333333
111.6285714,124.52621021407975,12.897638814079755,False,0.0775804512142857,26.11982735714286,27.81455535714285
71.58571429,87.67348172301247,16.087767433012473,False,0.052356912,23.665861,22.093613866666672
903.8875,814.9767445366442,88.91075546335583,False,0.6309158766666667,23.9829488,38.8167622
1193.885714,1174.1236229240649,19.762091075935132,False,0.907262212,30.22876786666666,58.4341208
278.0571429,277.6970726689396,0.3600702310603765,False,0.1978581207142857,27.573211642857142,33.399052142857144
681.2142857,682.684082839339,1.4697971393389935,False,0.5205082880000002,26.137734,41.55750153333333
735.0142857,798.2435058475062,63.229220147506226,False,0.5983157728571428,32.10408907142858,59.949493357142856
35.025,57.17844193799748,22.153441937997485,False,0.0275747859333333,23.13891793333333,21.6591104
454.3857143,455.19989954086606,0.8141852408660384,False,0.3384331157142856,31.03193885714285,39.526938357142846
610.5125,575.2568799997542,35.25562000024581,False,0.4379202793333333,25.124652066666663,35.99217126666667
0.0,25.256255876522722,25.256255876522722,False,0.000129449935,25.68867206666667,23.948681533333332
0.0,22.922542266383715,22.922542266383715,False,0.0008480133085714,21.663992714285715,19.75165221428572
365.025,348.74641353292947,16.27858646707051,False,0.2582670813333333,23.800502533333333,29.75697633333333
274.4428571,283.7874857607092,9.34462866070919,False,0.206390628,23.595815066666667,28.376147533333327
726.7875,733.8860573516987,7.098557351698673,False,0.5608459200000001,26.999525933333327,43.4644392
643.6571429,543.4252192639465,100.23192363605358,False,0.4040820713333333,32.41062673333334,46.36569013333333
676.4571429,712.7135510600384,36.256408160038404,False,0.5421384957142857,33.69572221428571,47.618194642857134
60.08571429,84.60433393016369,24.518619640163692,False,0.0487669142,22.65616866666667,22.658846066666666
542.8571429,521.31004951886,21.54709338114003,False,0.3938906479999999,27.07719326666667,36.6476562
639.1125,599.1858345680795,39.92666543192047,False,0.4533658826666666,34.73750799999999,44.045326466666666
849.45,808.2225569033182,41.227443096681895,False,0.6174629526666667,27.64303786666667,47.786619
283.6571429,305.54583550505043,21.888692605050437,False,0.2261299179999999,22.832635466666662,26.273624666666667
898.825,890.013905248607,8.811094751393057,False,0.6839935373333333,25.400056866666667,47.31288253333333
634.3857143,601.3292657864025,33.0564485135975,False,0.4552512326666666,28.7726258,41.34621800000001
128.3142857,131.5009178012795,3.186632101279514,False,0.0880664663333333,22.569683933333334,21.829941666666667
187.1714286,213.81743332008077,26.646004720080754,False,0.1478736336,27.015501000000004,30.925701933333333
547.1714286,494.27033557641823,52.90109302358178,False,0.374390925,24.324541357142856,32.964675928571424
381.5285714,366.73965568060345,14.788915719396527,False,0.2645778099999999,26.346307466666666,38.737007666666656
966.2,870.6907992555706,95.50920074442945,False,0.6753042113333334,25.79386393333333,40.80645753333332
626.3428571,611.2143118905527,15.128545209447225,False,0.4602610826666666,27.449349066666663,43.6625044
722.0,900.7627414996708,178.76274149967082,True,0.6823728553333333,32.626951000000005,60.1761166
55.875,74.91503705035024,19.040037050350236,False,0.0437152266,21.14960933333333,19.30752746666667
82.9,95.09583217899315,12.195832178993143,False,0.0579955505333333,21.680248933333328,21.65212806666667
705.175,718.2981466807225,13.123146680722584,False,0.5538165126666666,24.78111993333333,37.137320933333335
612.225,602.0909215051711,10.134078494828941,False,0.4548798128571428,30.361437285714285,42.96282521428572
720.6857143,703.1268517038567,17.558862596143285,False,0.5350119733333333,29.11126313333333,44.9506284
694.8714286,666.8259166670096,28.045511932990394,False,0.5029802726666666,27.562856066666672,46.39747086666667
329.225,353.78585809950783,24.56085809950781,False,0.257492758,23.722454733333333,34.3021282
364.1428571,330.4732176593908,33.66963944060922,False,0.2447378533333333,23.763501066666667,28.384606933333338
1001.914286,968.2081873713722,33.70609862862773,False,0.7478432246666665,30.896520866666663,49.9358562
360.9875,344.8173934851652,16.1701065148348,False,0.250397254,29.425960266666667,36.528108333333336
114.7285714,131.12170767313745,16.393136273137443,False,0.0858986049285714,23.366936642857144,23.907782357142853
0.0,1161.4438070269712,1161.4438070269712,True,0.9066149006666668,27.04890353333333,47.9602314
759.9,664.5867527314551,95.31324726854484,False,0.5060438120000001,29.012854,42.45200799999999
814.2,818.1186281596633,3.9186281596632853,False,0.626964662,28.59910273333333,46.90497853333333
574.2375,514.0331492724897,60.204350727510246,False,0.384930638,27.667081733333337,39.6965698
145.14,155.91087359956057,10.770873599560588,False,0.1014331655,25.9601472,29.5002533
1041.728571,976.8570762446518,64.8714947553483,False,0.7577599673333335,27.727917533333333,45.92864793333334
1093.628571,1088.5988440482174,5.02972695178255,False,0.838770058,30.505511533333333,57.031303066666666
1053.8,1042.2840062454707,11.51599375452929,False,0.7999019353333332,33.540535600000005,59.177929600000006
0.0,25.961427187101997,25.961427187101997,False,0.000143387096,25.324770066666662,24.317897533333333
222.575,248.1953602822931,25.62036028229312,False,0.174294533,28.7508078,33.324613199999995
1284.828571,1283.2124500939408,1.6161209060592228,False,0.9986998006666664,28.032407666666664,55.623793733333336
521.6857143,495.1648938967772,26.520820403222785,False,0.3730011899999999,25.96112293333333,35.6540122
479.6625,508.9056725701201,29.243172570120066,False,0.3822117121428572,27.89843528571428,38.410527071428575
947.3428571,844.9188712648834,102.42398583511658,False,0.652056834,27.611472733333333,43.56778333333334
496.3125,473.28975512743847,23.022744872561532,False,0.349962358,32.328025399999994,43.170092666666655
10.35714286,36.211190066534805,25.854047206534805,False,0.0088829525333333,24.0314636,23.445373466666663
831.3142857,789.4583167531218,41.85596894687819,False,0.6032151686666668,26.310502066666665,46.148805933333335
29.2875,50.96423946959057,21.676739469590565,False,0.0237962576,21.653328466666665,19.7878378
59.875,85.79223889349615,25.917238893496148,False,0.0440678129333333,31.256394333333333,31.672898466666663
1347.471429,1472.3199081391217,124.84847913912176,False,1.151102274,27.0928548,57.691178466666656
663.7125,706.9074910077,43.19499100769997,False,0.5378590466666667,31.09232593333333,46.04329853333333
917.4375,957.045583462608,39.608083462607965,False,0.740527077142857,27.75967185714285,46.865433142857135
134.7571429,156.79643837293477,22.039295472934782,False,0.1069960559333333,23.29249893333333,23.8324564
925.6285714,803.8184344543699,121.81013694563012,False,0.6152538133333332,27.573553600000004,46.448215666666655
752.5875,723.6240010067685,28.963498993231497,False,0.5473548466666667,29.9082072,49.460659
97.175,112.72464018621726,15.54964018621726,False,0.0706118121333333,22.961183666666667,23.921439533333327
1020.242857,948.0430411940605,72.19981580593947,False,0.730578768,30.299320466666668,50.359466600000005
479.7571429,463.565870847889,16.191272052111003,False,0.344954196,34.35660993333333,41.28059066666666
866.5375,984.6151941407796,118.07769414077961,False,0.761243312,32.39142040000001,50.631239933333326
850.2,900.7627414996708,50.56274149967078,False,0.6823728553333333,32.626951000000005,60.1761166
771.0,754.955369791512,16.044630208488,False,0.5785561021428571,25.92686257142857,42.59452828571429
145.7625,151.72293072879265,5.960430728792659,False,0.1017261071999999,23.138751200000005,24.801971466666664
111.325,130.87558140680522,19.55058140680522,False,0.086237195,24.0184102,23.685199
405.6875,398.96280157310235,6.724698426897646,False,0.2966284521428571,27.408913857142856,33.94200785714286
173.1857143,167.4576443309663,5.728069969033697,False,0.112813087,23.8746256,26.81340946666667
945.0857143,860.8833190606392,84.20239523936073,False,0.6621523706666665,26.8470704,46.03145753333334
368.0857143,351.39678401157613,16.688930288423876,False,0.2568065713333334,27.230830933333333,34.6317082
1075.4,1105.4551714176014,30.055171417601287,False,0.8554001073333332,29.45011986666667,53.953094466666656
862.0125,855.366718487959,6.645781512041026,False,0.6525659726666667,32.07957366666666,53.019840733333325
644.8857143,709.5819199941512,64.69620569415122,False,0.5426874133333333,27.585662733333333,42.06701466666666
936.8,1025.9915802362282,89.19158023622822,False,0.7917845233333333,29.7818786,52.660978
1149.757143,1140.1597990719379,9.597343928062173,False,0.888736286,27.5598856,48.580128733333325
666.2714286,632.8621222594026,33.40930634059748,False,0.4802661793333333,28.310963866666665,41.930027
273.1125,256.9692064739129,16.14329352608712,False,0.187030046,22.19873053333333,25.319020466666665
117.225,135.98195847972477,18.756958479724773,False,0.0859623972,26.740639133333328,29.0264568
344.25,326.9638236126771,17.286176387322882,False,0.238490188,27.34741213333333,33.07997246666667
0.0,24.4170001360624,24.4170001360624,False,0.000100219904,23.787237466666667,22.5114056
451.4125,423.3472751269146,28.065224873085413,False,0.31364225,24.95345873333333,35.66078086666666
296.175,292.9730241136485,3.2019758863515335,False,0.2100267246666666,26.4934388,33.26473993333333
0.0,24.904992505362795,24.904992505362795,False,0.0001651499813333,24.480450466666667,23.12403173333333
8.8,34.159990360852056,25.359990360852056,False,0.0070536268133333,25.386586466666667,24.1691102
859.4625,897.469000187926,38.00650018792601,False,0.6935108126666668,27.51010546666667,45.047931266666666
681.05,706.9074910077,25.85749100769999,False,0.5378590466666667,31.09232593333333,46.04329853333333
1045.0,1141.9725264529138,96.97252645291383,False,0.892716588,27.742724733333336,46.33160186666667
813.3857143,732.5844467806425,80.80126751935757,False,0.5611673299999999,26.907450200000007,42.12864373333333
399.7625,364.1827216880354,35.57977831196462,False,0.2725619585714286,23.184509285714288,27.96154764285714
774.0142857,1038.0649714611932,264.0506857611932,True,0.8004696066666667,31.3942708,54.491442600000006
212.4714286,218.30622745096426,5.834798850964262,False,0.1512628246666666,28.141567066666667,31.68454
1151.9,1111.200245577208,40.69975442279201,False,0.855925206,27.8593812,57.1712628
914.725,876.4334157359127,38.291584264087305,False,0.6752527859999999,27.318863800000003,45.9083192
602.4285714,569.1488350368206,33.27973636317938,False,0.4301018386666667,24.460260066666663,38.327647133333336
627.6285714,562.8766568238726,64.75191457612743,False,0.4233145246666666,27.93405566666667,41.36491266666666
46.44285714,75.0605009067179,28.617643766717904,False,0.0369035885714285,28.82632671428572,29.096067142857144
8.0,30.64795369790475,22.64795369790475,False,0.0083566124785714,21.28513,18.49177971428572
18.98571429,41.6325683714859,22.646854081485902,False,0.0141838213333333,22.654567466666663,22.05121253333333
912.4125,856.2210622134542,56.19143778654586,False,0.6546923735714285,31.30421228571429,51.35374028571429
254.9428571,280.7674586165675,25.824601516567526,False,0.1937693263333333,28.7127584,40.05736913333333
91.98571429,101.3699177030501,9.384203413050102,False,0.0596414616666666,24.9111592,26.31437593333333
746.725,690.4134480385553,56.31155196144471,False,0.52508064,27.56823728571429,43.82351471428571
112.325,127.79533134668037,15.470331346680368,False,0.084808915,23.171523066666666,22.294864933333333
419.6571429,411.3360036504383,8.321139249561725,False,0.3068565886666666,24.370550666666663,32.55040273333334
544.375,649.3671266658416,104.99212666584162,False,0.4921659633333334,27.60525313333333,43.148862666666666
111.7625,123.21842940321845,11.455929403218448,False,0.0805502275333333,21.672629800000003,22.11884373333333
1173.471429,1154.8745213578177,18.59690764218226,False,0.892777234,30.676135400000003,57.4164388
0.0,23.505350845065124,23.505350845065124,False,0.0002446326267021,22.18672828571429,20.98682278571429
1081.685714,1006.6885834957752,74.99713050422474,False,0.7802876913333333,30.08868206666667,48.752494133333336
711.2857143,801.8526624930242,90.56694819302425,False,0.6065786866666667,32.30898653333334,55.08829360000001
765.4625,754.955369791512,10.507130208487979,False,0.5785561021428571,25.92686257142857,42.59452828571429
1303.114286,1318.5841626294205,15.469876629420469,False,1.0311831480000002,29.79234406666667,53.1358704
653.2428571,838.284025327586,185.041168227586,True,0.635450962,32.495967666666665,56.101076266666674
364.35,339.9008739222137,24.44912607778633,False,0.238672855,33.279722071428566,45.374740642857134
796.2428571,736.6183723672333,59.624484732766746,False,0.564246406,26.771500733333337,42.28302813333334
972.9125,926.4333439227382,46.47915607726179,False,0.7143712646666666,27.96947633333333,47.941911000000005
754.9857143,706.9074910077,48.078223292300095,False,0.5378590466666667,31.09232593333333,46.04329853333333
1071.7,1052.1811187385547,19.518881261445358,False,0.8122406413333334,31.2210448,54.23274553333334
887.0125,838.0557465636663,48.95675343633377,False,0.644579368,26.80618086666667,44.94630113333333
458.4428571,432.68922673651247,25.75363036348756,False,0.32255192,24.568143428571428,34.32752778571429
28.61428571,57.72063307652457,29.10634736652457,False,0.0225449364285714,31.13241364285714,30.225331
663.2,652.1366649824786,11.063335017521467,False,0.49096055,33.424020071428565,48.9096767142857
35.6875,58.06457505091119,22.377075050911188,False,0.0283668289333333,21.431498266666665,20.859558
615.9,615.369437688465,0.5305623115349363,False,0.4637642506666667,27.262479733333336,43.4918152
126.225,146.01704284511948,19.792042845119482,False,0.0927983004,29.4934264,31.516186533333336
902.1285714,856.6037662702165,45.524805129783545,False,0.661408742,26.326908333333336,43.22573646666668
188.1285714,192.79343502694636,4.664863626946357,False,0.1354008960666666,22.74705013333333,24.6323364
763.1375,702.9670350478349,60.17046495216516,False,0.5366972139999999,27.47486573333333,42.54781693333334
1003.3875,957.045583462608,46.34191653739208,False,0.740527077142857,27.75967185714285,46.865433142857135
406.7571429,452.65105846564404,45.89391556564402,False,0.3392979014285714,24.590855285714284,33.98376064285714
1000.5,985.3289936279141,15.171006372085913,False,0.7634629593333334,29.934474666666667,48.0433046
451.2125,452.65105846564404,1.4385584656440642,False,0.3392979014285714,24.590855285714284,33.98376064285714
0.0,23.699997084457443,23.699997084457443,False,0.000333454882,22.5879394,21.22639153333333
1185.585714,1178.728983616552,6.856730383448166,False,0.9129294213333332,30.19451906666667,56.65431326666666
874.7571429,915.3371325070567,40.579989607056746,False,0.702748034,28.7853558,50.65149946666666
622.325,562.8766568238726,59.44834317612742,False,0.4233145246666666,27.93405566666667,41.36491266666666
59.7125,76.92352381830023,17.211023818300227,False,0.039089017,29.038175466666665,28.573687866666667
1069.8,1073.6732646567043,3.8732646567043503,False,0.8256647073333334,31.90281766666666,58.44529793333333
621.2428571,640.7983449256865,19.55548782568644,False,0.4845541833333333,26.1504356,43.0666302
173.5375,201.82978607398135,28.29228607398136,False,0.138821146,27.1594952,30.26335453333333
1153.057143,1346.6071643058258,193.5500213058258,True,1.0468158086666666,28.699442466666667,59.51716313333333
387.05,357.0738035096393,29.976196490360735,False,0.262713,24.443902533333333,32.258191
441.2571429,429.0148885605442,12.242254339455826,False,0.325195026,23.921140466666664,28.769305600000003
609.35,569.1488350368206,40.201164963179394,False,0.4301018386666667,24.460260066666663,38.327647133333336
1006.95,958.9318812877747,48.01811871222537,False,0.7397700273333334,33.397930933333335,51.453865333333326
411.0875,388.12644662994103,22.96105337005895,False,0.2853623193333333,26.809796066666664,35.90520226666667
325.1142857,287.20069454733573,37.91359115266425,False,0.20888875,24.006947666666665,28.83434853333333
965.375,915.3371325070567,50.03786749294329,False,0.702748034,28.7853558,50.65149946666666
159.2285714,166.2923773664334,7.063805966433421,False,0.109053603,31.540801866666666,32.74589640000001
652.8857143,641.611780418506,11.273933881494031,False,0.4867305466666667,25.66906733333333,41.449745733333344
4.9625,32.30539960836409,27.342899608364093,False,0.0047339318343333,27.510428933333333,25.833406533333328
375.9,351.39678401157613,24.503215988423847,False,0.2568065713333334,27.230830933333333,34.6317082
1171.9875,1334.6566183027162,162.66911830271624,False,1.0396661320000002,30.470314466666665,57.810960066666674
618.0714286,562.8766568238726,55.19477177612737,False,0.4233145246666666,27.93405566666667,41.36491266666666
757.1571429,736.1426265802041,21.014516319795916,False,0.560985624,32.67847086666667,47.516884133333335
518.875,527.9637716274119,9.088771627411916,False,0.4016198786666667,24.25037833333333,33.30309460000001
940.9375,883.6180584600831,57.31944153991685,False,0.6801754139999999,31.361989333333334,48.560525000000005
234.1285714,240.9948237676128,6.866252367612788,False,0.1668127414285714,33.443313571428575,36.82670364285714
170.9714286,215.61559111121747,44.64416251121747,False,0.1536853939999999,24.416684866666667,25.753737399999995
126.9571429,130.3892488931596,3.4321059931595954,False,0.085784176,23.556774866666668,23.536191933333328
144.025,161.64743065151072,17.62243065151071,False,0.1112899762666666,24.041567200000003,23.861043266666663
718.8,770.6740447767638,51.87404477676387,False,0.5834999766666668,29.7998332,51.68366739999999
433.1125,470.7549493447235,37.6424493447235,False,0.3559949986666666,24.3803284,32.1630228
697.4571429,665.3120736230652,32.145069276934805,False,0.5072556953333333,26.5218384,40.79867733333334
642.0625,616.7987148579105,25.263785142089546,False,0.4668261126666666,29.21803193333333,42.5737022
547.9375,596.8148447978423,48.877344797842284,False,0.453155868,26.739856000000003,38.96813346666666
7.614285714,33.40818067567246,25.79389496167246,False,0.0070068898142857,23.8402385,22.968658428571427
816.6,733.6677152115386,82.9322847884614,False,0.5623129906666666,25.70663053333333,41.3690166
267.325,258.48752988827937,8.83747011172062,False,0.1875066193333333,24.505352933333327,27.033671066666663
743.0428571,741.1913752354343,1.8514818645656987,False,0.5593601680000001,32.37420473333333,52.76566173333333
65.52,79.9802854250156,14.460285425015599,False,0.0454442841666666,22.344629916666666,22.08666241666667
707.1875,765.099736805267,57.91223680526696,False,0.5801343633333333,30.550409,50.88379926666666
168.2428571,219.25544297830172,51.01258587830171,False,0.1582885586666666,23.54695426666667,23.866823333333336
570.6714286,531.9033168244317,38.768111775568286,False,0.4008640346666667,27.05220753333333,38.234853066666666
149.7428571,206.98827890864868,57.24542180864867,False,0.1486546339999999,23.788940466666663,23.575608266666663
787.325,734.9992649278446,52.32573507215545,False,0.563254726,27.410540933333333,42.2459552
553.45,561.7370106233118,8.287010623311744,False,0.4227470493333333,31.0069884,42.35145673333333
429.125,458.235129116821,29.110129116820985,False,0.3424570506666667,26.1143576,35.96729740000001
648.275,878.7849477700407,230.50994777004075,True,0.670675372,28.632191866666663,52.5477356
1112.471429,1132.9760587004916,20.504629700491705,False,0.8805713933333333,29.448215866666665,51.5198242
467.65,436.75805626787104,30.891943732128937,False,0.319418066,27.9916526,41.8464274
242.1142857,241.2385779316497,0.8757077683503098,False,0.1741175246666666,22.97513853333333,25.668487533333334
26.11428571,55.063383530876884,28.949097820876883,False,0.0214036318666666,28.510609933333328,28.12322593333333
1288.457143,1299.9222206900963,11.465077690096223,False,1.009763066,31.31245933333333,59.503814466666654
31.6875,52.89505921513107,21.20755921513107,False,0.0218913211333333,24.373624600000003,24.219653266666665
150.8285714,139.5631799266601,11.26539147333989,False,0.0946579585333333,22.2525206,21.710430866666663
692.9714286,799.7948109727319,106.82338237273188,False,0.608488516,28.88009853333333,50.2482484
68.68571429,89.93659742830059,21.25088313830058,False,0.0509346373333333,25.624135333333328,25.999684533333333
45.65,81.26285413196024,35.61285413196024,False,0.045347547,22.335686384615386,23.15451523076923
943.125,942.6341482518046,0.49085174819538224,False,0.7254104080000001,31.446600466666663,51.540208
966.3285714,892.0914408051012,74.23713059489876,False,0.6855142546666666,28.9166118,49.0042542
958.7125,872.8084279409672,85.90407205903273,False,0.6648343986666667,31.16986893333333,54.52318526666667
193.2714286,193.6838998527957,0.4124712527956831,False,0.1333380648,23.458431066666662,27.546588133333334
275.1875,256.5576375238635,18.62986247613651,False,0.1853613693333333,22.82434493333333,26.831990666666663
42.54285714,57.61721322967777,15.07435608967777,False,0.0287589122,22.62713006666667,20.668404133333333
906.8285714,945.2414034453167,38.41283204531669,False,0.7235532206666667,28.367100066666666,53.9367392
829.6714286,814.9482062597972,14.723222340202824,False,0.6257596313333335,28.347310466666663,45.494661266666654
1090.475,944.7042549409139,145.77074505908604,False,0.7343688020000001,25.898872933333333,42.364294333333326
1112.428571,1100.2846521786582,12.143918821341686,False,0.8507950519999999,30.114007466666664,54.58146206666667
884.5428571,847.6148584458256,36.92799865417442,False,0.6536209333333333,26.294516866666665,43.60148279999999
414.6,459.8200744290949,45.22007442909489,False,0.3454415426666666,24.829638666666668,33.83913526666666
739.8125,828.6681584323386,88.8556584323386,False,0.632901332,31.86826353333333,50.850927733333336
476.8125,450.6799181306491,26.132581869350872,False,0.3386504113333334,24.42785433333333,33.0092104
465.2857143,436.75805626787104,28.527658032128954,False,0.319418066,27.9916526,41.8464274
278.1857143,280.9291072331115,2.7433929331115223,False,0.2016386213333333,25.41951306666667,31.412544733333327
1158.085714,1112.241254344347,45.844459655653054,False,0.864056662,28.03033873333333,50.452891
1078.9375,844.9188712648834,234.01862873511664,True,0.652056834,27.611472733333333,43.56778333333334
1269.7375,1256.8813702583511,12.856129741648829,False,0.9751613035714286,30.92911621428572,58.69564164285714
870.9875,873.55913465972,2.5716346597200754,False,0.6704487179999999,27.71488233333333,48.363682
668.075,597.4565879327099,70.61841206729014,False,0.453461884,27.390254733333336,39.45489506666667
313.5714286,326.7485998654952,13.17717126549519,False,0.2348828546666666,32.671417266666666,38.58448679999999
1001.685714,984.8062862869185,16.87942771308144,False,0.7549121526666667,34.382596666666664,57.54735093333333
1076.071429,1044.117817976608,31.953611023392114,False,0.8096695786666664,28.2830628,49.19147753333333
818.5285714,758.9682586764923,59.560312723507764,False,0.581595316,30.592580066666667,44.846677466666655
32.44285714,50.96423946959057,18.521382329590566,False,0.0237962576,21.653328466666665,19.7878378
96.65714286,111.59493187230919,14.937789012309196,False,0.0679638256428571,26.070382142857145,26.87296621428572
760.5,754.955369791512,5.544630208488002,False,0.5785561021428571,25.92686257142857,42.59452828571429
588.7875,564.059816157466,24.72768384253402,False,0.4251206693333333,33.059299933333335,42.801250933333336
117.4714286,134.9158461630057,17.444417563005715,False,0.0837732949333333,29.301833066666667,31.3613768
798.3,751.9737188390089,46.326281160991016,False,0.5725103686666667,33.45063293333333,49.20921033333333
1029.242857,1042.2840062454707,13.041149245470706,False,0.7999019353333332,33.540535600000005,59.177929600000006
1134.642857,1199.4052473028246,64.76239030282454,False,0.9274572886666668,31.7778442,59.602299333333335
1036.1,1046.9260846991156,10.826084699115654,False,0.8113028464285714,28.570162142857143,49.94027492857144
62.125,81.92411119981584,19.79911119981584,False,0.0471279440666666,21.4945944,21.6351522
203.7,196.2687645211636,7.431235478836385,False,0.1371546752,22.4847634,25.541505866666665
116.2714286,134.9158461630057,18.644417563005717,False,0.0837732949333333,29.301833066666667,31.3613768
352.0714286,341.4518932179275,10.619535382072513,False,0.2479111146666666,27.96042866666667,35.6392172
852.0285714,881.8789571311155,29.850385731115466,False,0.6764482221428572,26.82428842857143,48.745747214285714
1123.3125,1006.6885834957752,116.62391650422478,False,0.7802876913333333,30.08868206666667,48.752494133333336
1267.95,1430.017433819009,162.067433819009,False,1.112296618,31.26550906666667,63.34182940000001
219.2571429,220.8703767290039,1.6132338290039172,False,0.1566565473333333,22.7777608,26.293044066666663
75.1375,87.12856163213178,11.991061632131775,False,0.0525060624,22.413663666666665,20.99587586666667
10.475,40.87606157269225,30.40106157269225,False,0.0104024432133333,27.792637066666668,27.22354733333333
380.8125,362.08571669780264,18.72678330219736,False,0.2670940773333334,25.312744200000004,32.38037546666667
119.6285714,120.62357502374019,0.9950036237401889,False,0.0771933347333333,22.155832933333333,23.475118133333336
606.5714286,595.8257037488819,10.745724851118098,False,0.444713674,31.511543666666668,48.153831
568.925,510.1153523513358,58.80964764866417,False,0.3833396619999999,25.527582066666668,37.25813600000001
1114.314286,1132.9760587004916,18.66177270049161,False,0.8805713933333333,29.448215866666665,51.5198242
303.5142857,287.23329792148235,16.28098777851767,False,0.205583812,27.73206186666667,33.554784733333335
212.6714286,211.7003144366453,0.9711141633547129,False,0.15050792,22.16442873333333,24.749108733333337
206.5625,227.54798180742125,20.98548180742125,False,0.1562854073333333,30.2077474,34.96258519999999
775.0125,804.5157723887519,29.50327238875184,False,0.6136754333333333,28.123655266666663,48.692805666666665
121.9625,135.98195847972477,14.019458479724761,False,0.0859623972,26.740639133333328,29.0264568
205.2714286,207.8344098937701,2.5629812937700933,False,0.1415173426666666,27.7056072,32.5780582
188.2,201.10912890176922,12.909128901769236,False,0.1358759986666666,29.846667533333328,33.62270493333333
121.225,139.2270298353742,18.002029835374202,False,0.0888713367333333,25.933880733333336,28.44586786666666
831.3,814.9510052075952,16.34899479240471,False,0.6295824313333332,24.937853933333333,40.45452453333333
744.525,646.0385606433774,98.48643935662255,False,0.4894874157142857,28.579515642857142,43.52298428571428
1121.8,1102.715660189227,19.084339810772917,False,0.8608448592857144,27.778298642857145,46.05228092857142
222.025,214.95790466721309,7.06709533278692,False,0.15224982,23.244622733333337,26.083353666666667
245.2625,291.55938864062415,46.29688864062416,False,0.21528912,23.946079466666667,26.170033866666667
117.2857143,139.88741930623712,22.601705006237125,False,0.0869776312666666,29.13962606666667,32.1050026
8.514285714,37.035133715431826,28.520848001431826,False,0.0084486021133333,26.634965,25.6072164
247.9375,241.2385779316497,6.698922068350299,False,0.1741175246666666,22.97513853333333,25.668487533333334
781.7,763.5261851534704,18.173814846529694,False,0.5869376799999999,26.62600271428571,41.63306128571429
287.75,296.2038352206924,8.453835220692383,False,0.21379486,25.7980978,31.919557666666662
415.0714286,363.85948438568795,51.21194421431204,False,0.2680125333333333,24.295941266666667,32.440757133333335
670.9571429,668.8813617512599,2.075781148740134,False,0.5104697813333334,26.212556866666667,40.39654946666667
511.3857143,588.0593534454969,76.67363914549685,False,0.4473209473333333,25.21634506666667,37.05501713333334
583.6625,588.0593534454969,4.396853445496845,False,0.4473209473333333,25.21634506666667,37.05501713333334
604.7428571,590.1825224275316,14.560334672468457,False,0.4417064292857143,27.985940285714285,45.11740971428571
772.7285714,756.5810064458254,16.147564954174527,False,0.5804646173333333,28.242586266666667,43.05883393333334
298.7714286,287.23329792148235,11.538130678517632,False,0.205583812,27.73206186666667,33.554784733333335
400.0428571,407.96932971695674,7.926472616956744,False,0.3029486386666666,23.706215533333328,33.3340642
63.5,84.60433393016369,21.10433393016369,False,0.0487669142,22.65616866666667,22.658846066666666
456.375,436.75805626787104,19.61694373212896,False,0.319418066,27.9916526,41.8464274
988.875,944.5155821618841,44.35941783811586,False,0.7324080378571429,29.03071592857143,45.404338142857135
30.98571429,53.75529312862084,22.76957883862084,False,0.0212870691999999,27.727758666666663,26.892470266666667
50.08571429,75.0605009067179,24.974786616717907,False,0.0369035885714285,28.82632671428572,29.096067142857144
519.3875,461.9945706541948,57.39292934580527,False,0.348691926,24.85946453333333,32.48247873333333
336.8428571,328.76525652717163,8.077600572828374,False,0.2436428057142857,23.38855407142857,27.937476071428577
924.6625,860.8833190606392,63.7791809393608,False,0.6621523706666665,26.8470704,46.03145753333334
594.7285714,613.4288104231408,18.700239023140853,False,0.4699400059999999,24.854911266666665,35.20188793333334
559.6375,584.8924274211105,25.254927421110438,False,0.4418567756666667,29.92045486666667,41.76569859999999
1114.742857,1209.0227476565851,94.27989065658517,False,0.9360600806666666,32.174080466666666,59.10431306666667
691.1375,618.666020039939,72.47147996006106,False,0.4727646679999999,24.93256013333333,36.6068582
129.1142857,133.45253628226948,4.338250582269467,False,0.0864726348666666,24.191860066666663,25.512402466666668
1193.125,1165.2708562513653,27.85414374863467,False,0.9068482053333332,29.577811800000003,51.7647218
514.1,459.1823225006224,54.917677499377646,False,0.3384765497333333,30.0527444,42.11031486666668
470.5714286,501.29192707970014,30.720498479700154,False,0.3787024119999999,25.0617614,34.63271466666667
28.7625,51.6682073545263,22.905707354526303,False,0.0213697816666666,24.5652384,23.850461733333333
993.2,966.2564401446559,26.94355985534412,False,0.7428897426666667,33.727413,54.2896504
4.2,31.907366708824107,27.707366708824107,False,0.0079012560333333,21.586885533333334,20.010978066666667
839.975,894.0774351004716,54.10243510047155,False,0.685881602,30.158901066666665,50.718400200000005
17.12857143,43.06988118191607,25.941309751916066,False,0.0139073641466666,24.9734254,24.41195066666667
310.0714286,330.4732176593908,20.401789059390808,False,0.2447378533333333,23.763501066666667,28.384606933333338
933.975,860.3010687964454,73.67393120355462,False,0.664057878,28.39979053333333,44.47907733333333
449.7,408.80119825796686,40.89880174203313,False,0.3038333933333333,26.13088566666667,34.19353846666667
82.075,101.99779158079333,19.92279158079333,False,0.0596401831333333,26.235536666666665,27.3688028
516.7375,459.1823225006224,57.55517749937758,False,0.3384765497333333,30.0527444,42.11031486666668
129.7142857,126.28015061709318,3.4341350829068205,False,0.0832185890666666,23.51573693333333,22.768512
133.1571429,142.95504219050747,9.797899290507473,False,0.0975767968666666,22.135064666666665,21.531044466666668
629.2375,573.7421918165418,55.49530818345818,False,0.4349046853333333,24.86980793333333,37.53728039999999
67.1125,84.18007736486915,17.067577364869152,False,0.0458670224666666,25.6956218,26.355127000000003
791.7142857,860.3010687964454,68.5867830964454,False,0.664057878,28.39979053333333,44.47907733333333
697.5428571,623.4817682065299,74.06108889347013,False,0.4696780846666667,30.64887906666667,45.644804066666666
114.6875,127.79533134668037,13.10783134668037,False,0.084808915,23.171523066666666,22.294864933333333
1121.1125,1182.0564671635334,60.94396716353344,False,0.9182852226666663,27.994940266666667,53.25080986666667
687.6142857,640.3082492093787,47.306036490621295,False,0.483302472,27.63629753333333,44.50241260000001
641.8375,611.2143118905527,30.623188109447256,False,0.4602610826666666,27.449349066666663,43.6625044
354.425,339.80916729312776,14.615832706872254,False,0.2482180333333333,25.16503906666667,32.88677139999999
1324.3375,1318.5841626294205,5.753337370579629,False,1.0311831480000002,29.79234406666667,53.1358704
770.05,595.4580518597129,174.59194814028706,False,0.442447935,29.662364357142856,49.18731492857143
931.925,950.1842669787827,18.25926697878276,False,0.7279374373333332,33.00463246666666,55.63306693333334
114.525,127.79533134668037,13.270331346680365,False,0.084808915,23.171523066666666,22.294864933333333
199.6142857,196.2687645211636,3.3455211788364068,False,0.1371546752,22.4847634,25.541505866666665
69.425,85.72420877205253,16.299208772052538,False,0.050611544,23.312432866666672,22.078063866666664
170.15,186.45461482179348,16.30461482179348,False,0.1241333933333333,30.44563606666668,33.627032533333335
617.9571429,561.9170815141517,56.040061385848276,False,0.4242669086666667,28.490726733333336,39.98254813333334
0.0,58.57773634044968,58.57773634044968,False,0.0245060392,29.093019666666667,28.168933133333333
935.9,890.013905248607,45.88609475139299,False,0.6839935373333333,25.400056866666667,47.31288253333333
36.45,59.994023140764874,23.54402314076487,False,0.0264554836,25.90362353333333,26.05394893333333
0.0,1284.985735462491,1284.985735462491,True,0.9985397593333332,29.4468058,57.7418068
56.25,74.91503705035024,18.665037050350236,False,0.0437152266,21.14960933333333,19.30752746666667
1230.342857,1240.2726769555552,9.929819955555104,False,0.9600062992857142,32.36792450000001,60.75254
79.08571429,93.50794890035368,14.422234610353684,False,0.0565229884,22.34989833333333,22.100982666666667
1296.2375,1430.017433819009,133.7799338190091,False,1.112296618,31.26550906666667,63.34182940000001
82.12857143,109.71875875579919,27.590187325799192,False,0.0632720198666666,30.095953266666665,31.55705773333333
745.125,727.4709320185812,17.654067981418848,False,0.5574083926666665,25.808286599999995,41.24847206666666
717.9857143,657.201953214564,60.783761085436026,False,0.5010602806666667,26.182826666666664,40.22812886666667
1104.6,1079.6859601545798,24.91403984542012,False,0.8324597433333333,29.89033,55.8342632
174.5625,169.26433329738842,5.2981667026115815,False,0.1162776123333333,23.02395633333333,24.594645266666667
159.6571429,172.1332761464533,12.476133246453315,False,0.1132172194666666,29.57108153333333,32.47774066666667
765.3571429,729.164268103227,36.192874796773026,False,0.5514050859999999,34.7056704,51.99498913333333
0.0,58.57773634044968,58.57773634044968,False,0.0245060392,29.093019666666667,28.168933133333333
321.5857143,349.6225855640709,28.036871264070896,False,0.2547879166666667,30.710561,36.66297186666667
734.4571429,722.1824503035575,12.274692596442492,False,0.545487636,32.7458558,51.327437733333326
59.2,79.9802854250156,20.78028542501559,False,0.0454442841666666,22.344629916666666,22.08666241666667
41.925,60.739103367082905,18.814103367082907,False,0.0321055547333333,21.70994886666666,19.537300666666667
429.775,389.8430015336602,39.93199846633979,False,0.28833439,26.587683066666667,34.3489056
365.3571429,347.90377250262674,17.45337039737325,False,0.2492484,27.516727866666667,39.136326
99.51428571,110.81529928430666,11.301013574306666,False,0.0697883706,22.4054382,22.988533466666667
774.1875,771.541264018643,2.6462359813569947,False,0.5924935807142857,27.712921,43.051186571428566
208.5571429,273.0907170242266,64.53357412422659,False,0.2020374493333333,22.7244914,23.87672733333333
783.2,771.9081820126487,11.291817987351351,False,0.5920114606666667,24.389473466666665,42.34455979999999
769.7,880.0845068198901,110.38450681989002,False,0.6696705126666667,33.10833713333334,56.4158632
685.925,638.2916135741267,47.633386425873255,False,0.4839689073333333,27.073685666666663,42.09396553333334
1233.2625,1245.6457588543876,12.383258854387577,False,0.9666168293333331,32.30198566666667,58.666117466666655
510.1142857,485.04652743630163,25.06775826369835,False,0.3559129373333332,31.9338582,46.44251506666667
801.4625,752.8630073584378,48.599492641562165,False,0.5735764053333332,31.041467333333333,47.85286426666667
191.0142857,203.46548169475042,12.451195994750435,False,0.1337362736666667,33.7051188,39.0915042
650.9285714,615.369437688465,35.55913371153497,False,0.4637642506666667,27.262479733333336,43.4918152
465.6571429,434.54328070263506,31.113862197364938,False,0.3180874907142857,32.0070125,43.13004007142857
594.5285714,550.4125810613967,44.1159903386033,False,0.4153775066666666,28.428057933333328,39.44832773333333
1.225,28.970493514787197,27.745493514787196,False,0.0029981865438,25.1545614,23.882541866666667
228.4,268.3126814315573,39.912681431557274,False,0.1964333966666666,23.61099233333333,25.83404733333333
728.7875,632.4274367910386,96.36006320896138,False,0.4784254099999999,29.053249066666663,43.63637693333334
66.175,81.93667992887566,15.761679928875665,False,0.0468413084666666,22.7384398,22.45022773333333
906.6285714,812.4998201361146,94.12875126388542,False,0.62278731,29.8473918,47.0438902
657.925,598.5191172273946,59.40588277260531,False,0.4543548386666667,25.957446399999995,38.814910666666655
1100.1,1067.2657443685325,32.834255631467386,False,0.828218792857143,29.31660471428572,50.0400065
68.22857143,83.98338906831141,15.754817638311408,False,0.0495149681333333,21.985833666666664,21.195638
400.225,357.0738035096393,43.151196490360746,False,0.262713,24.443902533333333,32.258191
5.3,31.907366708824107,26.607366708824106,False,0.0079012560333333,21.586885533333334,20.010978066666667
518.75,535.8146982659691,17.064698265969128,False,0.3988885433333333,33.89057606666666,46.02908119999999
154.8571429,161.91955070865097,7.06240780865096,False,0.1077558996666666,26.572758,28.462253866666668
563.9428571,527.9637716274119,35.979085472588054,False,0.4016198786666667,24.25037833333333,33.30309460000001
729.4142857,652.3150362805483,77.09924941945178,False,0.491453022,27.611354533333337,46.072651933333326
1115.8625,1099.009401817481,16.853098182519034,False,0.8546898013333333,29.279667000000003,49.60990173333333
328.3875,435.2130256854214,106.82552568542144,False,0.319140978,32.39553246666666,42.82737193333334
893.4,893.562926461534,0.16292646153397072,False,0.6847007353333333,33.76234939999999,52.985213
1035.725,1044.1837783314486,8.458778331448684,False,0.8056238186666665,29.13891813333333,53.3879132
468.0285714,495.1648938967772,27.13632249677721,False,0.3730011899999999,25.96112293333333,35.6540122
0.0,42.97491941191008,42.97491941191008,False,0.0123415255071428,28.737601,27.42860421428572
94.4,107.74054797069468,13.340547970694672,False,0.067908889,21.957159333333333,22.195896266666672
1140.785714,831.9513549954918,308.8343590045083,True,0.6356642493333334,29.261606933333333,49.6573588
736.875,686.4015580578281,50.47344194217192,False,0.5218388100000001,28.167818333333337,44.0384016
747.4,652.9946797110189,94.4053202889811,False,0.493897726,30.311199866666666,45.478786266666674
68.67142857,87.67348172301247,19.00205315301247,False,0.052356912,23.665861,22.093613866666672
1013.3,1014.1465335568232,0.8465335568232604,False,0.7798724033333334,32.80111693333333,56.02008653333333
576.05,531.9033168244317,44.14668317556823,False,0.4008640346666667,27.05220753333333,38.234853066666666
488.8714286,474.0542231716374,14.817205428362627,False,0.3448840357142857,27.98836207142857,46.6177065
527.8375,443.840998628262,83.99650137173796,False,0.327377192,32.281588,41.69365866666666
792.2,732.4978689801046,59.70213101989543,False,0.5586564773333333,25.75082,43.90548686666667
71.31428571,92.76743922761118,21.453153517611184,False,0.0563336587333333,22.062723666666667,21.586832733333328
1104.814286,1112.241254344347,7.42696834434696,False,0.864056662,28.03033873333333,50.452891
635.8,543.4252192639465,92.37478073605348,False,0.4040820713333333,32.41062673333334,46.36569013333333
870.5875,777.3681758931446,93.21932410685542,False,0.601040456,27.86605026666667,39.599638000000006
4.3,31.103291056104307,26.803291056104307,False,0.0048826057146666,25.49142246666667,23.901588933333336
38.72857143,60.223323079576,21.494751649575996,False,0.0262128633333333,30.311684133333333,28.36227433333333
652.8428571,642.5114489411035,10.331408158896465,False,0.484228046,32.45574533333333,47.4088624
64.2375,87.84595203245395,23.608452032453954,False,0.0478600682,28.9436726,28.7049784
0.0,24.822647185529807,24.822647185529807,False,5.614888285714287e-05,25.18057035714285,23.46554121428572
1143.857143,1098.0745443867513,45.78259861324864,False,0.8485740693333333,27.075844133333334,53.64908433333333
1013.214286,921.0614307964461,92.15285520355394,False,0.715572958,25.542982933333327,41.660313
768.5571429,764.2430097051064,4.314133194893657,False,0.580272074,29.979579800000003,49.852822
924.1375,913.7806093491611,10.356890650838977,False,0.702796554,30.368632,50.099892
983.35,950.8533562057211,32.49664379427895,False,0.7350834633333333,33.763185400000005,49.80390433333333
92.82857143,109.71875875579919,16.89018732579919,False,0.0632720198666666,30.095953266666665,31.55705773333333
579.3833333,596.8148447978423,17.43151149784228,False,0.453155868,26.739856000000003,38.96813346666666
0.0,24.747542967725646,24.747542967725646,False,6.189576866666667e-05,25.57590346666667,23.5736836
174.5375,184.69846921182344,10.160969211823442,False,0.1254085300666666,26.03677973333333,29.186376866666667
923.8142857,848.9427363318429,74.87154936815716,False,0.6541739533333331,25.68664953333333,43.83857633333333
776.325,763.4304529364737,12.894547063526375,False,0.58660541,28.766581200000005,42.79567873333334
1179.2,1264.7123581291867,85.51235812918662,False,0.97745754,32.317808071428566,63.145581571428565
0.0,23.158785056786993,23.158785056786993,False,0.0005523642353333,21.4640382,20.121873
612.6571429,577.1196554078344,35.53748749216561,False,0.4392469226666666,25.790447933333336,36.467413466666656
579.4,543.3960689464546,36.00393105354533,False,0.410816618,25.405088333333328,37.028379066666666
100.925,120.6585571052066,19.7335571052066,False,0.0770268140666666,22.915026866666665,23.98563853333333
416.9142857,363.85948438568795,53.054801314312044,False,0.2680125333333333,24.295941266666667,32.440757133333335
99.2125,112.72464018621726,13.512140186217252,False,0.0706118121333333,22.961183666666667,23.921439533333327
822.6625,819.2017400196165,3.4607599803835,False,0.6259291153333334,26.661143,47.86209886666667
466.275,450.6322002354105,15.642799764589483,False,0.3353831253333333,28.066652533333336,37.5957134
649.6625,567.4355922991169,82.22690770088309,False,0.4304919446666666,26.519590333333333,37.54320873333334
1296.9,1246.4803164998516,50.419683500148494,False,0.97148052,27.86127913333333,52.84501126666667
523.0,827.5045265402022,304.50452654020216,True,0.63854485,27.87740473333333,42.96753940000001
626.9571429,778.9661663205849,152.00902342058487,False,0.5980412346666665,26.5877218,43.06868493333333
1129.2375,1111.200245577208,18.037254422791875,False,0.855925206,27.8593812,57.1712628
1036.814286,1113.6437581146738,76.82947211467376,False,0.8612832686666666,31.688391,55.696510800000006
715.5875,654.1348238560741,61.45267614392583,False,0.4934305533333333,29.6892496,46.51825533333333
708.75,704.9263568576683,3.8236431423316617,False,0.5377770619999998,27.534234666666663,43.0649942
12.1,40.28159893016779,28.181598930167787,False,0.0098169462733333,28.880454466666663,27.785554933333334
961.575,920.7839665232979,40.79103347670218,False,0.7094795186666665,27.40871386666667,47.941766400000006
838.1571429,756.8523780140035,81.30476488599652,False,0.5762455473333332,28.8240906,47.455545866666654
575.6375,561.1582360347498,14.479263965250198,False,0.4202787366666667,26.58655813333333,42.300410866666674
587.9125,520.1723964629738,67.74010353702624,False,0.3929380471428571,25.35791885714286,35.92258564285714
1084.071429,1044.1837783314486,39.88765066855149,False,0.8056238186666665,29.13891813333333,53.3879132
282.0857143,271.120869910689,10.964844389310997,False,0.1932886153333333,26.307415666666667,32.08403093333333
120.9625,139.88741930623712,18.924919306237115,False,0.0869776312666666,29.13962606666667,32.1050026
268.5125,273.23094525472686,4.718445254726873,False,0.193777918,27.25204246666667,33.650572000000004
883.0142857,744.3813950261576,138.63289067384233,False,0.5669934953333333,28.1128438,46.23971173333333
613.6857143,601.4504927018234,12.235221598176622,False,0.4554531606666666,24.88059273333333,39.5672728
367.6375,423.11906397196213,55.481563971962146,False,0.3192179526666666,23.4391542,29.62755733333333
96.325,114.74561649066243,18.420616490662425,False,0.0674540515333333,32.45497006666667,32.520924533333336
926.7625,884.1414766019523,42.62102339804778,False,0.6831317153333333,29.025638800000003,45.191560933333335
66.7625,68.95327176097453,2.1907717609745276,False,0.0381347714,21.863590533333333,20.2624066
792.1428571,814.9482062597972,22.805349159797174,False,0.6257596313333335,28.347310466666663,45.494661266666654
977.0142857,937.5544708072392,39.45981489276073,False,0.7201458673333331,27.95082393333333,51.054569666666666
543.8571429,506.03769580434084,37.81944709565914,False,0.383318604,28.0150064,35.23329273333334
715.5625,700.6623384670874,14.900161532912648,False,0.5342788213333333,26.066546666666667,42.4321838
9.5375,37.80767524630827,28.27017524630827,False,0.0086745569666666,26.31346433333333,25.84845173333333
176.625,174.12367684507362,2.501323154926382,False,0.1180922946666666,23.50864866666667,26.8290996
164.3142857,167.99467750107706,3.6803918010770644,False,0.1121953106,25.845591266666663,28.6533284
1060.685714,936.2936856891769,124.3920283108231,False,0.7204248719999999,27.3343506,49.562795
1050.25,1264.7123581291867,214.46235812918667,True,0.97745754,32.317808071428566,63.145581571428565
247.9,275.1747064063547,27.27470640635468,False,0.1992273946666666,23.671679533333336,28.50362966666667
507.4714286,482.36743688978896,25.103991710211062,False,0.3581823699999999,34.38115033333334,43.332853333333325
774.2125,752.8630073584378,21.349492641562165,False,0.5735764053333332,31.041467333333333,47.85286426666667
575.8,548.8775151516073,26.922484848392628,False,0.4147560933333333,25.266322866666663,37.48621606666667
894.9375,822.8937911564365,72.04370884356354,False,0.6299917373333332,33.28802473333333,49.761794
418.0,469.6832142821999,51.68321428219991,False,0.3465496533333333,32.31323666666667,43.588924266666666
747.4714286,745.1207556991845,2.3506729008154252,False,0.5639184546666666,27.5785664,49.444277133333344
1317.375,1318.5841626294205,1.2091626294204616,False,1.0311831480000002,29.79234406666667,53.1358704
207.8,218.30622745096426,10.506227450964246,False,0.1512628246666666,28.141567066666667,31.68454
939.1125,875.5337153736313,63.5787846263687,False,0.6665665693333332,33.78651526666667,56.12368146666666
1224.371429,1246.5896123210987,22.21818332109865,False,0.9669222093333332,31.34249066666667,58.68839280000001
524.375,445.0624443240102,79.31255567598981,False,0.3370152366666666,24.808402466666667,30.401300066666664
750.85,716.1106699116287,34.739330088371275,False,0.5423748746666666,29.3643758,48.12385466666667
852.9714286,941.226436965404,88.25500836540402,False,0.719329505,29.61952421428572,55.34798971428572
1215.0625,1165.2708562513653,49.79164374863467,False,0.9068482053333332,29.577811800000003,51.7647218
1410.528571,1560.1519534696426,149.6233824696426,False,1.2216518466666668,27.848915600000005,59.386079333333335
592.15,652.1366649824786,59.9866649824786,False,0.49096055,33.424020071428565,48.9096767142857
194.05,195.11096787926823,1.060967879268219,False,0.1329208607142857,28.140496428571428,31.05289985714285
582.3625,563.3862291862079,18.976270813792098,False,0.4275489526666667,25.166898466666662,36.606188800000005
1027.214286,1140.1597990719379,112.94551307193797,False,0.888736286,27.5598856,48.580128733333325
143.8375,157.9476260179782,14.110126017978189,False,0.1033491631428571,27.74433471428572,30.04228421428571
590.6142857,613.4288104231408,22.814524723140835,False,0.4699400059999999,24.854911266666665,35.20188793333334
597.275,581.7373212020349,15.5376787979651,False,0.4384577806666666,28.6523418,41.97513206666667
1001.5,1014.6117669287762,13.111766928776206,False,0.771698892,28.96689653333334,62.345989
2.714285714,30.142740490170908,27.42845477617091,False,0.0034388459133333,28.10139566666667,25.64277146666668
1133.914286,1298.4237366215361,164.5094506215362,False,1.008637932,32.030253133333325,59.7176536
1030.475,1017.3657088341758,13.109291165824061,False,0.7835893886666667,32.98554906666667,55.0942282
866.7285714,747.5606176714058,119.16795372859417,False,0.5729372046666668,26.192445933333328,42.29481826666667
358.3571429,382.4270089899468,24.0698660899468,False,0.2846431906666666,24.100400866666668,31.043286133333336
344.4857143,319.2940163196519,25.191697980348067,False,0.235077558,24.1127868,28.996931866666667
175.5625,186.45461482179348,10.892114821793484,False,0.1241333933333333,30.44563606666668,33.627032533333335
11.78571429,37.57431282222795,25.78859853222795,False,0.0088122812133333,29.54822573333333,26.94033806666667
998.3571429,909.5180596733798,88.83908322662023,False,0.702585196,28.91200753333333,46.4054178
1056.785714,1174.3912834777602,117.60556947776013,False,0.90865983,32.250663066666675,58.209017133333326
464.4,414.9514024755922,49.448597524407774,False,0.30827921,24.623516666666664,34.098657333333335
1200.2875,1174.1236229240649,26.163877075935034,False,0.907262212,30.22876786666666,58.4341208
1.5,28.650332823106886,27.150332823106886,False,0.003851879775,22.494378142857144,21.69032292857143
284.0125,292.16771271606666,8.155212716066671,False,0.2159930109999999,26.093007466666663,26.907125
836.2285714,927.2808336870776,91.05226228707761,False,0.7097949053333333,30.076267400000003,53.77259313333333
177.7857143,181.23569835867144,3.449984058671447,False,0.1215033461999999,27.969102,31.016943466666667
345.575,326.9638236126771,18.61117638732287,False,0.238490188,27.34741213333333,33.07997246666667
1117.3125,1124.172800804266,6.860300804265989,False,0.8658357226666666,33.4319154,60.258821466666674
6.6375,31.907366708824107,25.269866708824107,False,0.0079012560333333,21.586885533333334,20.010978066666667
780.3571429,717.3058154944429,63.05132740555712,False,0.5470587466666667,28.524460866666665,44.30379226666666
932.8,956.1895403547546,23.389540354754672,False,0.73832813,29.644663666666663,49.07784
830.8571429,847.6148584458256,16.75771554582559,False,0.6536209333333333,26.294516866666665,43.60148279999999
100.2375,117.33053111004052,17.093031110040528,False,0.0712777123333333,25.6701172,27.996036799999995
5.2375,32.4742245599997,27.236724559999697,False,0.0071151917066666,22.556378266666663,21.5976542
835.5571429,800.6102349195353,34.946907980464744,False,0.611992378,29.157197866666667,47.72198893333333
680.5142857,611.478856245585,69.03542945441495,False,0.4660193226666666,25.439449133333333,37.621647133333326
370.9,353.89522067638103,17.004779323618948,False,0.2588894479999999,24.185119466666663,33.2824116
578.4,373.52319381431874,204.87680618568123,True,0.278052918,24.027254133333333,30.348887333333334
0.0,25.87995765141182,25.87995765141182,False,4.9854124400000006e-05,27.1471252,25.1309936
813.35,861.0584057480339,47.7084057480339,False,0.6627551926666667,27.93476573333333,46.073250533333336
95.725,114.74561649066243,19.020616490662434,False,0.0674540515333333,32.45497006666667,32.520924533333336
145.2285714,152.37981524338412,7.151243843384123,False,0.1027040146666666,22.312394333333334,24.034580466666668
163.925,172.1807425158625,8.255742515862494,False,0.1145979226666666,26.300193266666668,29.8108662
141.3625,150.79538087034055,9.43288087034054,False,0.0992951618,23.76213573333333,26.630550000000003
613.0571429,520.1723964629738,92.88474643702625,False,0.3929380471428571,25.35791885714286,35.92258564285714
427.4125,403.43632759483904,23.97617240516098,False,0.299662534,23.168194600000003,32.699511466666664
1080.442857,1019.0672485673006,61.37560843269944,False,0.7908823293333332,27.777927533333337,47.3377034
1224.685714,1146.2223975506763,78.46331644932366,False,0.8979147206666667,26.66739493333333,44.267293333333335
475.1625,491.93134384027405,16.76884384027403,False,0.3650563653333333,32.06696146666666,43.23507873333333
1083.2625,1004.0551780123536,79.20732198764642,False,0.7729503573333332,30.39099113333333,53.7158892
703.6125,736.3421680191809,32.72966801918096,False,0.561811632,27.030932600000003,44.45619293333334
1001.58,939.6156101870587,61.96438981294136,False,0.718638987,33.757623499999994,56.5494842
43.48571429,62.682426855015,19.196712565015005,False,0.0294998014666666,24.514550666666665,24.669201600000005
197.1285714,196.2687645211636,0.8598068788363946,False,0.1371546752,22.4847634,25.541505866666665
629.3,578.6974628890969,50.602537110903086,False,0.4386813753333332,27.21775093333333,38.819875
1261.357143,1234.1547471162203,27.202395883779673,False,0.9622691533333332,29.197790533333333,52.5881082
858.2285714,813.7640265348653,44.46454486513471,False,0.622338436,29.469486666666665,48.266762
895.7625,980.1781804132739,84.41568041327389,False,0.754716712,28.85416453333333,51.79728806666666
882.5875,873.55913465972,9.028365340279947,False,0.6704487179999999,27.71488233333333,48.363682
354.85,335.9575471520694,18.8924528479306,False,0.2453987326666666,27.460978266666665,33.56361520000001
1072.128571,1028.709545347636,43.41902565236387,False,0.7926809900000001,28.32269292857143,53.273069
894.9285714,756.8523780140035,138.07619338599648,False,0.5762455473333332,28.8240906,47.455545866666654
951.2625,854.5799916106253,96.68250838937479,False,0.6593983766666666,28.954923333333333,44.68992900000001
949.025,950.2566762907289,1.2316762907289558,False,0.7337197726666665,27.583284533333337,47.94728993333333
435.9,427.02621675794666,8.873783242053321,False,0.319270414,23.30529986666667,32.51050999999999
746.775,735.6662218582895,11.108778141710445,False,0.5656625413333333,27.152537133333336,40.39757686666666
878.6,838.0511407086126,40.54885929138743,False,0.6433630186666666,30.8197694,47.81379373333333
29.27142857,57.72063307652457,28.44920450652457,False,0.0225449364285714,31.13241364285714,30.225331
576.6142857,573.7421918165418,2.8720938834582057,False,0.4349046853333333,24.86980793333333,37.53728039999999
421.7625,408.46865211503734,13.293847884962645,False,0.3050666364285714,24.27014585714286,31.983365928571427
741.25,700.6623384670874,40.58766153291265,False,0.5342788213333333,26.066546666666667,42.4321838
813.5125,710.8273495882775,102.68515041172259,False,0.549665794,24.98657813333333,35.3831992
617.225,578.6974628890969,38.527537110903154,False,0.4386813753333332,27.21775093333333,38.819875
434.8714286,389.8430015336602,45.028427066339816,False,0.28833439,26.587683066666667,34.3489056
752.025,736.1426265802041,15.88237341979584,False,0.560985624,32.67847086666667,47.516884133333335
109.6142857,125.41801663278993,15.803730932789932,False,0.0755440882,32.63336773333333,33.21449166666667
155.9,161.91955070865097,6.019550708650968,False,0.1077558996666666,26.572758,28.462253866666668
506.4875,533.8527199967341,27.365219996734083,False,0.4043418426666666,24.7192118,35.47181186666666
873.6,864.1761364580409,9.423863541959122,False,0.6620043019999999,30.089862066666665,50.091819333333326
678.8875,628.466644662805,50.42085533719501,False,0.4748543633333333,24.661753399999995,42.03903773333332
54.35714286,73.57248444760062,19.215341587600612,False,0.0403607207333333,22.981634533333327,22.203200133333333
860.6857143,753.2767402487468,107.40897405125315,False,0.576820234,27.044360466666664,43.41336893333333
1267.371429,1235.8329535547941,31.538475445205904,False,0.9587958633333332,31.56218266666667,58.13640526666666
573.7428571,550.4125810613967,23.3302760386033,False,0.4153775066666666,28.428057933333328,39.44832773333333
343.2875,325.13008167285597,18.157418327144057,False,0.2377031446666667,23.19970913333333,30.617470133333327
1026.742857,958.5683690328741,68.17448796712586,False,0.7444816766666666,28.601291866666667,44.703940933333335
624.6,663.7140568010369,39.114056801036895,False,0.4994732739999999,28.478570533333333,47.685272
67.61428571,93.54794888797618,25.93366317797617,False,0.0506183510666666,32.222483600000004,31.912021933333328
244.6625,232.8483744823801,11.814125517619885,False,0.1629056366666666,27.32750646666667,31.59433793333333
567.9875,729.6144809351983,161.6269809351984,False,0.5601515626666665,27.553778,41.08350839999999
913.375,845.9810109843442,67.39398901565585,False,0.6541221086666666,28.652787199999995,42.90342799999999
174.7,169.44323903812187,5.256760961878115,False,0.1128437932,26.589176466666665,29.4781636
872.675,742.1555967030546,130.51940329694537,False,0.5761803393333333,25.37993566666667,34.78068233333334
7.842857143,31.82948948238042,23.98663233938042,False,0.0090117260933333,21.3480144,18.811700333333327
903.5625,1201.2187869195159,297.6562869195159,True,0.931341062,29.4410646,56.354778933333336
514.0142857,492.1246258892923,21.889659810707656,False,0.3711218493333333,24.408231533333336,34.40989966666667
934.4428571,951.3781143130989,16.935257213098907,False,0.7337398671428571,28.672439642857142,49.257720857142864
1225.8,1236.7667126311435,10.966712631143537,False,0.9566406293333332,33.185274066666665,61.56432686666666
908.5125,854.5799916106253,53.93250838937479,False,0.6593983766666666,28.954923333333333,44.68992900000001
650.7,682.9656600871169,32.265660087116885,False,0.5149625866666667,31.305375066666663,49.183583533333326
58.875,75.59257936344218,16.717579363442184,False,0.0422210322666666,21.970450733333333,21.57549253333333
1310.6375,1283.2124500939408,27.425049906059257,False,0.9986998006666664,28.032407666666664,55.623793733333336
949.3571429,854.4922418806786,94.86490101932134,False,0.654436842,28.2829874,48.962665
115.425,117.1846039337772,1.7596039337771998,False,0.0716163500666666,24.2918964,26.972265600000004
575.05,545.7112388068774,29.338761193122536,False,0.4094128093333333,28.5019692,41.4494812
195.05,187.57511176778158,7.474888232218433,False,0.1279617990666666,26.67944946666666,29.282659866666663
406.0571429,474.0542231716374,67.9970802716374,False,0.3448840357142857,27.98836207142857,46.6177065
139.8375,148.06293946552137,8.225439465521362,False,0.099085612,22.39704986666667,24.1448362
312.3142857,294.16861850176264,18.14566719823739,False,0.2141466953333333,27.1531046,30.6198468
53.925,76.85331683979939,22.928316839799393,False,0.0388465545,26.430651071428567,27.618528142857144
116.075,127.79533134668037,11.720331346680368,False,0.084808915,23.171523066666666,22.294864933333333
1098.1,952.7362048566661,145.36379514333385,False,0.7332435986666667,31.66299653333333,52.0534832
833.1571429,818.1186281596633,15.038514740336723,False,0.626964662,28.59910273333333,46.90497853333333
1114.3,1141.9725264529138,27.67252645291387,False,0.892716588,27.742724733333336,46.33160186666667
445.9,469.06965452129,23.16965452129,False,0.353673456,24.273189266666662,32.9937198
82.31428571,95.09583217899315,12.781546468993156,False,0.0579955505333333,21.680248933333328,21.65212806666667
248.1625,271.120869910689,22.958369910689015,False,0.1932886153333333,26.307415666666667,32.08403093333333
102.225,122.55299582888875,20.32799582888876,False,0.0699064925333333,32.083526600000006,36.04578060000001
336.1142857,373.4751507592592,37.3608650592592,False,0.27848515,23.55732406666667,29.705493133333327
141.1625,145.4263792827597,4.263879282759717,False,0.0940941717857142,26.5301995,28.573238
354.8428571,363.7633111519987,8.920454051998718,False,0.2691330578571429,23.51787007142857,30.984898285714287
1014.914286,979.9520204220318,34.962265577968196,False,0.7595703319999999,28.983550933333333,47.150412800000005
33.27142857,51.48869025270152,18.21726168270152,False,0.0236337368666666,21.860400400000003,20.4303872
11.7625,31.82948948238042,20.06698948238042,False,0.0090117260933333,21.3480144,18.811700333333327
535.9142857,443.2866530201928,92.62763267980728,False,0.3338253060000001,26.54801433333333,32.771891
27.0125,51.13686433994522,24.12436433994522,False,0.0222816074666666,24.01163526666667,22.35345866666667
552.4125,499.5453857811454,52.867114218854624,False,0.3750224913333333,25.47613733333333,36.90983686666667
909.0571429,935.7526947613189,26.695551861318904,False,0.718821216,28.941943333333327,51.34074066666668
66.95,84.61319659784147,17.663196597841463,False,0.0459691700666666,26.890378866666666,27.107940666666668
492.0,384.30993826257856,107.69006173742144,False,0.2769386199999999,32.6388932,43.367417200000006
805.1,663.2904830686874,141.8095169313126,False,0.509690432,24.738476533333337,36.2081646
676.8125,617.9137637002319,58.898736299768075,False,0.4700814853333333,25.757175666666665,38.892010733333336
1245.3875,1304.3907216113644,59.003221611364324,False,1.0191648606666668,27.968046,52.7022728
192.8142857,193.30728210842395,0.49299640842394865,False,0.1321317535333333,27.4072612,30.092036933333333
352.8571429,474.0542231716374,121.19708027163739,False,0.3448840357142857,27.98836207142857,46.6177065
666.375,646.0385606433774,20.336439356622577,False,0.4894874157142857,28.579515642857142,43.52298428571428
272.8125,266.7635836774779,6.048916322522075,False,0.1895537733333333,27.695955466666668,32.8359476
38.92857143,60.36640914099602,21.43783771099602,False,0.0318784349333333,21.026063933333333,19.1683044
631.1,577.6077951784528,53.49220482154726,False,0.4327973,28.851655933333333,44.1841634
758.0857143,702.9312133145686,55.154500985431355,False,0.5372297933333333,27.251393533333328,41.926712666666674
1173.6875,1110.0970456099362,63.59045439006377,False,0.8597301164285714,27.848698214285715,52.77142364285714
823.8,860.3010687964454,36.50106879644545,False,0.664057878,28.39979053333333,44.47907733333333
402.6,364.1827216880354,38.41727831196465,False,0.2725619585714286,23.184509285714288,27.96154764285714
98.74285714,110.1499590738444,11.407101933844402,False,0.0639606361333333,26.491621866666662,29.685520466666663
230.525,240.9948237676128,10.46982376761278,False,0.1668127414285714,33.443313571428575,36.82670364285714
985.7,987.4484423046971,1.7484423046970505,False,0.7655651646666665,26.828759866666665,46.3600118
3.342857143,32.30539960836409,28.96254246536409,False,0.0047339318343333,27.510428933333333,25.833406533333328
342.5125,332.6628884496234,9.849611550376608,False,0.2416248742857143,23.957190357142856,33.04921178571428
572.0428571,528.0987221787362,43.94413492126375,False,0.3998539546666666,27.8538696,36.6129212
1089.1625,1116.1038740073877,26.94137400738782,False,0.8607233646666665,33.32365333333333,58.80879913333334
383.7714286,398.23071851674837,14.45928991674839,False,0.2895850273333333,33.25120033333334,42.48199053333333
230.5714286,233.5169462488002,2.9455176488002053,False,0.155080448,30.053727133333336,40.58806333333334
375.6625,354.4658380132173,21.196661986782715,False,0.2610877493333334,24.041337,31.60524686666667
1159.0,1154.1031641093746,4.896835890625425,False,0.8971673586666666,28.4727662,51.776054
167.3857143,161.91955070865097,5.466163591349016,False,0.1077558996666666,26.572758,28.462253866666668
965.2375,1056.680260614854,91.44276061485402,False,0.8117554566666667,30.752172866666665,57.925577800000006
155.3571429,162.6602393226042,7.303096422604199,False,0.1108917472,23.4338724,24.7448954
386.3125,391.9839461960505,5.6714461960505105,False,0.2930392133333333,23.1475484,30.10846553333333
482.2142857,502.30757625791057,20.093290557910564,False,0.37085346,33.40587706666668,46.34387413333334
73.42857143,90.59176728204548,17.163195852045476,False,0.0509663638,25.6725036,26.492338066666665
858.2285714,953.6646972091598,95.43612580915988,False,0.7342295764285713,29.63224571428572,50.96551314285714
215.65,207.8344098937701,7.815590106229905,False,0.1415173426666666,27.7056072,32.5780582
711.7571429,655.4371352381539,56.320007661846034,False,0.5004139214285713,26.947897642857143,39.81178307142858
192.1,193.6838998527957,1.583899852795696,False,0.1333380648,23.458431066666662,27.546588133333334
67.02857143,95.88279453679434,28.854223106794336,False,0.0555260570666666,25.628292,26.26652213333333
439.025,401.4316881170676,37.59331188293237,False,0.2977888,25.61507166666667,33.972491733333335
878.225,1336.0589479260598,457.83394792605975,True,1.0365607706666664,31.9470338,62.420866
897.8,839.3306205037404,58.469379496259535,False,0.642219944,33.418438800000004,50.9835652
507.6285714,491.9304476522398,15.698123747760178,False,0.3655789026666666,32.060280266666666,42.74383126666667
312.925,314.17174517439804,1.2467451743980291,False,0.223404308,31.29693813333333,39.07873533333333
252.2142857,268.3126814315573,16.098395731557275,False,0.1964333966666666,23.61099233333333,25.83404733333333
114.8,131.0246504411605,16.224650441160506,False,0.0826623008571428,25.69048421428572,27.85878635714285
829.96,866.9477709021285,36.98777090212843,False,0.66640501,29.011586333333334,47.639289111111104
30.0625,54.78257211380849,24.72007211380849,False,0.0234457014666666,24.038157333333327,24.0682496
621.1375,641.0930235814878,19.955523581487796,False,0.476600342,33.761303733333335,54.00686426666665
485.4,442.6368908513561,42.76310914864388,False,0.3353547692857142,23.90183135714286,29.702830928571423
448.2625,426.9708024317212,21.291697568278778,False,0.3152401926666667,32.72757773333334,40.30443513333333
12.3,39.35269271805411,27.052692718054107,False,0.0103677880266666,26.136122600000004,25.373767200000003
653.3375,597.4565879327099,55.88091206729007,False,0.453461884,27.390254733333336,39.45489506666667
1288.257143,1346.6071643058258,58.35002130582575,False,1.0468158086666666,28.699442466666667,59.51716313333333
462.1285714,450.6799181306491,11.44865326935087,False,0.3386504113333334,24.42785433333333,33.0092104
625.5125,606.6841467696111,18.828353230388984,False,0.4611857686666666,25.999422266666667,38.70590013333334
1063.485714,991.8414682120641,71.6442457879358,False,0.7624467326666666,30.91771053333333,54.40039266666666
777.4125,1116.2275071988543,338.81500719885423,True,0.8627664733333335,29.567946466666665,55.37232273333334
633.9875,744.3813950261576,110.39389502615768,False,0.5669934953333333,28.1128438,46.23971173333333
623.8285714,577.1196554078344,46.708915992165544,False,0.4392469226666666,25.790447933333336,36.467413466666656
534.25,582.1728761413257,47.92287614132567,False,0.4445730093333333,24.931500133333333,34.9920044
116.475,126.75172207597008,10.276722075970085,False,0.0836293638666666,21.591829466666663,21.91393233333333
119.6375,142.2735838172807,22.636083817280692,False,0.0878115582857142,32.85124421428571,34.75786921428571
276.8875,321.7889011117289,44.90140111172889,False,0.241690604,22.418231133333336,24.00137146666667
1226.125,1187.99015973942,38.13484026057995,False,0.9226384173333332,27.8729086,53.675834
681.925,733.8860573516987,51.96105735169874,False,0.5608459200000001,26.999525933333327,43.4644392
204.025,240.9948237676128,36.96982376761278,False,0.1668127414285714,33.443313571428575,36.82670364285714
836.8142857,803.0636576787173,33.75062802128275,False,0.6171309093333333,26.95370706666667,43.85072413333333
678.0142857,681.3146129362235,3.300327236223552,False,0.5136740935714285,32.802505857142854,49.77019207142857
117.8125,142.92027687769104,25.107776877691037,False,0.0953944536,24.21899,24.442443933333333
1325.7375,1430.017433819009,104.2799338190091,False,1.112296618,31.26550906666667,63.34182940000001
430.1375,407.0841146858026,23.053385314197385,False,0.299364092,27.479427066666663,37.63392773333333
737.0375,725.6192485837859,11.418251416214162,False,0.5448555493333334,31.578393466666665,54.042319733333336
739.9875,944.0530605164727,204.06556051647271,True,0.7188153760000001,33.488021,59.663859200000005
584.0428571,601.3292657864025,17.286408686402524,False,0.4552512326666666,28.7726258,41.34621800000001
614.6428571,544.6716255332477,69.9712315667523,False,0.4106262193333333,28.22970173333333,39.4037556
652.9571429,661.971381550652,9.014238650652032,False,0.5047311078571429,25.73379057142857,40.25765564285714
626.5625,544.2359728323756,82.32652716762436,False,0.403045044,27.300339800000003,45.74378906666668
783.9857143,782.2856368960877,1.7000774039123598,False,0.6021715766666667,28.496042933333328,42.57935760000001
666.0142857,647.2483206340156,18.765965065984346,False,0.4945615926666666,24.705782066666668,38.037754333333325
273.1142857,277.29237506280214,4.1780893628021545,False,0.1951342519999999,30.797410133333333,37.0259216
814.0,809.8325677523693,4.1674322476307,False,0.6188715400000001,26.1870668,47.0743288
781.2714286,721.3951814573019,59.87624714269816,False,0.5518808986666666,27.567753066666665,42.5188598
522.075,497.619344044948,24.455655955052066,False,0.3741500186666666,26.485955866666668,36.686997266666665
564.2,560.4415909748004,3.758409025199626,False,0.423149908,28.2263,39.781593666666666
553.9,563.3862291862079,9.48622918620788,False,0.4275489526666667,25.166898466666662,36.606188800000005
1174.3375,1120.9658196101846,53.37168038981554,False,0.8686483159999999,30.080072133333328,53.7302392
53.27142857,76.04179651379535,22.77036794379535,False,0.0377508244,27.6489196,28.5470478
922.1714286,782.2856368960877,139.88579170391233,False,0.6021715766666667,28.496042933333328,42.57935760000001
224.95,225.32642960508545,0.3764296050854625,False,0.1565710793333333,26.9659322,31.59396966666667
102.6571429,112.70816578009202,10.05102288009202,False,0.0716501757333333,22.65153,22.805830800000003
14.85714286,37.31224508607173,22.455102226071727,False,0.0129515775266666,21.290627133333327,19.30538333333333
904.0285714,887.1550815874214,16.87348981257867,False,0.683142175,28.374143285714283,47.20608521428572
18.04285714,39.981300849533056,21.938443709533058,False,0.0126500733333333,23.42726453333333,22.553234866666664
565.75,499.5453857811454,66.2046142188546,False,0.3750224913333333,25.47613733333333,36.90983686666667
1175.4125,1332.5403084791224,157.12780847912245,False,1.0389913628571428,29.59773042857143,56.443897500000006
245.0875,206.53508099555216,38.55241900444784,False,0.1418597668571428,27.56227564285714,31.202229142857146
234.6375,230.42957443973947,4.20792556026052,False,0.163594894,22.754195266666667,27.122273733333333
769.1142857,742.4710511787399,26.64323452126007,False,0.5679321226666665,27.136891666666664,43.47980553333333
584.3375,556.617976315693,27.719523684306978,False,0.41958991,26.297007333333337,39.343784466666655
189.7714286,201.10912890176922,11.337700301769218,False,0.1358759986666666,29.846667533333328,33.62270493333333
995.6285714,1006.6885834957752,11.060012095775164,False,0.7802876913333333,30.08868206666667,48.752494133333336
12.2,39.35269271805411,27.15269271805411,False,0.0103677880266666,26.136122600000004,25.373767200000003
843.9,765.099736805267,78.80026319473302,False,0.5801343633333333,30.550409,50.88379926666666
1039.5375,1063.77841045905,24.240910459050156,False,0.8238694766666665,30.200903066666665,51.813018666666665
803.4,928.163104303932,124.76310430393198,False,0.7167022733333334,28.98237106666667,47.528133
121.3857143,135.98158324189458,14.59586894189458,False,0.0920413659333333,22.472273666666663,21.5067932
876.5857143,773.4794693923109,103.10624490768907,False,0.597535766,26.354994666666663,39.2412842
321.6,373.4751507592592,51.87515075925916,False,0.27848515,23.55732406666667,29.705493133333327
35.45,59.994023140764874,24.54402314076487,False,0.0264554836,25.90362353333333,26.05394893333333
253.0428571,318.0913321043943,65.04847500439433,False,0.2366774426666666,23.15576373333333,26.169586200000005
218.6857143,219.1263015205771,0.4405872205771004,False,0.1557342913333333,22.742930066666663,25.804111733333336
1003.014286,908.3864480481683,94.62783795183168,False,0.7001748986666666,29.028007,47.83913766666667
666.6125,777.3681758931446,110.7556758931446,False,0.601040456,27.86605026666667,39.599638000000006
605.9,596.1028105108037,9.797189489196285,False,0.4511937286666666,28.178857466666667,40.87684526666667
1258.1875,1430.017433819009,171.82993381900906,False,1.112296618,31.26550906666667,63.34182940000001
1041.5125,935.7726628839956,105.73983711600442,False,0.7119324986666667,29.980607066666668,58.23431193333333
376.0428571,390.68173870499277,14.638881604992775,False,0.2873007813333333,32.72800313333334,38.61097186666667
431.7142857,426.9708024317212,4.743483268278794,False,0.3152401926666667,32.72757773333334,40.30443513333333
679.6125,599.4731447093856,80.13935529061439,False,0.4540012586666666,25.058563266666663,39.48617746666665
1343.15,1430.017433819009,86.86743381900897,False,1.112296618,31.26550906666667,63.34182940000001
854.1142857,905.6696319800459,51.55534628004591,False,0.6930570186666666,31.63322353333333,53.52987266666667
1078.742857,1051.1136000347897,27.62925696521029,False,0.8152746660000002,29.653444333333336,49.9063132
79.87142857,105.51534963734187,25.643921067341864,False,0.0619993643333333,27.397143533333328,28.361094066666663
723.75,680.4115872497949,43.338412750205066,False,0.5180401986666665,28.47677,43.1335732
1303.1625,1279.8784513652627,23.284048634737246,False,0.9989916353333332,30.0188802,53.659336200000006
689.925,647.1976634334084,42.72733656659159,False,0.4851745126666666,25.6231832,47.156502466666666
646.3285714,668.8813617512599,22.552790351259887,False,0.5104697813333334,26.212556866666667,40.39654946666667
717.9625,606.7010766271337,111.26142337286626,False,0.456957692,28.25725513333333,43.641306466666656
93.75714286,110.1499590738444,16.392816213844398,False,0.0639606361333333,26.491621866666662,29.685520466666663
5.5,30.906320279336928,25.406320279336928,False,0.0058869571866666,24.088446066666663,22.2067566
598.1875,548.1004953100694,50.08700468993061,False,0.4154079433333333,26.170804866666664,36.67445066666666
48.07142857,67.07409047218974,19.002661902189736,False,0.0349704387333333,21.8738464,21.782067666666663
32.37142857,53.72800603408985,21.356577464089852,False,0.0241719286666666,22.56817026666667,21.94776
528.9285714,543.4252192639465,14.496647863946464,False,0.4040820713333333,32.41062673333334,46.36569013333333
8.9,34.617867313508256,25.717867313508258,False,0.0096864394666666,21.53003333333333,20.394429466666665
786.1857143,694.481976627368,91.70373767263197,False,0.5315657121428571,26.492523071428568,40.41920307142857
623.7,579.2243472059806,44.475652794019425,False,0.4341309313333333,26.98462526666667,43.369055266666656
217.8142857,218.8520857844148,1.0378000844148119,False,0.150128168,31.88745533333333,34.781236066666665
919.9,833.9936408959106,85.90635910408935,False,0.6428513106666667,26.3895486,43.27049353333333
994.175,953.6646972091598,40.510302790840115,False,0.7342295764285713,29.63224571428572,50.96551314285714
0.0,27.666145760453094,27.666145760453094,False,0.0019180998580666,24.746293133333328,23.71588746666667
892.4571429,968.2081873713722,75.75104447137221,False,0.7478432246666665,30.896520866666663,49.9358562
672.4142857,695.5340132063304,23.119727506330378,False,0.5274703919999999,30.22064013333333,46.65866706666667
802.3428571,751.679888546107,50.66296855389294,False,0.574561224,32.52462140000001,46.66986293333333
734.9857143,664.5335176530529,70.45219664694719,False,0.50926205,25.262884466666662,37.78594966666667
366.2714286,423.11906397196213,56.847635371962156,False,0.3192179526666666,23.4391542,29.62755733333333
665.2142857,799.7948109727319,134.58052527273185,False,0.608488516,28.88009853333333,50.2482484
649.0571429,573.7421918165418,75.31495108345825,False,0.4349046853333333,24.86980793333333,37.53728039999999
132.5125,155.68771378986162,23.17521378986163,False,0.1083668231333333,21.7675536,21.045220800000003
295.5428571,364.3746305593248,68.83177345932484,False,0.263809032,29.8172668,39.14588853333333
594.7,532.1129949117864,62.58700508821369,False,0.4026979686666666,26.279598133333334,36.349589
714.15,687.0405311306324,27.10946886936756,False,0.5240877666666666,26.23224886666667,41.591343
218.375,215.66081749147608,2.714182508523919,False,0.1492800746666666,26.624064000000004,30.85439253333333
1136.428571,1154.878662255337,18.450091255337156,False,0.8917315042857143,29.84079428571429,58.03428871428572
719.7428571,685.3886856854901,34.35417141450989,False,0.5243561353333333,28.41093753333333,41.019122266666656
716.525,694.5599982135316,21.965001786468406,False,0.5263113173333333,28.367865,46.1937744
10.4,38.8437262249211,28.4437262249211,False,0.0123497075333333,22.79481626666667,21.689546733333334
963.0857143,908.3864480481683,54.69926625183166,False,0.7001748986666666,29.028007,47.83913766666667
748.65,729.6144809351983,19.035519064801633,False,0.5601515626666665,27.553778,41.08350839999999
0.0,22.795785621025487,22.795785621025487,False,0.0008254361254,22.401477000000003,19.994679733333328
740.25,665.828328079145,74.42167192085503,False,0.5028826646666666,28.30027873333333,46.0441244
1126.1,1079.0870507603381,47.01294923966179,False,0.8341566393333333,29.217750933333328,53.50141380000001
399.2428571,459.1823225006224,59.939465400622396,False,0.3384765497333333,30.0527444,42.11031486666668
34.37142857,55.95718782501305,21.585759255013052,False,0.027412691,22.37073828571429,20.5436425
67.55714286,89.93659742830059,22.379454568300588,False,0.0509346373333333,25.624135333333328,25.999684533333333
548.2285714,611.205192976867,62.976621576867046,False,0.4551483833333333,29.35144260000001,49.249723266666656
50.78571429,75.0605009067179,24.274786616717904,False,0.0369035885714285,28.82632671428572,29.096067142857144
1092.042857,1070.4611961975215,21.581660802478382,False,0.8263966746666666,27.78503,53.52336233333334
1145.8,1346.6071643058258,200.80716430582584,True,1.0468158086666666,28.699442466666667,59.51716313333333
540.8857143,567.8315934170828,26.945879117082768,False,0.4285554833333333,27.74402266666667,40.183040466666654
91.0,109.82046460167206,18.820464601672057,False,0.0713916354666666,22.1559958,20.62310193333333
1163.528571,1131.66825196438,31.860319035620023,False,0.869908956,32.5278644,61.80199160000001
29.7875,53.72800603408985,23.94050603408985,False,0.0241719286666666,22.56817026666667,21.94776
460.8875,431.12801867231883,29.759481327681158,False,0.3198755806666667,26.92045893333333,36.647984066666666
55.3,75.87357314712885,20.573573147128855,False,0.0397878830714285,25.59105335714285,25.627179785714283
1056.271429,870.6907992555706,185.5806297444293,True,0.6753042113333334,25.79386393333333,40.80645753333332
1024.771429,870.2805507878995,154.49087821210037,False,0.6706322820000001,27.206691533333327,45.463765
981.7857143,854.3956256260752,127.39008867392477,False,0.6673560326666667,27.7970438,36.62138300000001
668.2285714,631.6964134480891,36.532157951910904,False,0.47842251,26.275140333333333,41.8781982
1211.1875,1120.9658196101846,90.22168038981545,False,0.8686483159999999,30.080072133333328,53.7302392
189.8857143,188.98923771640023,0.8964765835997639,False,0.1298209161333333,26.575002,28.584523666666666
647.225,562.4116529840626,84.81334701593744,False,0.4241181026666666,26.495521866666664,39.636977133333325
637.8375,612.5489677402475,25.288532259752515,False,0.4599821506666666,30.42411086666667,46.23066786666667
662.675,704.2742854070173,41.599285407017305,False,0.5263585046666664,30.6310384,54.56202766666667
82.9125,101.3699177030501,18.457417703050112,False,0.0596414616666666,24.9111592,26.31437593333333
407.625,433.2771245848297,25.65212458482972,False,0.3207225406666667,32.866440600000004,40.0736208
834.6285714,1001.2015443514009,166.57297295140086,False,0.7722379753333333,27.690804,51.029305
462.175,450.6799181306491,11.495081869350884,False,0.3386504113333334,24.42785433333333,33.0092104
1088.571429,1074.300083869081,14.271345130919144,False,0.8336664386666666,30.1848064,50.714097
1285.728571,1284.985735462491,0.7428355375091087,False,0.9985397593333332,29.4468058,57.7418068
80.95,104.34390296153823,23.39390296153823,False,0.0601320612666666,28.524298066666667,29.694879200000003
487.4875,468.5307671585763,18.95673284142373,False,0.3462306933333333,34.430942666666674,43.9206158
179.1625,174.12367684507362,5.0388231549263764,False,0.1180922946666666,23.50864866666667,26.8290996
140.4714286,130.3892488931596,10.082179706840407,False,0.085784176,23.556774866666668,23.536191933333328
118.6285714,139.2270298353742,20.598458435374198,False,0.0888713367333333,25.933880733333336,28.44586786666666
135.3857143,130.3892488931596,4.9964654068404,False,0.085784176,23.556774866666668,23.536191933333328
230.5285714,276.5968965938274,46.068325193827405,False,0.2036339493333333,24.0009094,25.62175893333333
715.7125,710.4488793689665,5.263620631033518,False,0.5397100973333333,30.839324866666665,46.916251733333326
403.1714286,435.2130256854214,32.041597085421415,False,0.319140978,32.39553246666666,42.82737193333334
850.7875,795.7677275483288,55.0197724516712,False,0.615580315,26.6612375,39.588428785714285
6.314285714,34.528306625065,28.214020911065,False,0.0072804718466666,24.8120402,23.99075733333333
1097.4125,1222.9529368663807,125.54043686638079,False,0.9492787793333332,28.9500306,56.0328042
778.0428571,710.8273495882775,67.21550751172254,False,0.549665794,24.98657813333333,35.3831992
1208.775,1243.6880404718322,34.91304047183212,False,0.9661854566666668,30.521348066666665,56.80053313333334
1242.385714,1247.020168242464,4.634454242464017,False,0.968808626,29.496158666666663,56.45879506666667
94.625,114.74561649066243,20.120616490662428,False,0.0674540515333333,32.45497006666667,32.520924533333336
555.7,599.1858345680795,43.48583456807944,False,0.4533658826666666,34.73750799999999,44.045326466666666
1093.771429,1056.1171322936643,37.65429670633557,False,0.8148439080000001,31.3189554,54.85740986666666
480.0714286,454.1394266041961,25.932001995803887,False,0.3363512746666666,28.019702266666663,39.3556314
663.9428571,601.3292657864025,62.61359131359745,False,0.4552512326666666,28.7726258,41.34621800000001
896.4571429,819.2017400196165,77.25540288038349,False,0.6259291153333334,26.661143,47.86209886666667
0.0,29.068682014158306,29.068682014158306,False,0.00431375216,23.281386399999995,21.919765266666666
1169.025,1060.1115845200197,108.91341547998036,False,0.8209725893333333,28.845757866666663,51.12463166666667
175.0375,213.46574433270388,38.42824433270388,False,0.1541802237333333,22.91924653333333,22.999210466666668
716.5,668.8813617512599,47.618638248740126,False,0.5104697813333334,26.212556866666667,40.39654946666667
189.6571429,177.73623623701414,11.920906662985857,False,0.1186300124,24.390767466666667,29.47314233333333
651.1285714,608.4914882382611,42.63708316173893,False,0.4614137253333333,27.793925066666667,40.65225413333333
80.47142857,94.14001457649347,13.66858600649347,False,0.0563297377333333,22.335227666666665,22.75865906666667
9.9375,30.64795369790475,20.71045369790475,False,0.0083566124785714,21.28513,18.49177971428572
507.0857143,512.5983942134211,5.5126799134210955,False,0.3905848053333332,24.471148666666664,31.939571
983.5,992.3950298877385,8.895029887738474,False,0.76711941,30.8864686,50.44957046666666
693.7125,666.9586754514642,26.753824548535817,False,0.4945148071428571,29.76473564285714,55.351970142857134
405.7375,372.8288419460739,32.9086580539261,False,0.2735150473333333,25.79166053333333,34.815734666666664
987.8,964.89388323622,22.906116763780005,False,0.7480077733333332,27.469006399999994,45.76378179999999
685.6714286,701.3415554949104,15.670126894910368,False,0.5363576693333331,25.257212400000004,40.66176133333333
83.11428571,95.09583217899315,11.981546468993145,False,0.0579955505333333,21.680248933333328,21.65212806666667
1249.775,1243.6880404718322,6.086959528167881,False,0.9661854566666668,30.521348066666665,56.80053313333334
0.0,25.256255876522722,25.256255876522722,False,0.000129449935,25.68867206666667,23.948681533333332
0.0,29.068682014158306,29.068682014158306,False,0.00431375216,23.281386399999995,21.919765266666666
269.3875,283.91314740569715,14.525647405697157,False,0.199998688,32.515638933333335,38.29546746666666
327.4714286,321.57904010931463,5.892388490685391,False,0.2322751866666666,29.1915486,35.55735073333334
914.5,831.9513549954918,82.54864500450822,False,0.6356642493333334,29.261606933333333,49.6573588
426.475,422.56218008717565,3.912819912824375,False,0.306095652,34.31009746666667,46.1497108
349.6285714,353.78585809950783,4.157286699507836,False,0.257492758,23.722454733333333,34.3021282
1222.9125,1216.3093219758712,6.603178024128738,False,0.9434325606666668,30.082822666666665,56.89508453333334
995.9142857,973.1909881862638,22.72329751373627,False,0.7482029,28.900441466666667,52.5498042
629.2714286,567.8315934170828,61.43983518291725,False,0.4285554833333333,27.74402266666667,40.183040466666654
150.75,158.81894038232608,8.068940382326076,False,0.1090379683333333,22.45271393333333,23.1112346
185.3,199.43383945256616,14.13383945256615,False,0.136164155,29.3095095,31.839508
1165.242857,1182.6537280472576,17.410871047257615,False,0.9130500964285714,33.254821857142865,60.86849728571429
23.25714286,51.38446154933554,28.127318689335542,False,0.0204065283666666,25.387085133333333,24.88775633333333
639.2285714,623.4817682065299,15.7468031934701,False,0.4696780846666667,30.64887906666667,45.644804066666666
1255.514286,1183.5452822276698,71.96900377233032,False,0.917001178,30.10877073333333,56.5026448
414.6857143,363.85948438568795,50.82622991431202,False,0.2680125333333333,24.295941266666667,32.440757133333335
667.8714286,580.1222584502616,87.74917014973835,False,0.4385864393333333,26.92924806666667,39.8739748
788.2125,890.013905248607,101.80140524860701,False,0.6839935373333333,25.400056866666667,47.31288253333333
583.6875,563.3862291862079,20.301270813792144,False,0.4275489526666667,25.166898466666662,36.606188800000005
629.95,554.7453714672081,75.20462853279196,False,0.423195788,26.7497132,34.74134893333333
355.7625,339.9008739222137,15.861626077786298,False,0.238672855,33.279722071428566,45.374740642857134
307.1,341.7598411599363,34.65984115993626,False,0.2501518,28.74334113333333,34.1222822
1177.457143,1164.2405785130427,13.216564486957395,False,0.89846418,28.989419142857145,58.54648692857143
1040.0,968.0044939451363,71.99550605486365,False,0.741254446,32.05471386666667,56.430047733333325
707.925,875.5337153736313,167.6087153736313,False,0.6665665693333332,33.78651526666667,56.12368146666666
186.7,199.43383945256616,12.733839452566173,False,0.136164155,29.3095095,31.839508
918.725,1063.5701083314916,144.8451083314916,False,0.818109888,32.80097026666667,58.15341173333333
1015.528571,1083.0456261111503,67.51705511115028,False,0.833392598,33.68083073333334,59.173854533333326
0.0,27.666145760453094,27.666145760453094,False,0.0019180998580666,24.746293133333328,23.71588746666667
369.1,431.93085670828265,62.830856708282624,False,0.323376125,25.920839642857143,33.56302542857142
141.0428571,148.06293946552137,7.020082365521375,False,0.099085612,22.39704986666667,24.1448362
1057.75,1190.7220710365655,132.97207103656547,False,0.9193798739999998,32.848590333333334,60.95937106666666
346.5714286,326.9638236126771,19.607604987322873,False,0.238490188,27.34741213333333,33.07997246666667
797.4,942.6341482518046,145.23414825180464,False,0.7254104080000001,31.446600466666663,51.540208
345.7285714,336.87817340875995,8.850397991240072,False,0.2438012486666666,26.560512333333328,35.3695456
809.4,806.6104200414169,2.78957995858309,False,0.6182257626666666,26.970560666666664,45.55024
386.4625,338.2540779333044,48.20842206669556,False,0.2474112733333333,25.1799176,32.45616233333334
1268.728571,1330.6879928128292,61.95942181282908,False,1.0318606821428573,30.824835714285715,62.21209042857143
401.9,339.852583005426,62.04741699457395,False,0.254934934,25.10567633333333,26.625590066666664
903.9,943.9010307499991,40.00103074999913,False,0.7235343293333333,29.207837,53.292307533333336
388.75,411.24832846528835,22.498328465288353,False,0.2994810686666667,32.20655313333332,42.755688333333325
326.4125,342.6824888730969,16.26998887309685,False,0.2542998135714285,25.215722142857143,29.4314075
13.675,39.38673889509637,25.71173889509637,False,0.0133244222,21.11287226666667,20.467968733333333
1011.857143,999.0521810735343,12.804961926465694,False,0.7723580713333332,29.23562,49.9406148
112.9285714,129.55718518868383,16.628613788683836,False,0.0808109167333333,27.518345000000004,29.254244
8.471428571,36.15113018642255,27.679701615422548,False,0.0096971220999999,23.34448021428572,22.342457428571432
180.2428571,203.46548169475042,23.222624594750414,False,0.1337362736666667,33.7051188,39.0915042
667.7714286,694.2147477327807,26.44331913278063,False,0.5249432360000001,32.34201053333333,48.925150733333325
1178.8375,1152.3030321344381,26.534467865561965,False,0.8877618960000001,30.494291133333338,60.050757
69.02857143,84.94832833982497,15.919756909824969,False,0.0494097238666666,23.976731266666665,22.893282
1170.1125,1237.3585425224765,67.2460425224765,False,0.9597508193333332,30.556133933333328,57.9774638
1341.9625,1318.5841626294205,23.37833737057963,False,1.0311831480000002,29.79234406666667,53.1358704
683.075,756.5810064458254,73.50600644582539,False,0.5804646173333333,28.242586266666667,43.05883393333334
562.4375,510.1153523513358,52.32214764866421,False,0.3833396619999999,25.527582066666668,37.25813600000001
393.35,422.56218008717565,29.212180087175625,False,0.306095652,34.31009746666667,46.1497108
334.5,344.60262376246055,10.102623762460553,False,0.2491690678571428,28.989379857142858,37.32118635714286
1247.314286,1349.715180828824,102.400894828824,False,1.0518955426666667,29.452115866666663,57.48017959999999
348.2857143,333.6355287006255,14.650185599374481,False,0.2414865233333333,23.959779666666662,33.923728333333344
994.7571429,984.8062862869185,9.950856613081442,False,0.7549121526666667,34.382596666666664,57.54735093333333
400.2714286,394.83169665760505,5.439731942394928,False,0.2911635239999999,28.383642466666668,36.3026832
85.38571429,104.97621321677107,19.590498926771076,False,0.0617229363333333,26.728900000000003,27.917517000000004
523.6625,521.7332295673544,1.9292704326455805,False,0.3890966946666666,32.16037606666667,43.64397813333333
606.4714286,563.3862291862079,43.08519941379211,False,0.4275489526666667,25.166898466666662,36.606188800000005
178.4142857,177.73623623701414,0.6780494629858538,False,0.1186300124,24.390767466666667,29.47314233333333
579.9857143,541.7265192843435,38.25919501565659,False,0.4082271193333333,27.087241533333334,38.89504786666667
583.4714286,577.6077951784528,5.863633421547206,False,0.4327973,28.851655933333333,44.1841634
1300.7,1279.8784513652627,20.821548634737383,False,0.9989916353333332,30.0188802,53.659336200000006
51.55714286,67.07409047218974,15.516947612189739,False,0.0349704387333333,21.8738464,21.782067666666663
641.7285714,642.5114489411035,0.7828775411035167,False,0.484228046,32.45574533333333,47.4088624
504.8,462.955071318951,41.844928681049,False,0.345676682,28.046335933333328,37.409806
798.9142857,701.0514606037232,97.86282509627688,False,0.5402542266666664,25.700242133333333,36.99481373333333
705.6428571,664.0394827122842,41.6033743877158,False,0.5036263826666665,32.436879733333335,45.77020906666667
1137.685714,1209.0227476565851,71.33703365658516,False,0.9360600806666666,32.174080466666666,59.10431306666667
95.6875,114.74561649066243,19.058116490662428,False,0.0674540515333333,32.45497006666667,32.520924533333336
679.5571429,611.478856245585,68.07828665441502,False,0.4660193226666666,25.439449133333333,37.621647133333326
40.2625,65.812210169747,25.549710169747,False,0.03094462,27.1000306,26.8339234
610.0571429,640.7983449256865,30.741202025686448,False,0.4845541833333333,26.1504356,43.0666302
640.2375,513.0884966473359,127.14900335266407,False,0.3712747633333333,29.742185466666665,52.615881266666655
1138.857143,1141.9725264529138,3.115383452913875,False,0.892716588,27.742724733333336,46.33160186666667
789.8875,758.9682586764923,30.919241323507777,False,0.581595316,30.592580066666667,44.846677466666655
451.7142857,408.80119825796686,42.913087442033145,False,0.3038333933333333,26.13088566666667,34.19353846666667
0.0,23.520176530356416,23.520176530356416,False,0.0010542331467857,21.226811071428568,19.82743392857144
0.0,22.290221395943334,22.290221395943334,False,7.79209073e-05,21.658839866666664,19.984273200000004
64.4,86.49242802156651,22.092428021566505,False,0.0467072187333333,27.548073266666663,28.141593400000005
1251.2125,1256.8813702583511,5.668870258351035,False,0.9751613035714286,30.92911621428572,58.69564164285714
0.0,22.633458699109426,22.633458699109426,False,0.0001221914806666,20.751308333333327,19.813110266666666
1283.128571,1148.5794949299407,134.5490760700593,False,0.88675423,29.018203714285715,57.50350071428572
408.925,392.76675343995595,16.158246560044063,False,0.2930501007142857,26.6105695,32.19503142857143
750.8142857,729.164268103227,21.65001759677307,False,0.5514050859999999,34.7056704,51.99498913333333
55.4625,73.57248444760062,18.109984447600617,False,0.0403607207333333,22.981634533333327,22.203200133333333
945.0285714,856.2210622134542,88.80750918654587,False,0.6546923735714285,31.30421228571429,51.35374028571429
564.125,575.4077072009821,11.282707200982145,False,0.4324710653333333,30.035451333333327,43.3170714
379.1285714,366.73965568060345,12.38891571939655,False,0.2645778099999999,26.346307466666666,38.737007666666656
665.4625,735.6662218582895,70.20372185828955,False,0.5656625413333333,27.152537133333336,40.39757686666666
158.8571429,170.58788502415467,11.73074212415466,False,0.1122409709333333,29.63169753333333,32.23251346666666
469.6428571,503.94254889772947,34.29969179772945,False,0.3831310706666666,24.36161093333333,32.225032666666664
186.7285714,188.98923771640023,2.2606663164002327,False,0.1298209161333333,26.575002,28.584523666666666
177.075,182.08339770595038,5.008397705950387,False,0.1223565883333333,28.146706,30.946114066666663
1062.35,1102.715660189227,40.36566018922713,False,0.8608448592857144,27.778298642857145,46.05228092857142
582.7625,631.6964134480891,48.933913448089015,False,0.47842251,26.275140333333333,41.8781982
33.2375,54.78257211380849,21.545072113808494,False,0.0234457014666666,24.038157333333327,24.0682496
976.2,850.9513211656154,125.24867883438469,False,0.6554787686666667,32.7693424,47.220991733333335
67.48571429,89.93659742830059,22.450883138300583,False,0.0509346373333333,25.624135333333328,25.999684533333333
771.5625,715.9099576895629,55.65254231043707,False,0.5478691779999999,27.2929586,41.94669766666666
1055.7625,854.5799916106253,201.1825083893748,True,0.6593983766666666,28.954923333333333,44.68992900000001
924.675,833.9936408959106,90.68135910408932,False,0.6428513106666667,26.3895486,43.27049353333333
756.1285714,736.9409039812386,19.187667418761407,False,0.561617874,26.040903733333334,44.667008466666665
811.1375,899.894185103564,88.756685103564,False,0.6880469099999998,29.854372133333328,53.01691526666667
236.9285714,240.2866016753174,3.3580302753173896,False,0.1652971236,30.436910066666663,36.399023133333344
785.2,736.6183723672333,48.581627632766754,False,0.564246406,26.771500733333337,42.28302813333334
951.275,951.3781143130989,0.1031143130988994,False,0.7337398671428571,28.672439642857142,49.257720857142864
460.1857143,577.3474058566716,117.1616915566716,False,0.4311784306666666,34.304164533333335,47.853904533333335
698.625,713.749996226219,15.124996226218968,False,0.5463582793333333,25.744004266666664,41.03405133333333
1044.825,1007.4401108568669,37.38488914313314,False,0.7781302413333333,28.85288293333333,50.806604
36.64285714,57.17844193799748,20.535584797997487,False,0.0275747859333333,23.13891793333333,21.6591104
155.975,156.164488329119,0.18948832911900126,False,0.1018763052666666,26.046683800000004,29.318176333333334
0.0,22.19781468564407,22.19781468564407,False,0.0006199202026666,23.2451844,20.093800666666667
11.525,37.57431282222795,26.049312822227954,False,0.0088122812133333,29.54822573333333,26.94033806666667
767.2,681.3146129362235,85.88538706377653,False,0.5136740935714285,32.802505857142854,49.77019207142857
674.525,665.1385843313705,9.386415668629525,False,0.5023924839999999,31.3661072,47.2997298
34.92857143,60.572602848481814,25.644031418481816,False,0.0263529064666666,27.9674928,27.48501573333333
964.9375,1232.153234338943,267.2157343389431,True,0.9516839406666668,28.785264266666665,60.75704953333334
703.175,632.4274367910386,70.74756320896131,False,0.4784254099999999,29.053249066666663,43.63637693333334
645.5571429,563.6685916169557,81.88855128304431,False,0.4274141633333333,27.99871413333333,38.17277626666667
34.81428571,60.572602848481814,25.758317138481814,False,0.0263529064666666,27.9674928,27.48501573333333
141.0875,152.37981524338412,11.29231524338411,False,0.1027040146666666,22.312394333333334,24.034580466666668
95.18571429,122.55299582888875,27.367281538888747,False,0.0699064925333333,32.083526600000006,36.04578060000001
432.6,469.6832142821999,37.08321428219989,False,0.3465496533333333,32.31323666666667,43.588924266666666
0.0,24.242681833783365,24.242681833783365,False,0.0005078938726666,22.522914733333334,21.450738666666663
8.428571429,36.15113018642255,27.722558757422547,False,0.0096971220999999,23.34448021428572,22.342457428571432
862.8428571,890.013905248607,27.171048148607042,False,0.6839935373333333,25.400056866666667,47.31288253333333
16.1375,43.06988118191607,26.932381181916067,False,0.0139073641466666,24.9734254,24.41195066666667
213.8142857,244.87825709453745,31.063971394537447,False,0.1741178993333333,26.160349600000004,29.8308308
329.425,358.49703910973375,29.072039109733737,False,0.26604703,25.389813333333336,30.644789666666664
707.25,771.541264018643,64.291264018643,False,0.5924935807142857,27.712921,43.051186571428566
579.6125,582.1728761413257,2.560376141325719,False,0.4445730093333333,24.931500133333333,34.9920044
349.5,326.7485998654952,22.75140013450482,False,0.2348828546666666,32.671417266666666,38.58448679999999
1270.585714,1365.8761723913808,95.29045839138075,False,1.0637222583333332,32.29975366666667,60.04074324999999
0.0,24.822647185529807,24.822647185529807,False,5.614888285714287e-05,25.18057035714285,23.46554121428572
298.8125,310.6108040148786,11.798304014878624,False,0.2278736373333333,22.99848413333333,28.593758200000003
1107.385714,1182.4648030722547,75.07908907225465,False,0.9131820933333334,30.38230993333333,59.35841486666666
0.0,21.992105407825115,21.992105407825115,False,0.0001461652226,21.171103933333328,19.48152053333333
193.275,188.78823628472446,4.4867637152755435,False,0.1274455812,26.798168933333333,30.744077466666667
869.1285714,812.4998201361146,56.62875126388542,False,0.62278731,29.8473918,47.0438902
171.2875,167.4576443309663,3.829855669033691,False,0.112813087,23.8746256,26.81340946666667
517.575,578.4624105421075,60.88741054210743,False,0.4346433879999999,28.541935266666663,42.981264133333326
191.4714286,197.96865819752824,6.497229597528246,False,0.1357463066666666,26.6788758,29.970585
614.5571429,626.134745122955,11.577602222954965,False,0.4664396726666666,28.8636616,49.925148466666656
945.6571429,860.8833190606392,84.77382383936083,False,0.6621523706666665,26.8470704,46.03145753333334
1328.657143,1320.121148547713,8.535994452287014,False,1.0312303086666668,28.649094666666667,53.773537133333335
876.3,988.2007008044201,111.90070080442013,False,0.760303092142857,34.09684771428572,54.98997742857143
1064.857143,1178.6761320658734,113.81898906587344,False,0.906359092,31.226418066666668,63.19209206666668
0.0,27.592659300981033,27.592659300981033,False,0.002114633124,23.8018982,23.067795866666664
40.25714286,58.81077778436898,18.55363492436898,False,0.0289893672,22.0659282,21.123944133333328
324.2571429,321.57904010931463,2.6781027906853865,False,0.2322751866666666,29.1915486,35.55735073333334
658.3857143,597.4565879327099,60.92912636729011,False,0.453461884,27.390254733333336,39.45489506666667
44.9,65.79378029165463,20.89378029165463,False,0.0341808814,22.685673066666663,21.89033826666667
169.9142857,222.65381660244438,52.739530902444386,False,0.161645104,22.15570466666667,22.733018
9.385714286,34.617867313508256,25.232153027508254,False,0.0096864394666666,21.53003333333333,20.394429466666665
1004.05,1046.6894798991084,42.63947989910844,False,0.813000858,28.1994974,48.014198666666665
921.6142857,850.4099586926272,71.20432700737274,False,0.6492476293333334,32.147684733333335,52.35325513333333
26.74285714,51.43555827514284,24.692701135142837,False,0.0192099305333333,27.190853066666666,26.823720333333338
12.425,39.35269271805411,26.927692718054107,False,0.0103677880266666,26.136122600000004,25.373767200000003
37.6875,60.223323079576,22.535823079575998,False,0.0262128633333333,30.311684133333333,28.36227433333333
118.325,129.17719863236692,10.852198632366921,False,0.084014334,22.160595666666666,23.656638733333327
1173.971429,899.8734686639033,274.09796033609666,True,0.6880905792857142,30.900615071428568,53.412794
705.25,654.0081551058413,51.2418448941587,False,0.496169466,27.814182533333334,43.054219466666666
0.0,23.826038505359957,23.826038505359957,False,0.0010356957873333,21.5162558,20.20396513333333
238.6625,291.55938864062415,52.896888640624155,False,0.21528912,23.946079466666667,26.170033866666667
1157.625,1144.4249739457969,13.200026054203136,False,0.890231224,28.07024346666667,50.669427600000006
728.35,734.9992649278446,6.64926492784457,False,0.563254726,27.410540933333333,42.2459552
145.3142857,153.41336081497724,8.09907511497724,False,0.1046293030666666,22.578601066666668,23.143766266666663
667.9,695.5340132063304,27.63401320633045,False,0.5274703919999999,30.22064013333333,46.65866706666667
612.65,838.284025327586,225.63402532758607,True,0.635450962,32.495967666666665,56.101076266666674
480.8,551.8205468856789,71.02054688567893,False,0.4154654033333333,28.200909666666668,40.34545073333332
600.9428571,764.2430097051064,163.3001526051064,False,0.580272074,29.979579800000003,49.852822
0.0,26.240900870952885,26.240900870952885,False,0.00035944967324,28.97306333333333,25.9079486
1111.6125,1137.218264533381,25.605764533381034,False,0.8833871893333332,29.528405733333337,52.172778066666666
866.8142857,726.1820482367834,140.6322374632166,False,0.5518274599999999,32.84624806666667,48.51458733333333
361.4625,335.9575471520694,25.504952847930554,False,0.2453987326666666,27.460978266666665,33.56361520000001
817.5714286,837.0248007775846,19.453372177584583,False,0.6403686593333334,25.4514526,47.501263533333336
61.05,81.62408803110495,20.57408803110495,False,0.04432217,25.856518466666664,25.91061213333333
93.15714286,101.96829298557779,8.811150125577797,False,0.0617966885999999,21.926344866666668,23.469942133333333
0.0,26.932989782290438,26.932989782290438,False,0.0033814346733333,20.89739573333333,20.124570866666662
654.2375,580.1222584502616,74.11524154973836,False,0.4385864393333333,26.92924806666667,39.8739748
47.9625,73.61561313915784,25.653113139157846,False,0.0352655896,30.519482466666663,30.251395666666667
531.6125,484.2361842640892,47.37631573591074,False,0.3633331566666667,26.5449136,36.56665873333333
503.1285714,562.1243368356742,58.99576543567417,False,0.4160351014285714,32.622796071428574,49.610767714285714
103.575,119.15385060931231,15.578850609312312,False,0.0705414855,29.904103,31.90951321428572
172.6285714,222.65381660244438,50.02524520244438,False,0.161645104,22.15570466666667,22.733018
6.957142857,38.86266477299128,31.90552191599128,False,0.0073991020928571,29.723270928571427,29.320794285714285
627.2375,605.8342399650571,21.403260034942832,False,0.4595029573333333,27.66269933333333,40.34541599999999
123.8714286,131.5009178012795,7.629489201279512,False,0.0880664663333333,22.569683933333334,21.829941666666667
437.6714286,458.235129116821,20.563700516820973,False,0.3424570506666667,26.1143576,35.96729740000001
717.1875,632.3997800599676,84.78771994003239,False,0.4806645453333333,27.00929553333333,40.641495866666666
277.2875,272.7143569465567,4.573143053443346,False,0.1961367113333333,23.5816488,29.4664654
990.6428571,892.0914408051012,98.55141629489879,False,0.6855142546666666,28.9166118,49.0042542
655.8428571,651.3849628614234,4.4578942385765,False,0.4960136759999999,26.57368573333333,40.655814933333325
714.7428571,706.7874299936004,7.955427106399611,False,0.5377807876923076,32.96533184615384,46.83451484615385
1223.15,1244.7423285763325,21.59232857633242,False,0.9652258986666667,31.597302133333333,58.96815806666666
1133.742857,1144.902516432579,11.15965943257902,False,0.8942029785714286,29.023849428571427,47.74052392857144
935.7714286,915.1726144966798,20.59881410332025,False,0.7019433013333334,30.105845400000003,51.84774173333333
892.6857143,905.6696319800459,12.98391768004592,False,0.6930570186666666,31.63322353333333,53.52987266666667
30.0125,54.769868196746835,24.757368196746835,False,0.0225988850666666,25.879600133333334,25.6452434
82.07142857,105.51534963734187,23.443921067341876,False,0.0619993643333333,27.397143533333328,28.361094066666663
198.7285714,209.27608092824903,10.547509528249037,False,0.1447934189333333,25.21618033333333,29.547110933333336
479.8875,447.44893695078497,32.43856304921502,False,0.331931245,26.8432725,37.85230385714286
0.0,29.068682014158306,29.068682014158306,False,0.00431375216,23.281386399999995,21.919765266666666
1227.3,1250.1112881447111,22.81128814471117,False,0.970586436,32.02379753333333,58.25814226666666
779.1,763.5261851534704,15.573814846529672,False,0.5869376799999999,26.62600271428571,41.63306128571429
11.1875,37.810736333508714,26.623236333508714,False,0.0091324596666666,25.1838216,24.934887866666667
343.9285714,326.9638236126771,16.964747787322892,False,0.238490188,27.34741213333333,33.07997246666667
37.22857143,65.812210169747,28.583638739747002,False,0.03094462,27.1000306,26.8339234
1235.7625,1207.189277535825,28.573222464174933,False,0.93859401,29.882983266666667,54.3455892
977.5857143,726.1820482367834,251.40366606321652,True,0.5518274599999999,32.84624806666667,48.51458733333333
903.3857143,782.2856368960877,121.10007740391234,False,0.6021715766666667,28.496042933333328,42.57935760000001
55.62857143,81.01317927438652,25.384607844386515,False,0.0428979898,25.536855066666668,26.63404133333333
739.6,799.720138056252,60.12013805625202,False,0.615993176,31.765978933333333,44.435286533333326
63.575,78.21752154342194,14.642521543421935,False,0.0415707431333333,24.6149332,25.334737333333333
556.7,520.0248940912186,36.67510590878146,False,0.3901906573333333,28.54629326666667,39.752722466666654
787.9571429,824.9765560664896,37.019413166489585,False,0.6274043513333333,32.27157786666667,53.3307006
121.4,135.98158324189458,14.581583241894577,False,0.0920413659333333,22.472273666666663,21.5067932
33.175,52.10700170578996,18.932001705789965,False,0.0238564609333333,21.8627444,20.6966776
285.4,331.1516150269932,45.75161502699325,False,0.2420931633333333,24.688751333333336,31.77211313333333
27.15714286,51.38446154933554,24.22731868933554,False,0.0204065283666666,25.387085133333333,24.88775633333333
662.6428571,616.7987148579105,45.84414224208956,False,0.4668261126666666,29.21803193333333,42.5737022
100.7,113.25341388425248,12.553413884252478,False,0.0711178362666666,21.774928866666663,23.340763133333333
339.225,376.7742766590089,37.549276659008854,False,0.2812749706666666,24.44554646666667,30.010496
539.0285714,562.1243368356742,23.09576543567414,False,0.4160351014285714,32.622796071428574,49.610767714285714
108.8142857,121.48484332525304,12.67055762525304,False,0.0792696434666666,22.13967073333333,22.189410333333328
376.5125,353.89522067638103,22.61727932361896,False,0.2588894479999999,24.185119466666663,33.2824116
1022.0875,950.8533562057211,71.2341437942789,False,0.7350834633333333,33.763185400000005,49.80390433333333
583.2857143,515.3334832066898,67.95223109331016,False,0.388530498,25.753749666666668,36.50444326666668
1146.271429,1207.189277535825,60.917848535825215,False,0.93859401,29.882983266666667,54.3455892
928.6625,944.8078092922971,16.145309292297043,False,0.725001628,30.0071574,52.9624858
857.8125,854.5799916106253,3.2325083893747433,False,0.6593983766666666,28.954923333333333,44.68992900000001
341.7,330.90553279848456,10.794467201515431,False,0.2446230293333333,22.696124266666665,28.3609558
0.0,641.0930235814878,641.0930235814878,True,0.476600342,33.761303733333335,54.00686426666665
799.8125,751.9737188390089,47.83878116099106,False,0.5725103686666667,33.45063293333333,49.20921033333333
796.675,763.4304529364737,33.244547063526284,False,0.58660541,28.766581200000005,42.79567873333334
163.9285714,161.91955070865097,2.0090206913490363,False,0.1077558996666666,26.572758,28.462253866666668
138.25,157.9476260179782,19.697626017978195,False,0.1033491631428571,27.74433471428572,30.04228421428571
191.9375,214.36660736093813,22.429107360938133,False,0.1487991533333333,24.988789866666668,29.6056438
0.0,23.505350845065124,23.505350845065124,False,0.0002446326267021,22.18672828571429,20.98682278571429
60.45,82.72475979180118,22.274759791801173,False,0.0453966223333333,25.066615933333328,25.4084758
126.7571429,133.45253628226948,6.695393382269472,False,0.0864726348666666,24.191860066666663,25.512402466666668
0.0,26.50451858686207,26.50451858686207,False,0.0008603421582,26.470400066666667,24.559830733333328
162.1,186.45461482179348,24.35461482179349,False,0.1241333933333333,30.44563606666668,33.627032533333335
747.45,704.9263568576683,42.52364314233171,False,0.5377770619999998,27.534234666666663,43.0649942
125.8125,141.04355151891826,15.231051518918264,False,0.0952975517857143,22.50998785714286,22.357663928571423
855.85,929.8083710834746,73.95837108347462,False,0.717151316,26.793420266666665,47.4213378
1058.6,1028.7319753491392,29.86802465086066,False,0.7916552700000001,31.304307266666665,55.53702406666668
1259.114286,1241.1965411451256,17.9177448548744,False,0.9654513833333332,30.398728400000003,55.526068
982.4714286,1050.390077956657,67.91864935665706,False,0.7998236226666667,27.6734152,62.91643313333333
817.3142857,753.2767402487468,64.03754545125321,False,0.576820234,27.044360466666664,43.41336893333333
45.4,63.652557090138465,18.252557090138467,False,0.0331196089333333,21.563067533333328,20.756795266666668
1220.5,1137.218264533381,83.28173546661901,False,0.8833871893333332,29.528405733333337,52.172778066666666
764.975,795.7677275483288,30.7927275483288,False,0.615580315,26.6612375,39.588428785714285
628.35,598.9785771687644,29.371422831235577,False,0.4515764164285714,33.265648642857144,44.920237928571424
1085.8625,1182.3190748523234,96.45657485232346,False,0.917253122,31.41328526666667,55.89338740000001
0.0,40.24969343841927,40.24969343841927,False,0.0142718304615384,22.90438138461538,21.01892315384616
206.5875,218.55756752128605,11.97006752128604,False,0.1550759426666666,22.947841333333333,26.071952400000004
790.2875,777.3681758931446,12.91932410685547,False,0.601040456,27.86605026666667,39.599638000000006
914.5857143,908.3010349241928,6.284679375807173,False,0.6967051026666666,30.3104532,51.566701466666665
1036.375,1050.390077956657,14.015077956657024,False,0.7998236226666667,27.6734152,62.91643313333333
1118.8625,1052.1811187385547,66.68138126144527,False,0.8122406413333334,31.2210448,54.23274553333334
1034.9875,884.1414766019523,150.8460233980477,False,0.6831317153333333,29.025638800000003,45.191560933333335
564.5,543.3960689464546,21.103931053545352,False,0.410816618,25.405088333333328,37.028379066666666
877.9125,825.3443114399527,52.56818856004736,False,0.63615115,26.3412638,42.884138933333325
124.6571429,135.34137959042283,10.684236690422836,False,0.0892736406,22.78110746666666,23.733522600000004
135.1714286,142.95504219050747,7.783613590507457,False,0.0975767968666666,22.135064666666665,21.531044466666668
503.7142857,557.7502002439662,54.035914543966214,False,0.4156516442857142,28.15413335714286,44.68885371428571
249.3714286,232.8483744823801,16.523054117619893,False,0.1629056366666666,27.32750646666667,31.59433793333333
577.7571429,531.0514142273609,46.70572867263911,False,0.401583068,25.976375266666665,36.446625
627.8375,573.7421918165418,54.0953081834582,False,0.4349046853333333,24.86980793333333,37.53728039999999
780.0125,725.6192485837859,54.393251416214184,False,0.5448555493333334,31.578393466666665,54.042319733333336
1267.425,1440.96305960162,173.53805960162003,False,1.1225500642857145,28.24220935714285,60.84071814285714
67.2125,81.93667992887566,14.724179928875657,False,0.0468413084666666,22.7384398,22.45022773333333
1003.0,1146.1363385969357,143.13633859693573,False,0.8893022273333333,29.873128133333328,53.62572206666666
98.9625,110.1499590738444,11.187459073844394,False,0.0639606361333333,26.491621866666662,29.685520466666663
211.2571429,226.7718240550246,15.514681155024618,False,0.1602291469333333,23.27185253333333,27.688370800000005
172.2571429,184.69846921182344,12.441326311823445,False,0.1254085300666666,26.03677973333333,29.186376866666667
910.3857143,969.3118059064409,58.92609160644088,False,0.7466439013333332,30.864174466666668,51.88567106666667
529.5875,491.9304476522398,37.65705234776016,False,0.3655789026666666,32.060280266666666,42.74383126666667
120.6375,135.94648743394785,15.308987433947848,False,0.0866831524666666,26.14214893333333,28.067810066666667
106.5142857,149.75180767599255,43.23752197599255,False,0.0959535507857142,27.676138642857143,30.6434
1042.328571,991.9453823776875,50.38318862231256,False,0.7681858726666667,28.96788953333333,48.28042806666666
366.2125,394.83169665760505,28.619196657605073,False,0.2911635239999999,28.383642466666668,36.3026832
461.4375,479.8873708645758,18.449870864575814,False,0.3585062726666666,25.26090906666667,37.18839533333334
774.9375,1077.881060409431,302.94356040943103,True,0.833716566,29.0410462,52.9128622
655.1571429,609.1608508532049,45.99629204679513,False,0.463052552,28.2268556,39.822216533333325
397.075,384.30993826257856,12.765061737421433,False,0.2769386199999999,32.6388932,43.367417200000006
392.2571429,362.4264364506148,29.830706449385218,False,0.2681349153333333,23.364750200000003,30.827225666666664
1015.775,844.9188712648834,170.8561287351166,False,0.652056834,27.611472733333333,43.56778333333334
556.925,486.5358897332223,70.38911026677766,False,0.3666457480000001,24.982682266666668,34.559212133333325
1033.628571,1116.1038740073877,82.47530300738777,False,0.8607233646666665,33.32365333333333,58.80879913333334
919.8285714,834.9870784026915,84.84149299730848,False,0.6438703946666667,27.363865266666664,43.500976533333336
709.2714286,752.8002613436814,43.52883274368139,False,0.5768498564285715,26.306878285714287,42.7021635
913.5375,872.6040178364915,40.93348216350853,False,0.67195934,27.677307066666668,46.2067344
0.0,595.6295100109593,595.6295100109593,True,0.454945416,24.945296133333336,35.61483133333333
1012.825,921.8486090015556,90.97639099844446,False,0.7195252226666667,26.36005846666667,38.9274884
5.0,32.30539960836409,27.30539960836409,False,0.0047339318343333,27.510428933333333,25.833406533333328
350.3,328.8407969914858,21.459203008514237,False,0.2427383993333333,23.899300266666664,29.06023366666667
1215.5125,1244.7423285763325,29.229828576332466,False,0.9652258986666667,31.597302133333333,58.96815806666666
533.7,478.5124601411422,55.18753985885786,False,0.35931397,24.37688393333333,35.00016073333333
187.9428571,188.98923771640023,1.0463806164002278,False,0.1298209161333333,26.575002,28.584523666666666
785.4375,789.4583167531218,4.020816753121835,False,0.6032151686666668,26.310502066666665,46.148805933333335
1275.528571,1353.5551156455963,78.02654464559623,False,1.0541559813333337,31.35813793333333,59.133262
917.4571429,860.0770190125256,57.38012388747438,False,0.6634503566666667,26.40725306666667,44.0128702
867.9285714,859.1262302914417,8.802341108558267,False,0.6610665566666664,27.98884273333333,46.194077866666674
598.3857143,541.441895783146,56.94381851685398,False,0.4062958466666666,27.494000133333333,40.65558086666666
27.2,51.44778172509286,24.24778172509286,False,0.0194361867666666,28.536002666666665,27.2036742
931.4,897.469000187926,33.93099981207399,False,0.6935108126666668,27.51010546666667,45.047931266666666
441.6857143,428.3396664267708,13.346047873229168,False,0.3224647546666666,24.331876666666663,30.97835493333333
44.87142857,71.51027426472837,26.638845694728367,False,0.0355560784666666,27.304530933333336,26.9788308
220.2625,203.93389468474274,16.32860531525725,False,0.1422467350666666,23.838385,27.240083733333336
1264.9,1243.6880404718322,21.21195952816788,False,0.9661854566666668,30.521348066666665,56.80053313333334
497.05,491.0352302938165,6.014769706183529,False,0.3619616539999999,28.854707866666665,44.048325600000005
819.0375,771.0372552304069,48.00024476959311,False,0.5857872135714286,30.21606228571428,50.006988571428565
678.75,595.6295100109593,83.12048998904072,False,0.454945416,24.945296133333336,35.61483133333333
1173.428571,1159.3762803759287,14.052290624071247,False,0.9000696606666667,29.735261933333334,53.64847206666667
960.8714286,929.8083710834746,31.063057516525305,False,0.717151316,26.793420266666665,47.4213378
364.9428571,355.6682012033308,9.27465589666923,False,0.25664592,30.836218333333328,39.6094684
503.55,491.93134384027405,11.618656159725958,False,0.3650563653333333,32.06696146666666,43.23507873333333
798.4625,861.0584057480339,62.59590574803394,False,0.6627551926666667,27.93476573333333,46.073250533333336
304.9375,313.27435925292497,8.336859252924967,False,0.2224269813333333,31.461081866666667,39.37515073333333
435.8375,420.8196378384199,15.01786216158007,False,0.3131774186666666,24.698665266666666,34.0502216
119.2428571,126.75172207597008,7.508864975970084,False,0.0836293638666666,21.591829466666663,21.91393233333333
1009.1,918.7148252947459,90.38517470525414,False,0.7052360026666665,30.97860513333333,51.86274186666666
177.7857143,178.68893619374938,0.9032218937493894,False,0.119259876,23.109639466666664,29.0602518
573.25,575.2568799997542,2.006879999754233,False,0.4379202793333333,25.124652066666663,35.99217126666667
36.7,62.00193003985657,25.301930039856565,False,0.0265550992666666,29.59416113333333,29.093566866666663
870.4857143,875.5337153736313,5.048001073631212,False,0.6665665693333332,33.78651526666667,56.12368146666666
902.15,889.7182284993474,12.43177150065253,False,0.6841737733333335,27.55344846666667,47.8497312
117.6428571,126.75172207597008,9.108864975970079,False,0.0836293638666666,21.591829466666663,21.91393233333333
0.0,42.97491941191008,42.97491941191008,False,0.0123415255071428,28.737601,27.42860421428572
1122.528571,1023.2356982329202,99.29287276707987,False,0.7895503819999999,30.58775246666667,52.985744666666655
762.1875,758.2428026621081,3.944697337891853,False,0.5760844593333334,27.683191,48.176432
695.1428571,678.4830384297906,16.65981867020946,False,0.5149644066666667,32.3501976,46.20359726666666
1049.914286,856.0181405973499,193.89614540265006,True,0.6598271179999999,34.147082733333335,47.63582766666666
752.075,720.548833745402,31.526166254598024,False,0.546798932,26.107157266666665,45.982417866666665
37.4,58.06457505091119,20.66457505091119,False,0.0283668289333333,21.431498266666665,20.859558
550.9285714,487.8324155557985,63.09615584420152,False,0.3664925886666666,25.031361933333333,35.71532393333333
285.275,277.6970726689396,7.57792733106038,False,0.1978581207142857,27.573211642857142,33.399052142857144
649.6428571,577.3474058566716,72.29545124332844,False,0.4311784306666666,34.304164533333335,47.853904533333335
220.675,217.4750090633877,3.1999909366123234,False,0.1528612619999999,22.1382732,26.9603476
596.6,520.0248940912186,76.57510590878144,False,0.3901906573333333,28.54629326666667,39.752722466666654
832.1,816.0457343913436,16.054265608656465,False,0.6258264913333333,28.89003293333333,46.50682566666666
1249.125,1246.5896123210987,2.5353876789013157,False,0.9669222093333332,31.34249066666667,58.68839280000001
117.575,149.75180767599255,32.17680767599255,False,0.0959535507857142,27.676138642857143,30.6434
1086.371429,1031.154417706168,55.217011293832,False,0.7957694813333333,29.678208266666665,52.84774173333333
58.25,82.72475979180118,24.474759791801176,False,0.0453966223333333,25.066615933333328,25.4084758
848.7285714,858.9260055618932,10.197434161893284,False,0.6629108933333333,27.61693933333333,44.15874253333334
169.3428571,244.87825709453745,75.53539999453744,False,0.1741178993333333,26.160349600000004,29.8308308
225.45,268.3126814315573,42.86268143155729,False,0.1964333966666666,23.61099233333333,25.83404733333333
0.0,26.240900870952885,26.240900870952885,False,0.00035944967324,28.97306333333333,25.9079486
674.7,642.5114489411035,32.188551058896564,False,0.484228046,32.45574533333333,47.4088624
656.3714286,580.1222584502616,76.24917014973835,False,0.4385864393333333,26.92924806666667,39.8739748
491.0714286,467.93473140312483,23.13669719687516,False,0.344136892,27.717987066666662,42.515350533333326
1135.214286,1121.2603541867425,13.95393181325744,False,0.8679127513333332,30.166768533333336,54.67960166666667
662.9857143,649.3671266658416,13.618587634158416,False,0.4921659633333334,27.60525313333333,43.148862666666666
505.3875,704.2742854070173,198.88678540701727,True,0.5263585046666664,30.6310384,54.56202766666667
642.0875,759.1734201041977,117.08592010419773,False,0.5748687466666667,32.095951199999995,51.93161206666666
782.4125,727.4709320185812,54.94156798141887,False,0.5574083926666665,25.808286599999995,41.24847206666666
0.0,27.595508411199777,27.595508411199777,False,0.0013383184030266,25.0308594,24.326002933333328
739.0714286,643.5733512481717,95.49807735182833,False,0.4920235971428571,25.21828571428572,37.81592471428572
990.0571429,984.6151941407796,5.441948759220395,False,0.761243312,32.39142040000001,50.631239933333326
786.0375,752.4529001964958,33.58459980350426,False,0.5736166646666666,28.371838400000005,46.34689126666667
916.8285714,836.1652992571422,80.66327214285775,False,0.6406613233333333,27.081068733333336,47.275213466666656
1229.457143,1108.3005853899463,121.15655761005382,False,0.8521106573333334,29.96776533333333,59.424285733333335
6.257142857,32.456728607116176,26.199585750116178,False,0.00815802132,22.37077833333333,20.5307474
345.7142857,319.2940163196519,26.42026938034809,False,0.235077558,24.1127868,28.996931866666667
231.2285714,237.5880639920767,6.35949259207672,False,0.1673700179999999,26.02376913333333,30.4908548
267.125,252.17469413826373,14.950305861736268,False,0.1821268135714285,23.507492071428576,26.79229507142857
1137.271429,689.0288478518945,448.2425811481054,True,0.5205349913333333,28.0176412,47.200712266666656
468.8428571,408.80119825796686,60.041658842033144,False,0.3038333933333333,26.13088566666667,34.19353846666667
376.4125,332.1588120845804,44.25368791541962,False,0.2430901692857142,24.30036257142857,31.44437728571429
91.0875,109.82046460167206,18.73296460167205,False,0.0713916354666666,22.1559958,20.62310193333333
541.7714286,575.4077072009821,33.63627860098211,False,0.4324710653333333,30.035451333333327,43.3170714
659.9875,878.7849477700407,218.79744777004078,True,0.670675372,28.632191866666663,52.5477356
322.6142857,306.72008929271885,15.894196407281129,False,0.2255217446666666,23.6073304,28.074818866666668
396.1,378.5441433109006,17.555856689099414,False,0.2771371,27.911383066666662,36.725531333333336
1240.0125,1219.3152615516906,20.697238448309463,False,0.9421417826666668,32.268751599999995,61.34530853333335
1119.042857,1117.7023834563443,1.340473543655662,False,0.8653040006666666,30.85634553333333,54.68991706666667
869.7375,763.4304529364737,106.30704706352628,False,0.58660541,28.766581200000005,42.79567873333334
794.4714286,741.1913752354343,53.280053364565674,False,0.5593601680000001,32.37420473333333,52.76566173333333
812.5625,771.541264018643,41.021235981356995,False,0.5924935807142857,27.712921,43.051186571428566
26.6,60.189187380120934,33.58918738012093,False,0.0277481900666666,24.707338533333328,24.479459666666667
789.175,784.4847357646393,4.690264235360701,False,0.5945410246666665,32.61264433333333,53.1639342
799.4125,771.4413255507143,27.97117444928574,False,0.580431214,30.313747133333337,55.357067933333326
219.7125,220.8703767290039,1.1578767290039025,False,0.1566565473333333,22.7777608,26.293044066666663
849.2375,804.5157723887519,44.72172761124807,False,0.6136754333333333,28.123655266666663,48.692805666666665
410.2142857,407.96932971695674,2.244955983043269,False,0.3029486386666666,23.706215533333328,33.3340642
417.975,416.50016190490106,1.47483809509896,False,0.3026864813333333,31.6578208,43.54560113333334
451.5857143,408.80119825796686,42.78451604203315,False,0.3038333933333333,26.13088566666667,34.19353846666667
602.625,579.2243472059806,23.40065279401938,False,0.4341309313333333,26.98462526666667,43.369055266666656
794.6285714,747.0367511904079,47.59182020959213,False,0.5722872473333334,26.1179402,42.4683164
152.4142857,158.81894038232608,6.404654682326083,False,0.1090379683333333,22.45271393333333,23.1112346
336.1142857,321.5338150103841,14.580470689615879,False,0.2345097293333333,23.751955,31.084741200000003
12.525,37.55352770669893,25.02852770669893,False,0.0117904483199999,23.21604600000001,21.406390466666668
809.0571429,1131.3683497574498,322.31120685744975,True,0.8758627453333333,30.8515666,55.29098946666667
129.5125,142.2735838172807,12.761083817280706,False,0.0878115582857142,32.85124421428571,34.75786921428571
661.8428571,636.7566511786891,25.086205921310807,False,0.4835685933333334,24.37939666666667,40.127750600000006
922.0857143,937.5544708072392,15.468756507239277,False,0.7201458673333331,27.95082393333333,51.054569666666666
950.0875,920.7839665232979,29.303533476702114,False,0.7094795186666665,27.40871386666667,47.941766400000006
235.1571429,251.19919340263598,16.042050502635988,False,0.1755969835714285,31.90710457142857,35.77269607142857
717.925,900.7627414996708,182.83774149967087,True,0.6823728553333333,32.626951000000005,60.1761166
117.5,140.83082620524783,23.33082620524783,False,0.08716189,33.03212220000001,34.3384004
372.3625,354.4658380132173,17.896661986782703,False,0.2610877493333334,24.041337,31.60524686666667
606.9571429,695.6568581560009,88.6997152560009,False,0.5257635171428571,29.282915285714285,47.94010285714285
3.7375,31.388675488302656,27.651175488302655,False,0.0038019427373333,27.8907064,26.16618666666667
1279.514286,1332.079860162807,52.565574162807025,False,1.033489496666667,30.12836306666667,61.4558144
1063.057143,1028.7319753491392,34.32516765086075,False,0.7916552700000001,31.304307266666665,55.53702406666668
809.05,771.4413255507143,37.60867444928567,False,0.580431214,30.313747133333337,55.357067933333326
415.6333333,391.30089331846847,24.332439981531536,False,0.283390025,28.08173375,40.725124125
1084.6125,1023.2356982329202,61.37680176707977,False,0.7895503819999999,30.58775246666667,52.985744666666655
477.1571429,453.13717531852586,24.019967581474134,False,0.3413168086666666,23.40423586666667,31.958345733333328
179.2714286,174.12367684507362,5.147751754926389,False,0.1180922946666666,23.50864866666667,26.8290996
977.775,942.730092325041,35.04490767495895,False,0.73095554,28.27815892857143,45.06816992857143
1102.0375,973.1909881862638,128.84651181373613,False,0.7482029,28.900441466666667,52.5498042
110.1875,126.75172207597008,16.56422207597008,False,0.0836293638666666,21.591829466666663,21.91393233333333
40.08571429,59.364396205089655,19.278681915089656,False,0.0307983313333333,21.681390466666667,19.693007533333333
585.4428571,519.7338821668968,65.70897493310315,False,0.3919119666666666,26.019221933333327,36.83065146666666
198.3625,188.78823628472446,9.57426371527555,False,0.1274455812,26.798168933333333,30.744077466666667
169.7571429,193.6838998527957,23.9267569527957,False,0.1333380648,23.458431066666662,27.546588133333334
1140.575,1174.3912834777602,33.81628347776018,False,0.90865983,32.250663066666675,58.209017133333326
1102.425,1064.9088319419152,37.51616805808476,False,0.8330450946666667,26.533363733333328,42.528473
735.9,919.9032985507475,184.00329855074756,True,0.7052639533333332,30.716996333333327,52.6329488
157.7714286,161.64743065151072,3.87600205151071,False,0.1112899762666666,24.041567200000003,23.861043266666663
540.1857143,512.5983942134211,27.58732008657887,False,0.3905848053333332,24.471148666666664,31.939571
1173.4625,1146.1363385969357,27.32616140306436,False,0.8893022273333333,29.873128133333328,53.62572206666666
293.2285714,474.0542231716374,180.82565177163735,True,0.3448840357142857,27.98836207142857,46.6177065
878.3625,869.4544420437114,8.90805795628853,False,0.666398724,27.668807,48.98255793333334
133.5142857,155.68771378986162,22.17342808986163,False,0.1083668231333333,21.7675536,21.045220800000003
672.775,654.1348238560741,18.640176143925828,False,0.4934305533333333,29.6892496,46.51825533333333
387.575,412.72764613544155,25.152646135441557,False,0.3052764092857143,30.771809071428567,37.85851378571428
98.7625,122.55299582888875,23.79049582888875,False,0.0699064925333333,32.083526600000006,36.04578060000001
65.27142857,86.49242802156651,21.220999451566513,False,0.0467072187333333,27.548073266666663,28.141593400000005
584.3857143,556.617976315693,27.76773798430702,False,0.41958991,26.297007333333337,39.343784466666655
103.6285714,162.89584144546126,59.26727004546126,False,0.1089596830666666,25.95564166666666,27.818965666666667
35.87142857,59.86771238161338,23.99628381161338,False,0.0276320394666666,25.138563999999995,24.528363066666664
96.0,107.74054797069468,11.740547970694678,False,0.067908889,21.957159333333333,22.195896266666672
124.4285714,129.07846213382533,4.64989073382533,False,0.0816072844666666,25.334818533333337,27.200339666666668
8.142857143,37.80767524630827,29.66481810330827,False,0.0086745569666666,26.31346433333333,25.84845173333333
445.9125,431.5255083546808,14.386991645319199,False,0.3174531373333333,28.617018666666667,39.946699866666656
369.6375,388.4509777421012,18.813477742101213,False,0.2869888493333333,28.329986466666664,35.2929974
108.8142857,121.48484332525304,12.67055762525304,False,0.0792696434666666,22.13967073333333,22.189410333333328
743.7714286,741.1913752354343,2.5800533645657424,False,0.5593601680000001,32.37420473333333,52.76566173333333
241.3,827.5045265402022,586.2045265402021,True,0.63854485,27.87740473333333,42.96753940000001
1098.6875,1067.2657443685325,31.421755631467477,False,0.828218792857143,29.31660471428572,50.0400065
1274.1625,1246.3065078870331,27.85599211296676,False,0.966907858,30.96598713333333,58.3223184
714.5625,651.3849628614234,63.177537138576554,False,0.4960136759999999,26.57368573333333,40.655814933333325
774.5875,740.3249636459128,34.26253635408716,False,0.563158282,29.738852999999995,47.4182232
320.3625,344.60262376246055,24.24012376246054,False,0.2491690678571428,28.989379857142858,37.32118635714286
262.9857143,279.05979924608306,16.074084946083076,False,0.2028929653333333,24.3116068,28.332320066666668
988.2857143,1004.0551780123536,15.769463712353627,False,0.7729503573333332,30.39099113333333,53.7158892
58.61428571,82.46856945868225,23.854283748682256,False,0.042321342,29.846213866666663,30.149639866666664
905.5285714,777.3146418946544,128.21392950534562,False,0.6002171826666667,27.568512066666667,40.19833379999999
231.0142857,256.88451864709566,25.870232947095673,False,0.18606803,22.7113486,26.3737446
1152.914286,1191.3894048595962,38.47511885959625,False,0.922471946,27.280598866666665,56.17617786666667
123.1375,139.88741930623712,16.749919306237118,False,0.0869776312666666,29.13962606666667,32.1050026
1263.2875,1296.8557898115864,33.56828981158651,False,1.00650392,28.884908,59.149143266666655
995.35,1071.3452100761392,75.99521007613919,False,0.8295752813333332,29.420182333333333,51.9404828
277.0571429,272.86400039321626,4.193142506783715,False,0.196718574,23.2902242,28.91189793333333
629.0125,563.813035134221,65.19946486577908,False,0.4262345726666666,25.92304106666667,38.486489133333336
123.4875,130.87558140680522,7.388081406805227,False,0.086237195,24.0184102,23.685199
962.6428571,1006.8333001662262,44.19044306622618,False,0.776912684,30.26233913333333,52.088154933333335
489.75,501.29192707970014,11.541927079700145,False,0.3787024119999999,25.0617614,34.63271466666667
204.5714286,200.4573768423386,4.1140517576614,False,0.141257299,23.249164,25.248394733333328
747.0857143,668.4155253677465,78.6701889322535,False,0.5092201013333332,30.24165666666667,42.94891766666666
724.8428571,671.2039344300028,53.6389226699971,False,0.507273356,27.061141066666668,45.5239648
553.0375,524.5791510858235,28.458348914176554,False,0.396035358,24.447705066666664,36.010386000000004
413.025,427.02621675794666,14.001216757946679,False,0.319270414,23.30529986666667,32.51050999999999
648.6142857,619.892871831897,28.721413868103014,False,0.47398864,25.693823266666666,36.7325926
0.0,42.97491941191008,42.97491941191008,False,0.0123415255071428,28.737601,27.42860421428572
662.3142857,725.6192485837859,63.304962883785834,False,0.5448555493333334,31.578393466666665,54.042319733333336
420.5166667,495.46919056281047,74.9525238628105,False,0.3612557564285714,32.97901057142858,49.883756
259.75,249.2749838257635,10.475016174236487,False,0.1760581826666666,26.31139526666667,31.449766266666668
587.45,536.081786006983,51.36821399301709,False,0.4067895253333334,23.993477333333328,34.5792848
450.3125,431.5255083546808,18.786991645319176,False,0.3174531373333333,28.617018666666667,39.946699866666656
27.8125,53.75529312862084,25.942793128620842,False,0.0212870691999999,27.727758666666663,26.892470266666667
933.4,1023.2356982329202,89.83569823292021,False,0.7895503819999999,30.58775246666667,52.985744666666655
0.0,22.795785621025487,22.795785621025487,False,0.0008254361254,22.401477000000003,19.994679733333328
686.6428571,591.8507034782721,94.79215362172795,False,0.4508577206666666,26.236733,37.096722333333325
1147.785714,1154.1031641093746,6.317450109374477,False,0.8971673586666666,28.4727662,51.776054
332.1,298.65688516367675,33.443114836323275,False,0.2161607053333333,27.53361213333333,32.33926173333334
284.9571429,289.54979289694774,4.592649996947728,False,0.2062544126666666,25.02677213333333,33.531537
176.5375,183.09970573439196,6.562205734391966,False,0.1246440646428571,23.5459355,27.599182000000003
550.7857143,525.989833256974,24.795881043026043,False,0.3964643046666666,28.2338074,38.32697326666667
101.8,117.33053111004052,15.530531110040528,False,0.0712777123333333,25.6701172,27.996036799999995
1110.7,1129.1193491575882,18.419349157588158,False,0.870920262,31.451491266666668,58.442191666666666
748.2571429,718.9270680466396,29.330074853360316,False,0.5521471146666667,26.016273933333327,39.71077913333334
66.61428571,89.93659742830059,23.322311718300583,False,0.0509346373333333,25.624135333333328,25.999684533333333
814.225,829.049499092203,14.824499092202927,False,0.6370887293333334,28.375455666666667,45.72413726666667
0.0,22.633458699109426,22.633458699109426,False,0.0001221914806666,20.751308333333327,19.813110266666666
545.5714286,508.9056725701201,36.6657560298799,False,0.3822117121428572,27.89843528571428,38.410527071428575
183.3857143,203.09412799070898,19.708413690708994,False,0.1419404433333333,24.5373984,27.185652866666665
46.32857143,62.172862773200066,15.84429134320007,False,0.0316197704666666,22.0364666,21.229018066666665
117.6857143,128.99259834784613,11.306884047846125,False,0.0795873111333333,31.300166866666668,31.599767866666667
840.8625,805.9341470664344,34.92835293356552,False,0.611296238,31.9529074,53.654715866666656
685.1142857,729.9895329833571,44.87524728335711,False,0.5583109086666667,25.4833456,42.19290773333333
402.9,439.45812807941434,36.55812807941436,False,0.330588588,24.91252433333333,32.155680466666674
766.6428571,715.9099576895629,50.732899410437085,False,0.5478691779999999,27.2929586,41.94669766666666
800.325,724.776961468218,75.54803853178203,False,0.5591777066666666,25.460363866666665,37.3852784
559.0375,584.8924274211105,25.85492742111046,False,0.4418567756666667,29.92045486666667,41.76569859999999
0.0,1560.1519534696426,1560.1519534696426,True,1.2216518466666668,27.848915600000005,59.386079333333335
673.3285714,682.684082839339,9.355511439339011,False,0.5205082880000002,26.137734,41.55750153333333
618.4125,570.7393604265471,47.673139573452886,False,0.428165058,26.57203993333333,42.26560886666665
45.87142857,67.46120611180771,21.589777541807713,False,0.0350118484,22.081197066666665,22.1293234
1036.5625,887.5962480424546,148.9662519575454,False,0.6853178500000001,28.499033466666667,45.56717713333333
616.1428571,628.2183258939928,12.07546879399274,False,0.468398362,32.574084400000004,51.29624213333333
442.9857143,453.41195390585546,10.426239605855471,False,0.3412023106666666,24.221519,32.6289328
524.2428571,478.5124601411422,45.73039695885785,False,0.35931397,24.37688393333333,35.00016073333333
1306.214286,1303.3554543074956,2.858831692504282,False,1.0166871813333331,29.6048524,54.930332333333325
830.25,763.4304529364737,66.81954706352633,False,0.58660541,28.766581200000005,42.79567873333334
525.725,430.7027657388421,95.0222342611579,False,0.3283600913333332,23.833673,27.06917933333333
763.85,769.679352026158,5.829352026157949,False,0.5895070206666666,25.810009866666668,43.5907308
527.5875,484.2361842640892,43.35131573591076,False,0.3633331566666667,26.5449136,36.56665873333333
984.975,944.8078092922971,40.16719070770296,False,0.725001628,30.0071574,52.9624858
1028.425,971.0700550735435,57.35494492645648,False,0.7472785953333334,27.397644133333333,51.1395304
441.5375,387.45406249612967,54.08343750387036,False,0.286548186,24.4268352,33.25334266666667
313.3428571,337.2367128611615,23.89385576116149,False,0.2442546013333333,28.939170133333327,36.249540200000006
412.7875,453.72129341243925,40.93379341243923,False,0.3312335933333333,32.9282166,45.9347556
43.27142857,63.652557090138465,20.381128520138468,False,0.0331196089333333,21.563067533333328,20.756795266666668
207.3875,184.9430800391801,22.444419960819886,False,0.1306238946666666,23.6877706,23.490259000000005
59.61428571,78.60953860417666,18.995252894176666,False,0.0419395646666666,24.130348733333328,25.080924533333327
481.4142857,494.35388488857285,12.939599188572856,False,0.3727364353333333,26.23174233333333,35.39754653333333
1211.5,1142.3213761281227,69.17862387187733,False,0.8870374373333332,28.487312733333336,52.2207926
865.7125,803.8290535262431,61.88344647375686,False,0.6172084186666666,26.939325000000004,44.3578572
77.95,104.34390296153823,26.39390296153823,False,0.0601320612666666,28.524298066666667,29.694879200000003
571.2285714,560.4415909748004,10.786980425199545,False,0.423149908,28.2263,39.781593666666666
636.7625,665.7775964373202,29.015096437320153,False,0.507318458,26.156099266666665,40.93814893333334
0.0,26.445291151240855,26.445291151240855,False,0.0028424610064285,21.69549992857143,20.599559285714285
893.475,664.5867527314551,228.8882472685449,True,0.5060438120000001,29.012854,42.45200799999999
113.8428571,131.0246504411605,17.1817933411605,False,0.0826623008571428,25.69048421428572,27.85878635714285
674.375,697.3215016288108,22.94650162881078,False,0.5286599566666667,33.26259353333333,48.231889
505.1142857,492.5054607644364,12.608824935563575,False,0.3698281293333333,25.16537493333333,36.236173666666666
112.1625,123.21842940321845,11.055929403218457,False,0.0805502275333333,21.672629800000003,22.11884373333333
359.0625,386.95122337748694,27.88872337748694,False,0.286518426,27.39092606666667,34.17826959999999
354.0,328.8407969914858,25.159203008514226,False,0.2427383993333333,23.899300266666664,29.06023366666667
384.9285714,407.428469179306,22.499897779305968,False,0.2978837853333333,31.88587833333333,41.18470279999999
338.9285714,432.06812319412313,93.13955179412312,False,0.3150899026666667,34.02411533333334,44.905969266666666
17.57142857,41.6325683714859,24.061139801485904,False,0.0141838213333333,22.654567466666663,22.05121253333333
79.98571429,93.50794890035368,13.522234610353678,False,0.0565229884,22.34989833333333,22.100982666666667
738.3,705.183030643493,33.11696935650696,False,0.5345009864285714,32.24326421428572,48.35548621428571
791.1142857,697.0095423535328,94.10474334646722,False,0.5306936493333334,29.60315553333333,44.5125144
163.2142857,166.8998583903024,3.6855726903023935,False,0.1109690122,26.434037266666667,29.21453033333333
523.4375,445.0624443240102,78.37505567598981,False,0.3370152366666666,24.808402466666667,30.401300066666664
27.275,54.475296528157784,27.200296528157786,False,0.0224368066666666,25.2186848,25.28525993333333
77.68571429,92.76743922761118,15.08172493761117,False,0.0563336587333333,22.062723666666667,21.586832733333328
765.5,752.8002613436814,12.699738656318573,False,0.5768498564285715,26.306878285714287,42.7021635
285.8857143,272.86400039321626,13.02171390678376,False,0.196718574,23.2902242,28.91189793333333
858.8428571,928.163104303932,69.32024720393201,False,0.7167022733333334,28.98237106666667,47.528133
945.2125,935.7526947613189,9.459805238681042,False,0.718821216,28.941943333333327,51.34074066666668
630.6428571,575.1945325397085,55.44832456029155,False,0.4341641846666666,27.51463213333333,40.48357553333333
447.675,407.1532844061188,40.5217155938812,False,0.3015704806666667,30.709979333333337,37.02485793333333
1245.075,1259.3038688156894,14.228868815689339,False,0.9758267626666666,31.85976966666667,60.33080693333334
456.1125,414.80485204952595,41.30764795047406,False,0.3048436553333333,28.30766193333333,38.786185733333326
848.2,642.68416763794,205.51583236206,True,0.485598238,32.6603392,46.35074433333333
107.6142857,120.6585571052066,13.044271405206601,False,0.0770268140666666,22.915026866666665,23.98563853333333
642.0714286,752.8002613436814,110.72883274368144,False,0.5768498564285715,26.306878285714287,42.7021635
608.2875,577.1196554078344,31.16784459216558,False,0.4392469226666666,25.790447933333336,36.467413466666656
892.525,878.1771064775996,14.34789352240034,False,0.6737647459999999,28.074165800000003,48.958026200000006
1158.271429,1182.3190748523234,24.047645852323512,False,0.917253122,31.41328526666667,55.89338740000001
1168.7875,689.0288478518945,479.7586521481054,True,0.5205349913333333,28.0176412,47.200712266666656
470.2625,463.565870847889,6.696629152110972,False,0.344954196,34.35660993333333,41.28059066666666
959.4857143,966.2564401446559,6.770725844655885,False,0.7428897426666667,33.727413,54.2896504
984.55,972.3975679039854,12.152432096014536,False,0.7516814453333333,28.077587800000003,48.34034806666667
284.5,303.741860312209,19.241860312208985,False,0.21446764,32.816959600000004,40.0954304
651.5125,602.6825499225574,48.82995007744262,False,0.4579382833333333,28.995208666666663,39.9702698
822.5857143,830.0946541839619,7.5089398839619435,False,0.6382544986666667,27.6148946,45.10698460000001
641.5,763.7693560063642,122.2693560063642,False,0.5831875886666666,27.40662013333333,45.656620466666666
497.2857143,431.49304747142315,65.79266682857684,False,0.325346652,25.97744133333333,31.4134398
1083.8625,1037.451291417321,46.41120858267891,False,0.7931582364285715,33.08275935714286,61.57563135714286
131.5142857,126.28015061709318,5.234135082906803,False,0.0832185890666666,23.51573693333333,22.768512
200.5142857,187.88212190959368,12.63216379040631,False,0.1302281486666666,22.53172193333333,25.608616266666665
140.4,156.79643837293477,16.396438372934767,False,0.1069960559333333,23.29249893333333,23.8324564
554.9571429,561.7954753775446,6.838332477544554,False,0.4222147773333333,25.806608266666668,40.64385373333334
121.125,139.2270298353742,18.102029835374196,False,0.0888713367333333,25.933880733333336,28.44586786666666
1023.0,1006.6885834957752,16.31141650422478,False,0.7802876913333333,30.08868206666667,48.752494133333336
900.5285714,1042.9195231781164,142.39095177811635,False,0.807332034,29.914223333333336,51.16156006666666
434.8285714,407.1669608404238,27.66161055957616,False,0.3022549713333332,27.5691588,35.038138866666664
210.675,206.53508099555216,4.139919004447847,False,0.1418597668571428,27.56227564285714,31.202229142857146
713.9428571,671.7464316365539,42.196425463446076,False,0.5078556253333332,30.276324400000004,46.78619793333333
0.0,861.4391641904191,861.4391641904191,True,0.6577993407142857,30.526469571428567,52.11067421428572
3.6,30.906320279336928,27.306320279336926,False,0.0058869571866666,24.088446066666663,22.2067566
798.9142857,899.894185103564,100.97989940356399,False,0.6880469099999998,29.854372133333328,53.01691526666667
748.35,723.6240010067685,24.725998993231542,False,0.5473548466666667,29.9082072,49.460659
401.6285714,407.428469179306,5.799897779305979,False,0.2978837853333333,31.88587833333333,41.18470279999999
10.85714286,38.8437262249211,27.9865833649211,False,0.0123497075333333,22.79481626666667,21.689546733333334
878.9375,872.6040178364915,6.333482163508506,False,0.67195934,27.677307066666668,46.2067344
5.185714286,30.61122283609308,25.42550855009308,False,0.0066135848333333,21.8664428,20.341811066666665
489.7285714,479.8873708645758,9.841200535424207,False,0.3585062726666666,25.26090906666667,37.18839533333334
1216.728571,1327.7770784247655,111.04850742476538,False,1.0379223366666668,26.655895933333333,52.52440386666667
10.85,30.64795369790475,19.797953697904752,False,0.0083566124785714,21.28513,18.49177971428572
525.4571429,478.5124601411422,46.94468275885782,False,0.35931397,24.37688393333333,35.00016073333333
492.2142857,451.3438184750977,40.87046722490231,False,0.3381332306666667,24.68842373333333,34.1126014
219.0142857,221.6722339152893,2.6579482152893092,False,0.1544666584,26.0342224,30.358787133333337
393.1428571,393.700306803184,0.5574497031839769,False,0.2833920893333333,29.42465813333333,43.14005753333333
42.875,64.72592320846319,21.850923208463186,False,0.0307901562666666,25.250388666666662,25.3468934
315.7875,386.0054573012233,70.2179573012233,False,0.291636115,23.072224285714285,26.810551285714286
222.8142857,227.54798180742125,4.7336961074212525,False,0.1562854073333333,30.2077474,34.96258519999999
693.7875,717.3058154944429,23.518315494442845,False,0.5470587466666667,28.524460866666665,44.30379226666666
603.75,541.7265192843435,62.02348071565655,False,0.4082271193333333,27.087241533333334,38.89504786666667
842.6714286,822.2032407179071,20.468187882092934,False,0.6257630746666667,29.9443218,51.73378113333333
722.4714286,736.3421680191809,13.87073941918095,False,0.561811632,27.030932600000003,44.45619293333334
417.0125,389.8430015336602,27.169498466339803,False,0.28833439,26.587683066666667,34.3489056
0.0,23.505350845065124,23.505350845065124,False,0.0002446326267021,22.18672828571429,20.98682278571429
820.3857143,697.3215016288108,123.06421267118924,False,0.5286599566666667,33.26259353333333,48.231889
167.3857143,182.19919150870203,14.81347720870204,False,0.1235097679333333,26.824678533333337,29.386724733333327
265.9285714,263.0471298214991,2.881441578500926,False,0.1886549799999999,24.80741786666666,29.581636466666662
619.1857143,599.4731447093856,19.712569590614407,False,0.4540012586666666,25.058563266666663,39.48617746666665
669.6428571,640.3082492093787,29.334607890621328,False,0.483302472,27.63629753333333,44.50241260000001
831.525,919.9032985507475,88.37829855074756,False,0.7052639533333332,30.716996333333327,52.6329488
136.0375,136.07909835616096,0.04159835616096075,False,0.0869533126666666,25.648555266666666,27.703678333333333
707.8,780.9535486923985,73.15354869239854,False,0.5976702813333334,30.8700052,46.78769106666667
1303.371429,1330.6879928128292,27.316563812829145,False,1.0318606821428573,30.824835714285715,62.21209042857143
165.9,215.61559111121747,49.71559111121746,False,0.1536853939999999,24.416684866666667,25.753737399999995
436.7,387.45406249612967,49.24593750387032,False,0.286548186,24.4268352,33.25334266666667
639.7571429,601.3292657864025,38.42787711359745,False,0.4552512326666666,28.7726258,41.34621800000001
93.14285714,108.16142241456038,15.018565274560373,False,0.0652585639285714,24.17417021428572,25.95027171428572
13.8375,37.31224508607173,23.474745086071728,False,0.0129515775266666,21.290627133333327,19.30538333333333
698.0,667.4448427295666,30.55515727043337,False,0.5080059100000001,26.6344054,41.77922546666666
255.825,237.07275564470598,18.75224435529401,False,0.1688907413333333,22.849924866666672,27.304630533333327
1162.5,1199.4052473028246,36.90524730282459,False,0.9274572886666668,31.7778442,59.602299333333335
745.025,700.6623384670874,44.362661532912625,False,0.5342788213333333,26.066546666666667,42.4321838
1004.214286,1028.7319753491392,24.517689349139232,False,0.7916552700000001,31.304307266666665,55.53702406666668
266.15,282.5356762382801,16.385676238280098,False,0.2018936086666666,30.203381266666668,34.472900466666665
1139.525,1150.8826206447538,11.357620644753752,False,0.8936614913333333,34.13076993333335,55.030613
1134.171429,1126.6361780747106,7.535250925289347,False,0.873090314,29.520699200000003,53.681734000000006
1168.842857,1052.1811187385547,116.66173826144541,False,0.8122406413333334,31.2210448,54.23274553333334
906.9857143,815.4791969458834,91.50651735411668,False,0.6239884299999999,26.3615418,46.695184266666665
808.5428571,742.3044765903151,66.23838050968493,False,0.562169516,29.9996884,49.968572866666655
525.1,529.0938971534787,3.993897153478656,False,0.3971458206666666,29.8809834,40.778582533333335
755.8,696.7171021948748,59.082897805125185,False,0.5304860364285712,29.360011642857145,44.37733914285714
375.05,338.01690623138984,37.03309376861017,False,0.2425447946666666,32.82929440000001,40.124707066666666
0.0,26.932989782290438,26.932989782290438,False,0.0033814346733333,20.89739573333333,20.124570866666662
1170.3,1178.6761320658734,8.376132065873435,False,0.906359092,31.226418066666668,63.19209206666668
543.7285714,530.579805772116,13.148765627884018,False,0.402276302,24.833713600000003,34.94457799999999
568.7714286,487.8324155557985,80.93901304420154,False,0.3664925886666666,25.031361933333333,35.71532393333333
459.6857143,407.22082744405617,52.4648868559438,False,0.304070602,24.9230428,32.240460133333336
761.2428571,713.8810558125601,47.3618012874399,False,0.5404251285714285,30.376898714285712,48.67528185714285
374.2375,393.700306803184,19.46280680318398,False,0.2833920893333333,29.42465813333333,43.14005753333333
609.625,598.9785771687644,10.646422831235554,False,0.4515764164285714,33.265648642857144,44.920237928571424
877.6857143,927.2808336870776,49.5951193870776,False,0.7097949053333333,30.076267400000003,53.77259313333333
689.275,567.4355922991169,121.83940770088304,False,0.4304919446666666,26.519590333333333,37.54320873333334
800.675,784.4847357646393,16.1902642353607,False,0.5945410246666665,32.61264433333333,53.1639342
1079.9375,861.4391641904191,218.4983358095809,True,0.6577993407142857,30.526469571428567,52.11067421428572
925.525,837.8570024441432,87.6679975558568,False,0.631655037142857,31.4721985,58.874195642857146
662.325,598.5191172273946,63.8058827726054,False,0.4543548386666667,25.957446399999995,38.814910666666655
588.0625,567.8315934170828,20.230906582917214,False,0.4285554833333333,27.74402266666667,40.183040466666654
9.157142857,30.64795369790475,21.49081084090475,False,0.0083566124785714,21.28513,18.49177971428572
640.85,597.6488401539849,43.201159846015116,False,0.4497933986666666,27.1061442,42.90284833333333
467.4571429,434.54328070263506,32.91386219736495,False,0.3180874907142857,32.0070125,43.13004007142857
1278.2625,1299.022729872198,20.760229872197897,False,1.0082438753333332,32.9157552,60.926743466666665
317.8714286,344.8173934851652,26.94596488516521,False,0.250397254,29.425960266666667,36.528108333333336
65.8375,68.95327176097453,3.115771760974525,False,0.0381347714,21.863590533333333,20.2624066
411.325,392.76675343995595,18.55824656004404,False,0.2930501007142857,26.6105695,32.19503142857143
597.025,615.4994805711788,18.474480571178788,False,0.4645947773333333,30.492716666666663,44.21325053333334
788.05,822.3135179019612,34.26351790196122,False,0.6302828366666666,26.186218200000003,45.974644000000005
599.8142857,582.8002857512738,17.013999948726223,False,0.435684946,31.42362873333333,46.57489593333333
947.5285714,898.2978733255638,49.23069807443619,False,0.693143726,27.63543293333333,46.078991866666655
545.2714286,513.5894177765385,31.682010823461496,False,0.386892012,26.1215332,36.85808506666665
71.4875,85.03610539697593,13.54860539697593,False,0.0506818596,22.841064466666666,21.282033466666665
647.2571429,604.8022344855356,42.4549084144644,False,0.46019857,25.76177973333333,38.08438906666666
323.3625,298.65688516367675,24.705614836323264,False,0.2161607053333333,27.53361213333333,32.33926173333334
100.775,118.04511430451169,17.27011430451168,False,0.0729025029333333,26.144761066666668,27.2317426
282.675,280.9291072331115,1.7458927668885167,False,0.2016386213333333,25.41951306666667,31.412544733333327
1188.4125,1196.5683127026282,8.155812702628282,False,0.9342755213333332,27.7742168,49.33662146666668
0.0,25.87995765141182,25.87995765141182,False,4.9854124400000006e-05,27.1471252,25.1309936
254.7285714,266.8719812081834,12.143409808183407,False,0.1884618071428571,25.14924185714285,32.83658064285714
572.0375,543.3960689464546,28.641431053545375,False,0.410816618,25.405088333333328,37.028379066666666
1105.428571,1348.164900018091,242.73632901809106,True,1.0477749826666665,30.58406566666667,60.62906306666667
667.6857143,709.5819199941512,41.89620569415126,False,0.5426874133333333,27.585662733333333,42.06701466666666
913.9714286,881.8029706080101,32.16845799198984,False,0.6678877380000001,31.10980833333333,58.53033853333333
177.9714286,215.7484400724495,37.777011472449516,False,0.1542123409333333,24.711029066666665,25.490907733333334
523.7625,520.0248940912186,3.737605908781461,False,0.3901906573333333,28.54629326666667,39.752722466666654
312.8285714,314.17174517439804,1.3431737743980534,False,0.223404308,31.29693813333333,39.07873533333333
664.5,752.2841670674204,87.78416706742041,False,0.5722834766666666,28.768912733333337,47.633738
1141.871429,1243.6880404718322,101.81661147183218,False,0.9661854566666668,30.521348066666665,56.80053313333334
893.7857143,875.4260507554828,18.35966354451716,False,0.673311722,28.309356666666663,47.377396733333335
56.48571429,81.30770077984947,24.821986489849472,False,0.0412472248571428,29.02422,29.90827521428572
662.6,593.8511700449745,68.74882995502549,False,0.4500676046666667,29.785141866666667,40.8995442
1189.9,1241.1965411451256,51.2965411451255,False,0.9654513833333332,30.398728400000003,55.526068
443.08,629.6151416610079,186.5351416610079,True,0.466788824,34.08138426666667,54.51913673333334
936.7125,902.1033127957713,34.60918720422865,False,0.6939978406666665,27.173240066666672,47.9939452
791.5875,721.3951814573019,70.1923185426981,False,0.5518808986666666,27.567753066666665,42.5188598
521.9625,446.99768887407464,74.96481112592534,False,0.3341347466666667,24.80515553333333,34.56906553333334
41.7875,64.31012154612495,22.522621546124945,False,0.0293719444666666,28.658781133333328,27.826387666666665
985.2625,1144.902516432579,159.64001643257893,False,0.8942029785714286,29.023849428571427,47.74052392857144
357.2857143,358.22314684355473,0.9374325435547348,False,0.260346758,33.86159653333333,39.419075933333325
862.2142857,804.5157723887519,57.69851331124812,False,0.6136754333333333,28.123655266666663,48.692805666666665
935.2375,989.3158957635424,54.0783957635424,False,0.7605472914285714,31.882248142857144,54.65764728571429
893.8714286,817.6344455982372,76.23698300176272,False,0.62916335,30.049153666666665,45.10961906666667
770.8714286,881.8789571311155,111.00752853111555,False,0.6764482221428572,26.82428842857143,48.745747214285714
194.2,212.5383927887202,18.3383927887202,False,0.1451273186666666,30.171648933333334,33.8750304
710.3857143,670.7317887844216,39.65392551557841,False,0.5104950893333333,27.5968486,42.3875894
1101.985714,943.9010307499991,158.0846832500008,False,0.7235343293333333,29.207837,53.292307533333336
834.3428571,773.2727435581668,61.070113541833166,False,0.5889013319999999,29.55849613333333,48.52688860000001
341.8375,326.9638236126771,14.87367638732286,False,0.238490188,27.34741213333333,33.07997246666667
853.6714286,767.5619909572741,86.10943764272588,False,0.5838647386666667,31.617256666666663,49.747872
1186.225,943.9010307499991,242.3239692500008,True,0.7235343293333333,29.207837,53.292307533333336
620.075,549.2247960035173,70.85020399648272,False,0.4148831933333333,25.215167266666665,37.6112162
817.1428571,771.9081820126487,45.23467508735132,False,0.5920114606666667,24.389473466666665,42.34455979999999
388.0285714,353.89522067638103,34.133350723618946,False,0.2588894479999999,24.185119466666663,33.2824116
432.0142857,408.80119825796686,23.213087442033157,False,0.3038333933333333,26.13088566666667,34.19353846666667
689.425,736.3421680191809,46.91716801918096,False,0.561811632,27.030932600000003,44.45619293333334
618.0875,624.1600043560584,6.072504356058403,False,0.472579002,26.7760782,41.781502133333326
839.15,988.2007008044201,149.0507008044201,False,0.760303092142857,34.09684771428572,54.98997742857143
66.7625,87.12856163213178,20.366061632131775,False,0.0525060624,22.413663666666665,20.99587586666667
500.75,438.88349576500946,61.86650423499054,False,0.3182395246666667,29.198299066666667,45.0946062
243.0142857,256.431569421386,13.417283721385985,False,0.1812308813333333,26.773728333333327,32.29846993333332
171.05,167.4576443309663,3.592355669033708,False,0.112813087,23.8746256,26.81340946666667
570.3428571,499.5453857811454,70.79747131885455,False,0.3750224913333333,25.47613733333333,36.90983686666667
798.8142857,706.366602929121,92.44768277087906,False,0.5412059773333334,27.450107666666668,40.93057693333333
897.4428571,892.0914408051012,5.3514162948987405,False,0.6855142546666666,28.9166118,49.0042542
38.35,63.38987971901672,25.039879719016717,False,0.0297671323333333,25.3053914,25.30308846666667
910.3142857,828.4120018828683,81.90228381713177,False,0.6383058133333332,27.16000973333333,43.574774533333326
141.5875,148.29344851793974,6.705948517939731,False,0.0971864702,26.33208213333333,27.7955018
0.0,29.7119058986563,29.7119058986563,False,0.0020025813973333,28.03802473333333,26.626117
1117.025,1012.4423406944434,104.58265930555672,False,0.7764669535714287,31.723678357142852,57.42826607142857
1093.5,1046.3009564383806,47.19904356161942,False,0.8091504293333334,28.752504466666664,51.54958113333333
594.8333333,633.4188019862695,38.58546868626945,False,0.480327483076923,28.47627846153846,42.37028861538461
773.8428571,694.481976627368,79.36088047263195,False,0.5315657121428571,26.492523071428568,40.41920307142857
648.3285714,661.971381550652,13.642810150652053,False,0.5047311078571429,25.73379057142857,40.25765564285714
954.0714286,957.045583462608,2.974154862607975,False,0.740527077142857,27.75967185714285,46.865433142857135
904.3142857,855.366718487959,48.94756721204101,False,0.6525659726666667,32.07957366666666,53.019840733333325
879.6,845.9810109843442,33.61898901565587,False,0.6541221086666666,28.652787199999995,42.90342799999999
53.4875,82.46856945868225,28.981069458682256,False,0.042321342,29.846213866666663,30.149639866666664
213.925,220.8703767290039,6.945376729003897,False,0.1566565473333333,22.7777608,26.293044066666663
113.9428571,149.75180767599255,35.808950575992554,False,0.0959535507857142,27.676138642857143,30.6434
29.07142857,52.536077307794464,23.464648737794466,False,0.0214776268,25.545349066666663,24.837803066666662
692.7571429,702.9312133145686,10.174070414568632,False,0.5372297933333333,27.251393533333328,41.926712666666674
4.957142857,33.12872808449697,28.17158522749697,False,0.0064823013785714,24.523747071428573,23.540012857142862
939.775,996.1426888242871,56.36768882428714,False,0.7660080266666666,28.3790078,53.2701114
789.2,745.1207556991845,44.0792443008155,False,0.5639184546666666,27.5785664,49.444277133333344
337.6714286,330.4732176593908,7.198210940609215,False,0.2447378533333333,23.763501066666667,28.384606933333338
56.1625,778.2650069322217,722.1025069322217,True,0.5917694113333333,29.951885866666665,49.84045633333334
400.4875,418.049953766858,17.56245376685797,False,0.3057066466666666,32.32926846666666,42.2032632
366.3875,388.4509777421012,22.063477742101213,False,0.2869888493333333,28.329986466666664,35.2929974
319.5125,321.5689709925471,2.0564709925471334,False,0.2351156386666667,25.04675513333333,31.106146266666663
985.2125,1071.3452100761392,86.13271007613923,False,0.8295752813333332,29.420182333333333,51.9404828
843.2125,837.8570024441432,5.3554975558568,False,0.631655037142857,31.4721985,58.874195642857146
8.75,40.87606157269225,32.12606157269225,False,0.0104024432133333,27.792637066666668,27.22354733333333
98.8625,122.55299582888875,23.690495828888757,False,0.0699064925333333,32.083526600000006,36.04578060000001
913.0428571,899.894185103564,13.14867199643595,False,0.6880469099999998,29.854372133333328,53.01691526666667
0.0,24.146167845371806,24.146167845371806,False,0.0008405371983333,23.3181456,21.41036373333333
660.8625,779.2137456949874,118.35124569498748,False,0.5939330333333332,27.3424154,47.41862173333334
511.1285714,446.99768887407464,64.13088252592536,False,0.3341347466666667,24.80515553333333,34.56906553333334
773.0714286,694.481976627368,78.58945197263199,False,0.5315657121428571,26.492523071428568,40.41920307142857
137.3714286,156.28995966293417,18.918531062934164,False,0.1016916527999999,26.7447368,29.8884196
993.2285714,1129.1193491575882,135.89077775758824,False,0.870920262,31.451491266666668,58.442191666666666
863.8875,833.9936408959106,29.893859104089415,False,0.6428513106666667,26.3895486,43.27049353333333
945.3,927.2808336870776,18.01916631292238,False,0.7097949053333333,30.076267400000003,53.77259313333333
496.2375,447.44893695078497,48.78856304921504,False,0.331931245,26.8432725,37.85230385714286
700.6285714,707.0264401406225,6.397868740622471,False,0.5405936786666665,27.030969466666665,41.825665333333326
1072.6,1046.3009564383806,26.299043561619328,False,0.8091504293333334,28.752504466666664,51.54958113333333
387.0625,376.8232732807104,10.239226719289604,False,0.273557416,31.600370266666665,40.34497666666666
1147.4375,1047.3977503224673,100.03974967753265,False,0.812712094,26.824531933333333,48.231018133333336
424.4142857,390.68173870499277,33.732546995007226,False,0.2873007813333333,32.72800313333334,38.61097186666667
787.3,701.178100618015,86.12189938198492,False,0.537035125,25.09010971428572,39.83215985714286
5.2375,32.30539960836409,27.06789960836409,False,0.0047339318343333,27.510428933333333,25.833406533333328
499.9375,512.5983942134211,12.660894213421102,False,0.3905848053333332,24.471148666666664,31.939571
1057.957143,938.0149952123292,119.94214778767093,False,0.7297147092857142,27.000671500000003,42.06565842857143
1052.65,944.7042549409139,107.94574505908622,False,0.7343688020000001,25.898872933333333,42.364294333333326
182.3,222.65381660244438,40.35381660244437,False,0.161645104,22.15570466666667,22.733018
777.5875,751.679888546107,25.90761145389297,False,0.574561224,32.52462140000001,46.66986293333333
947.275,855.6268432034938,91.64815679650621,False,0.6613730869230768,26.13696276923077,42.4293093076923
433.7571429,407.1669608404238,26.590182059576193,False,0.3022549713333332,27.5691588,35.038138866666664
1149.125,1154.878743889425,5.753743889425095,False,0.8927997,32.26669699999999,58.0866006
836.8,818.3456864011935,18.454313598806493,False,0.630338126,28.982812333333328,44.096299066666674
1036.4125,935.7726628839956,100.63983711600429,False,0.7119324986666667,29.980607066666668,58.23431193333333
571.5285714,548.8775151516073,22.651056248392706,False,0.4147560933333333,25.266322866666663,37.48621606666667
179.3285714,190.4260515431634,11.09748014316341,False,0.1251691066666666,27.743865933333336,34.530938533333334
148.6,158.81894038232608,10.218940382326082,False,0.1090379683333333,22.45271393333333,23.1112346
619.0375,597.3376047630685,21.699895236931525,False,0.4517712339999999,33.053440333333334,43.3909484
757.5714286,735.7555327176842,21.815895882315772,False,0.5570693833333333,30.2870728,49.8413636
391.4125,395.6833063457199,4.270806345719905,False,0.2912888885714286,32.67632835714286,38.693878142857145
228.6857143,230.42957443973947,1.7438601397394677,False,0.163594894,22.754195266666667,27.122273733333333
750.2571429,781.8252788963446,31.56813599634461,False,0.6010126913333332,25.71807246666667,42.10721
583.9875,665.7775964373202,81.79009643732024,False,0.507318458,26.156099266666665,40.93814893333334
912.6125,892.9008341319608,19.711665868039177,False,0.6836362013333332,35.109771733333325,54.05481966666666
1160.0,1144.902516432579,15.097483567421023,False,0.8942029785714286,29.023849428571427,47.74052392857144
271.8857143,263.34329762608945,8.542416673910566,False,0.1890867986666666,25.5590068,29.73031406666666
95.6,111.59493187230919,15.994931872309195,False,0.0679638256428571,26.070382142857145,26.87296621428572
34.9875,59.86771238161338,24.880212381613383,False,0.0276320394666666,25.138563999999995,24.528363066666664
715.3125,682.684082839339,32.628417160661,False,0.5205082880000002,26.137734,41.55750153333333
340.6285714,332.27903642461035,8.349534975389645,False,0.2396828633333333,31.0340474,37.6285684
0.0,23.699997084457443,23.699997084457443,False,0.000333454882,22.5879394,21.22639153333333
346.6714286,364.3746305593248,17.703201959324815,False,0.263809032,29.8172668,39.14588853333333
610.4857143,577.1196554078344,33.3660588921656,False,0.4392469226666666,25.790447933333336,36.467413466666656
741.45,712.3222236269156,29.12777637308443,False,0.5432410099999999,30.576977533333327,44.940977
724.15,729.3529805437796,5.202980543779631,False,0.5570171753333333,26.3876404,43.30431733333333
263.5428571,252.17469413826373,11.36816296173626,False,0.1821268135714285,23.507492071428576,26.79229507142857
462.0285714,480.1266220418196,18.09805064181961,False,0.361205644,26.3079448,35.30504146666667
320.1571429,339.9008739222137,19.743731022213694,False,0.238672855,33.279722071428566,45.374740642857134
556.6571429,594.3705032739618,37.71336037396179,False,0.4451593266666666,32.66607666666668,47.123696133333326
350.0285714,335.9575471520694,14.071024247930552,False,0.2453987326666666,27.460978266666665,33.56361520000001
576.0714286,530.579805772116,45.49162282788404,False,0.402276302,24.833713600000003,34.94457799999999
843.7,800.6102349195353,43.08976508046476,False,0.611992378,29.157197866666667,47.72198893333333
458.2285714,420.77909258553035,37.44947881446967,False,0.3118431713333333,27.934391200000004,36.66382873333334
117.4,131.0246504411605,13.624650441160497,False,0.0826623008571428,25.69048421428572,27.85878635714285
34.68571429,53.24508255521544,18.55936826521544,False,0.0266036344666666,21.227468,18.72892853333333
711.15,705.4515797292962,5.698420270703764,False,0.5348639064285715,32.46573564285715,48.318494571428566
439.5714286,459.1823225006224,19.610893900622386,False,0.3384765497333333,30.0527444,42.11031486666668
26.13333333,60.189187380120934,34.055854050120935,False,0.0277481900666666,24.707338533333328,24.479459666666667
630.6142857,631.3346296039082,0.7203439039082014,False,0.4772766193333333,27.82892866666667,43.3427838
181.3,186.34570735982766,5.045707359827645,False,0.1273159356666666,26.388924133333333,28.81902473333333
847.5,841.2023235233854,6.297676476614583,False,0.6465474886666664,27.322759933333337,45.7407144
5.542857143,30.61122283609308,25.06836569309308,False,0.0066135848333333,21.8664428,20.341811066666665
626.075,781.8252788963446,155.75027889634453,False,0.6010126913333332,25.71807246666667,42.10721
0.0,24.28660797091312,24.28660797091312,False,0.0001250367553333,24.372711266666663,22.6416768
9.314285714,40.435295953147,31.121010239146997,False,0.00914994484,29.243110933333337,28.6825074
159.5875,166.2923773664334,6.704877366433408,False,0.109053603,31.540801866666666,32.74589640000001
817.4571429,812.4998201361146,4.957322763885372,False,0.62278731,29.8473918,47.0438902
709.1125,658.597809450835,50.514690549164925,False,0.5024805850000001,27.97164264285714,40.74435871428572
718.8428571,676.0291486361529,42.81370846384709,False,0.5102416726666666,35.25248613333334,49.98867166666666
948.0375,921.3975370537314,26.63996294626861,False,0.7102237526666668,31.104663,49.31515293333333
567.7285714,543.4252192639465,24.30335213605349,False,0.4040820713333333,32.41062673333334,46.36569013333333
0.0,20.3493831351531,20.3493831351531,False,1.4736836000000004e-05,21.506819666666665,18.492340066666667
819.6,1102.715660189227,283.115660189227,True,0.8608448592857144,27.778298642857145,46.05228092857142
1127.15,1041.7078834430654,85.4421165569347,False,0.8068469279999999,27.371873,49.5876018
57.2375,76.92352381830023,19.686023818300228,False,0.039089017,29.038175466666665,28.573687866666667
522.9,505.6539235978898,17.24607640211019,False,0.3742929606666666,32.14568913333334,45.14951980000001
350.125,353.78585809950783,3.660858099507834,False,0.257492758,23.722454733333333,34.3021282
752.3142857,710.4488793689665,41.86540633103357,False,0.5397100973333333,30.839324866666665,46.916251733333326
584.775,536.081786006983,48.693213993017025,False,0.4067895253333334,23.993477333333328,34.5792848
73.65714286,91.47221158075408,17.815068720754084,False,0.0500169534,29.53365073333333,29.722025533333333
662.225,636.3559941814767,25.869005818523306,False,0.4816808006666666,31.278884,44.566937
1294.257143,1283.2124500939408,11.044692906059254,False,0.9986998006666664,28.032407666666664,55.623793733333336
1.071428571,32.39270785329961,31.321279282299614,False,0.0040517676866666,26.050742666666668,25.9055684
634.6714286,617.9137637002319,16.757664899768088,False,0.4700814853333333,25.757175666666665,38.892010733333336
51.425,68.95327176097453,17.528271760974533,False,0.0381347714,21.863590533333333,20.2624066
503.8,446.99768887407464,56.80231112592537,False,0.3341347466666667,24.80515553333333,34.56906553333334
399.2857143,373.46245920102547,25.823255098974528,False,0.2754482242857142,24.25599892857143,32.83224278571429
1004.314286,830.3836453889729,173.93064061102712,False,0.6365608813333332,29.410819333333336,47.68545339999999
36.61428571,65.812210169747,29.197924459747007,False,0.03094462,27.1000306,26.8339234
0.0,20.666276174868393,20.666276174868393,False,0.0001515382176666,21.320007266666668,18.526363133333334
69.05714286,85.03610539697593,15.978962536975928,False,0.0506818596,22.841064466666666,21.282033466666665
191.7428571,193.6838998527957,1.9410427527956813,False,0.1333380648,23.458431066666662,27.546588133333334
136.1714286,172.10325983716112,35.931831237161106,False,0.1196465384666666,22.075207466666665,23.212565
924.1285714,919.9032985507475,4.225272849252519,False,0.7052639533333332,30.716996333333327,52.6329488
275.9375,287.23329792148235,11.295797921482347,False,0.205583812,27.73206186666667,33.554784733333335
1009.3125,1143.9119302703502,134.59943027035024,False,0.886393536,29.928074066666667,54.66195460000001
708.3142857,705.4515797292962,2.8627059707038143,False,0.5348639064285715,32.46573564285715,48.318494571428566
861.8375,963.0677137302273,101.23021373022732,False,0.7446046793333331,29.653950933333327,48.487363866666655
919.3714286,916.0914013659543,3.280027234045633,False,0.7029814421428571,27.539448499999995,50.47200221428572
1047.742857,1006.8333001662262,40.90955683377376,False,0.776912684,30.26233913333333,52.088154933333335
639.1875,570.7393604265471,68.44813957345286,False,0.428165058,26.57203993333333,42.26560886666665
309.4375,377.5183097973479,68.08080979734791,False,0.2815921433333333,23.833986466666666,30.019337866666667
0.0,28.43352236776558,28.43352236776558,False,0.0015678459913333,27.578023266666666,25.854665200000003
802.2714286,819.4388485805533,17.16741998055329,False,0.6250849942857142,34.05229864285714,52.027917142857135
889.5142857,825.3443114399527,64.1699742600473,False,0.63615115,26.3412638,42.884138933333325
689.3714286,637.0223996052423,52.349028994757646,False,0.4847505873333333,25.1295838,39.552423133333335
290.1,303.741860312209,13.641860312208962,False,0.21446764,32.816959600000004,40.0954304
822.9285714,918.9051328696462,95.97656146964619,False,0.710976275,27.703896500000003,45.23483278571429
92.7875,107.76744953127874,14.979949531278749,False,0.0685966837333333,21.887721666666664,21.544547666666663
176.25,182.08339770595038,5.833397705950375,False,0.1223565883333333,28.146706,30.946114066666663
1290.557143,1120.9658196101846,169.59132338981544,False,0.8686483159999999,30.080072133333328,53.7302392
904.9714286,773.4794693923109,131.4919592076891,False,0.597535766,26.354994666666663,39.2412842
311.7428571,331.1516150269932,19.408757926993246,False,0.2420931633333333,24.688751333333336,31.77211313333333
628.75,580.702332168929,48.04766783107095,False,0.4422391126666667,24.682629266666662,35.93726406666667
137.8142857,141.04355151891826,3.2292658189182646,False,0.0952975517857143,22.50998785714286,22.357663928571423
66.575,95.04669614779951,28.471696147799506,False,0.0517987240666666,31.476942933333337,31.634830733333327
0.0,25.961427187101997,25.961427187101997,False,0.000143387096,25.324770066666662,24.317897533333333
936.2,933.5401246162929,2.659875383707117,False,0.7191839106666666,28.3880454,49.06960486666667
424.2428571,388.05432769904905,36.18852940095093,False,0.2822451986666666,28.405712933333334,39.4493672
182.4428571,174.12367684507362,8.31918025492638,False,0.1180922946666666,23.50864866666667,26.8290996
13.45,45.87551867941962,32.425518679419625,False,0.0164651889285714,24.214307571428574,23.84339257142857
867.4875,795.7677275483288,71.71977245167113,False,0.615580315,26.6612375,39.588428785714285
1279.285714,1293.9182561661041,14.632542166104031,False,1.0037044035714286,30.452372928571428,60.19193785714286
794.3125,689.0288478518945,105.28365214810549,False,0.5205349913333333,28.0176412,47.200712266666656
1007.65,992.3950298877385,15.254970112261503,False,0.76711941,30.8864686,50.44957046666666
412.5142857,388.12644662994103,24.387839070058988,False,0.2853623193333333,26.809796066666664,35.90520226666667
754.6571429,803.8290535262431,49.17191062624306,False,0.6172084186666666,26.939325000000004,44.3578572
1042.2625,998.69067402986,43.571825970140026,False,0.77591557,27.452661200000005,45.572745666666655
259.3625,303.1108603466743,43.7483603466743,False,0.224655888,23.399713266666662,26.031282600000004
287.9428571,283.1665791339523,4.776277966047701,False,0.2060087846666666,23.45101913333333,28.194765
572.9,575.2568799997542,2.3568799997542556,False,0.4379202793333333,25.124652066666663,35.99217126666667
368.4625,353.89522067638103,14.567279323618948,False,0.2588894479999999,24.185119466666663,33.2824116
658.9142857,640.7983449256865,18.11594077431357,False,0.4845541833333333,26.1504356,43.0666302
847.175,860.0770190125256,12.90201901252567,False,0.6634503566666667,26.40725306666667,44.0128702
908.3714286,854.4922418806786,53.8791867193213,False,0.654436842,28.2829874,48.962665
699.5142857,654.0081551058413,45.50613059415866,False,0.496169466,27.814182533333334,43.054219466666666
316.0571429,342.6824888730969,26.6253459730969,False,0.2542998135714285,25.215722142857143,29.4314075
205.1125,218.30622745096426,13.193727450964246,False,0.1512628246666666,28.141567066666667,31.68454
805.4285714,780.0278481654539,25.40072323454615,False,0.5884872353333334,31.1993794,54.79211026666666
581.475,596.1028105108037,14.62781051080367,False,0.4511937286666666,28.178857466666667,40.87684526666667
918.4,889.7182284993474,28.68177150065253,False,0.6841737733333335,27.55344846666667,47.8497312
509.0571429,545.7112388068774,36.654095906877444,False,0.4094128093333333,28.5019692,41.4494812
1317.414286,1152.2475352871152,165.16675071288478,False,0.8961615320000001,28.792797866666664,51.43322746666667
1091.385714,928.163104303932,163.22260969606805,False,0.7167022733333334,28.98237106666667,47.528133
769.7375,735.3440912221733,34.39340877782661,False,0.5664324566666666,25.093788666666665,38.5421514
465.175,479.8873708645758,14.712370864575803,False,0.3585062726666666,25.26090906666667,37.18839533333334
652.6285714,611.2143118905527,41.414259509447334,False,0.4602610826666666,27.449349066666663,43.6625044
1056.275,1190.7220710365655,134.44707103656538,False,0.9193798739999998,32.848590333333334,60.95937106666666
449.9714286,479.8873708645758,29.91594226457579,False,0.3585062726666666,25.26090906666667,37.18839533333334
328.2428571,322.9516597164485,5.291197383551491,False,0.2420570666666666,23.262593733333336,24.914294266666666
173.6571429,213.46574433270388,39.80860143270388,False,0.1541802237333333,22.91924653333333,22.999210466666668
355.8285714,332.1347332416849,23.69383815831509,False,0.2436291773333333,23.165612733333333,30.43214306666667
66.2375,84.61319659784147,18.37569659784147,False,0.0459691700666666,26.890378866666666,27.107940666666668
464.725,434.01134114893523,30.713658851064793,False,0.320387256,27.95182086666667,38.8228558
664.0375,652.9946797110189,11.042820288981147,False,0.493897726,30.311199866666666,45.478786266666674
1273.3125,1243.0956442080924,30.21685579190762,False,0.962788822,31.614807133333333,59.99013253333333
90.44285714,110.9103380159228,20.467480875922803,False,0.0651276525,28.608535642857145,30.09376085714285
791.4,826.3990329224486,34.99903292244858,False,0.6296874326666666,30.598740733333337,51.564969866666665
997.2714286,1006.6885834957752,9.417154895775184,False,0.7802876913333333,30.08868206666667,48.752494133333336
99.275,122.55299582888875,23.27799582888875,False,0.0699064925333333,32.083526600000006,36.04578060000001
726.7714286,680.5129344965993,46.25849410340072,False,0.519743282,24.83987853333333,40.04876733333333
1068.8625,1052.1811187385547,16.681381261445267,False,0.8122406413333334,31.2210448,54.23274553333334
493.3666667,455.19989954086606,38.16676715913394,False,0.3384331157142856,31.03193885714285,39.526938357142846
366.65,332.1588120845804,34.49118791541957,False,0.2430901692857142,24.30036257142857,31.44437728571429
157.0571429,178.68893619374938,21.631793293749382,False,0.119259876,23.109639466666664,29.0602518
50.8625,67.46120611180771,16.598706111807715,False,0.0350118484,22.081197066666665,22.1293234
393.4285714,403.43632759483904,10.007756194839033,False,0.299662534,23.168194600000003,32.699511466666664
880.175,833.7154336025623,46.4595663974377,False,0.6400822713333334,26.43365886666667,45.66096399999999
292.5,321.34503538630764,28.845035386307643,False,0.2372982906666666,23.595208533333327,28.269993133333333
890.5714286,848.9427363318429,41.628692268157124,False,0.6541739533333331,25.68664953333333,43.83857633333333
275.5571429,252.17469413826373,23.382448761736242,False,0.1821268135714285,23.507492071428576,26.79229507142857
0.0,26.702710232558914,26.702710232558914,False,2.499842000000001e-05,24.259470533333328,24.534897866666665
215.2857143,221.6722339152893,6.386519615289302,False,0.1544666584,26.0342224,30.358787133333337
260.5875,249.2749838257635,11.312516174236464,False,0.1760581826666666,26.31139526666667,31.449766266666668
515.45,519.8296631702412,4.379663170241201,False,0.3929178906666667,25.088962666666667,35.562813133333336
8.771428571,34.51459666815447,25.743168097154467,False,0.00798223048,24.8869608,23.35773320000001
541.3375,616.6606758409232,75.32317584092323,False,0.462262998,32.458738266666664,48.128287933333326
117.2,126.75172207597008,9.551722075970076,False,0.0836293638666666,21.591829466666663,21.91393233333333
165.8857143,205.98419740150962,40.09848310150963,False,0.1410142690666667,30.037693333333333,32.64035633333333
658.4875,612.5489677402475,45.93853225975249,False,0.4599821506666666,30.42411086666667,46.23066786666667
579.0857143,593.4085041344151,14.322789834415175,False,0.4474333473333334,27.166434800000005,41.88674519999999
708.9857143,673.8495579740263,35.13615632597373,False,0.5110362213333333,27.89099326666667,44.39553446666666
483.3571429,523.0650406986846,39.7078977986846,False,0.3957623673333333,25.354199066666663,35.498592200000004
876.3625,825.3443114399527,51.01818856004729,False,0.63615115,26.3412638,42.884138933333325
0.0,28.43352236776558,28.43352236776558,False,0.0015678459913333,27.578023266666666,25.854665200000003
125.9375,131.601337140964,5.663837140964006,False,0.0829558039333333,23.232289466666664,26.9630168
603.3142857,626.6473839097209,23.3330982097209,False,0.4780336921428571,25.18008221428571,37.9038915
721.6142857,701.3415554949104,20.2727302050896,False,0.5363576693333331,25.257212400000004,40.66176133333333
385.1333333,391.30089331846847,6.167560018468464,False,0.283390025,28.08173375,40.725124125
905.9285714,1012.4423406944434,106.51376929444336,False,0.7764669535714287,31.723678357142852,57.42826607142857
488.0142857,502.30757625791057,14.293290557910552,False,0.37085346,33.40587706666668,46.34387413333334
798.025,683.8315339852833,114.1934660147167,False,0.5331907740000001,26.463971,30.740364866666663
819.275,768.3163452403659,50.9586547596341,False,0.5835384213333334,27.853426133333333,49.001849333333325
1140.1,1137.218264533381,2.8817354666189203,False,0.8833871893333332,29.528405733333337,52.172778066666666
505.0,616.6606758409232,111.6606758409232,False,0.462262998,32.458738266666664,48.128287933333326
683.475,602.6825499225574,80.7924500774426,False,0.4579382833333333,28.995208666666663,39.9702698
377.575,435.2130256854214,57.63802568542144,False,0.319140978,32.39553246666666,42.82737193333334
1075.4125,992.3950298877385,83.01747011226144,False,0.76711941,30.8864686,50.44957046666666
26.23333333,60.189187380120934,33.955854050120934,False,0.0277481900666666,24.707338533333328,24.479459666666667
964.9142857,944.8078092922971,20.106476407702985,False,0.725001628,30.0071574,52.9624858
203.825,207.0919481715917,3.2669481715917073,False,0.1410015502666666,28.750748666666663,32.94330453333333
906.1857143,862.016473586847,44.16924071315293,False,0.6625689086666668,27.272131400000003,46.693650133333335
563.4142857,556.617976315693,6.796309384307051,False,0.41958991,26.297007333333337,39.343784466666655
1349.4,1320.121148547713,29.2788514522872,False,1.0312303086666668,28.649094666666667,53.773537133333335
863.6571429,830.3023345871837,33.35480831281632,False,0.6361480606666667,28.02329086666667,47.408421
317.95,316.85967060228285,1.0903293977171415,False,0.2275632,30.0257304,36.7043906
88.3,103.88680957301519,15.586809573015188,False,0.0646610821333333,23.218327,22.82350866666667
16.5875,37.31224508607173,20.724745086071728,False,0.0129515775266666,21.290627133333327,19.30538333333333
466.375,434.01134114893523,32.36365885106477,False,0.320387256,27.95182086666667,38.8228558
475.1875,503.94254889772947,28.755048897729466,False,0.3831310706666666,24.36161093333333,32.225032666666664
1153.828571,1353.5551156455963,199.72654464559628,True,1.0541559813333337,31.35813793333333,59.133262
281.9285714,280.7674586165675,1.1611127834324861,False,0.1937693263333333,28.7127584,40.05736913333333
826.275,1178.8048231307716,352.52982313077166,True,0.9138139586666668,28.1088298,54.984794066666666
53.2,81.30770077984947,28.107700779849466,False,0.0412472248571428,29.02422,29.90827521428572
364.825,445.49691570092017,80.67191570092018,False,0.330956198,28.67100406666667,38.05905166666666
418.9125,469.6832142821999,50.77071428219989,False,0.3465496533333333,32.31323666666667,43.588924266666666
274.175,321.7889011117289,47.613901111728865,False,0.241690604,22.418231133333336,24.00137146666667
332.5571429,310.225418794205,22.33172410579499,False,0.2271388021428571,22.874956357142857,28.931237142857142
615.0142857,502.8582747498379,112.15601095016206,False,0.3759219506666666,27.16653653333333,39.336533733333326
979.2,996.1426888242871,16.942688824287075,False,0.7660080266666666,28.3790078,53.2701114
1141.528571,1123.0135083895648,18.51506261043528,False,0.8743407746666668,27.962351466666668,49.06862826666667
720.6571429,657.201953214564,63.45518968543604,False,0.5010602806666667,26.182826666666664,40.22812886666667
1135.242857,1279.0859252173532,143.84306821735322,False,0.9900849466666666,32.819391,62.57647933333334
480.8857143,452.5578115991294,28.327902700870595,False,0.3378309306666666,28.035068666666664,36.771075733333326
0.0,32.39270785329961,32.39270785329961,False,0.0040517676866666,26.050742666666668,25.9055684
339.5142857,382.4270089899468,42.91272328994677,False,0.2846431906666666,24.100400866666668,31.043286133333336
67.775,83.98338906831141,16.208389068311405,False,0.0495149681333333,21.985833666666664,21.195638
1324.0,1306.6824832104949,17.317516789505135,False,1.0191046553333334,28.590588400000005,54.7813884
253.4875,292.9730241136485,39.48552411364847,False,0.2100267246666666,26.4934388,33.26473993333333
225.4,237.47565869909045,12.07565869909044,False,0.1693729433333333,22.6054098,27.0571594
483.9125,431.5255083546808,52.3869916453192,False,0.3174531373333333,28.617018666666667,39.946699866666656
1135.25,1199.4052473028246,64.15524730282459,False,0.9274572886666668,31.7778442,59.602299333333335
9.2875,34.51459666815447,25.227096668154466,False,0.00798223048,24.8869608,23.35773320000001
1273.0,1346.6071643058258,73.60716430582579,False,1.0468158086666666,28.699442466666667,59.51716313333333
565.9142857,558.76558684171,7.148698858290004,False,0.4213385493333333,25.26646733333333,38.90950326666666
157.6875,194.34617179768546,36.65867179768546,False,0.1312115527333333,25.179372266666665,30.78227753333333
13.18571429,40.28159893016779,27.09588464016779,False,0.0098169462733333,28.880454466666663,27.785554933333334
25.08571429,51.38446154933554,26.298747259335542,False,0.0204065283666666,25.387085133333333,24.88775633333333
1203.8,968.0044939451363,235.7955060548636,True,0.741254446,32.05471386666667,56.430047733333325
383.225,438.88349576500946,55.658495765009434,False,0.3182395246666667,29.198299066666667,45.0946062
1057.042857,963.0677137302273,93.97514326977262,False,0.7446046793333331,29.653950933333327,48.487363866666655
130.1428571,142.92027687769104,12.777419777691051,False,0.0953944536,24.21899,24.442443933333333
796.9,841.2023235233854,44.30232352338544,False,0.6465474886666664,27.322759933333337,45.7407144
133.6285714,142.95504219050747,9.326470790507472,False,0.0975767968666666,22.135064666666665,21.531044466666668
1093.357143,1085.2407386293662,8.116404370633745,False,0.8419270273333334,28.479555266666665,50.63910959999999
0.0,23.743701028560505,23.743701028560505,False,4.49041162e-05,22.452933666666667,21.47074393333333
1059.5875,1106.9249184244209,47.337418424420775,False,0.8512261735714286,31.37843957142857,59.80717471428572
470.4,432.68922673651247,37.71077326348751,False,0.32255192,24.568143428571428,34.32752778571429
446.2714286,469.6832142821999,23.411785682199934,False,0.3465496533333333,32.31323666666667,43.588924266666666
454.8571429,436.75805626787104,18.099086632128945,False,0.319418066,27.9916526,41.8464274
999.1625,972.3975679039854,26.764932096014604,False,0.7516814453333333,28.077587800000003,48.34034806666667
81.375,95.09583217899315,13.720832178993149,False,0.0579955505333333,21.680248933333328,21.65212806666667
14.9375,34.92650839410076,19.989008394100757,False,0.0105634890714285,22.495716785714286,20.229721071428568
174.9857143,219.25544297830172,44.2697286783017,False,0.1582885586666666,23.54695426666667,23.866823333333336
400.975,411.1645852895524,10.189585289552383,False,0.3035469626666667,32.72574673333334,39.121545600000005
839.2857143,842.1168917404634,2.8311774404634207,False,0.6448023653333332,29.9116638,49.188905600000005
718.3125,705.1346453323586,13.17785466764144,False,0.5379956300000001,25.8001344,42.2704184
272.0375,283.91314740569715,11.875647405697123,False,0.199998688,32.515638933333335,38.29546746666666
561.875,521.31004951886,40.564950481140045,False,0.3938906479999999,27.07719326666667,36.6476562
627.1,614.1139243515978,12.98607564840222,False,0.464913585,26.47013421428571,41.11575328571428
450.0285714,462.0477901140715,12.019218714071542,False,0.3453362106666667,27.406433066666665,36.756546933333325
409.0142857,426.6624264260757,17.648140726075667,False,0.3143966613333332,30.61301473333333,39.94118873333333
861.3,794.5187738188424,66.78122618115754,False,0.6102461506666667,26.9201314,43.72293526666667
41.9,65.812210169747,23.912210169747006,False,0.03094462,27.1000306,26.8339234
525.0571429,471.12337760225455,53.93376529774548,False,0.3537411073333333,26.168872133333338,35.321976600000006
541.7571429,523.5060719598789,18.251070940121053,False,0.3933412785714285,24.082292928571427,37.545538642857146
201.4375,212.5383927887202,11.100892788720188,False,0.1451273186666666,30.171648933333334,33.8750304
950.6285714,1001.7376069837367,51.10903558373661,False,0.7764533440000001,29.957515466666667,48.48572366666667
407.0625,424.62057009707206,17.55807009707206,False,0.3109964793333333,33.04103613333332,42.6021344
884.7428571,834.6735767547199,50.06928034528016,False,0.638300066,29.892468333333333,49.5533302
363.9125,386.95122337748694,23.038723377486917,False,0.286518426,27.39092606666667,34.17826959999999
245.2,303.1108603466743,57.910860346674326,False,0.224655888,23.399713266666662,26.031282600000004
341.5,425.27411807378354,83.77411807378354,False,0.3124267953333332,26.8318298,39.08195373333332
0.0,22.93819779836612,22.93819779836612,False,0.000426552467,22.331740266666667,20.44576413333333
29.5,50.674385612902206,21.174385612902206,False,0.0230068427666666,21.185369800000004,20.100394533333336
1082.2625,941.226436965404,141.03606303459605,False,0.719329505,29.61952421428572,55.34798971428572
663.175,616.6606758409232,46.51432415907675,False,0.462262998,32.458738266666664,48.128287933333326
274.1285714,258.74035023473215,15.38822116526785,False,0.1810435286666666,29.1820414,35.28159566666666
1034.1125,952.7362048566661,81.37629514333389,False,0.7332435986666667,31.66299653333333,52.0534832
13.175,39.258922529909825,26.083922529909824,False,0.01005088592,27.694161,26.27160233333333
114.7125,131.5009178012795,16.788417801279508,False,0.0880664663333333,22.569683933333334,21.829941666666667
751.8857143,729.9895329833571,21.896181316642924,False,0.5583109086666667,25.4833456,42.19290773333333
848.7571429,778.9661663205849,69.79097657941509,False,0.5980412346666665,26.5877218,43.06868493333333
194.7625,188.78823628472446,5.9742637152755265,False,0.1274455812,26.798168933333333,30.744077466666667
1141.9,1028.709545347636,113.190454652364,False,0.7926809900000001,28.32269292857143,53.273069
965.8714286,1001.2015443514009,35.33011575140097,False,0.7722379753333333,27.690804,51.029305
25.75714286,54.89498589665436,29.137843036654363,False,0.0208843500333333,29.4541402,28.8870646
0.0,26.240900870952885,26.240900870952885,False,0.00035944967324,28.97306333333333,25.9079486
867.3,830.0946541839619,37.20534581603806,False,0.6382544986666667,27.6148946,45.10698460000001
653.2285714,676.0291486361529,22.80057723615289,False,0.5102416726666666,35.25248613333334,49.98867166666666
0.0,24.28660797091312,24.28660797091312,False,0.0001250367553333,24.372711266666663,22.6416768
10.5375,40.28159893016779,29.744098930167787,False,0.0098169462733333,28.880454466666663,27.785554933333334
28.05714286,55.063383530876884,27.006240670876885,False,0.0214036318666666,28.510609933333328,28.12322593333333
0.0,27.595508411199777,27.595508411199777,False,0.0013383184030266,25.0308594,24.326002933333328
748.175,799.720138056252,51.545138056252085,False,0.615993176,31.765978933333333,44.435286533333326
990.575,1126.6361780747106,136.0611780747106,False,0.873090314,29.520699200000003,53.681734000000006
698.8857143,900.7627414996708,201.8770271996708,True,0.6823728553333333,32.626951000000005,60.1761166
817.3142857,728.9872098648232,88.32707583517686,False,0.5565673573333334,30.26257326666667,45.12008893333333
878.4571429,913.2175743830713,34.76043148307133,False,0.7091465493333333,28.069488466666662,42.7483944
2.5125,30.56235304961018,28.04985304961018,False,0.0033529643513333,26.81842646666667,25.489147866666663
910.6285714,812.4998201361146,98.12875126388542,False,0.62278731,29.8473918,47.0438902
202.0571429,221.92264252628857,19.865499626288567,False,0.154667054,28.5177898,31.437489733333333
375.2125,332.1588120845804,43.05368791541957,False,0.2430901692857142,24.30036257142857,31.44437728571429
802.7833333,916.7476957714447,113.9643624714447,False,0.70056636,28.20780033333333,53.51720186666666
173.8571429,171.4352651466014,2.4218777533986042,False,0.1144654460666666,26.8031698,29.5815856
366.1125,376.7742766590089,10.661776659008865,False,0.2812749706666666,24.44554646666667,30.010496
149.8,169.08549802175716,19.28549802175715,False,0.1119324913333333,28.99113573333333,31.0937296
1008.785714,1143.9119302703502,135.12621627035026,False,0.886393536,29.928074066666667,54.66195460000001
874.7625,800.3461172543045,74.4163827456955,False,0.6145960239999999,28.671067200000003,44.87971400000001
319.025,340.32827781709557,21.30327781709559,False,0.246215918,31.265974933333336,37.7911072
191.2857143,192.79343502694636,1.50772072694636,False,0.1354008960666666,22.74705013333333,24.6323364
957.5571429,916.0914013659543,41.46574153404572,False,0.7029814421428571,27.539448499999995,50.47200221428572
1267.6625,1135.3079945929003,132.35450540709962,False,0.8852643266666665,27.964561,48.2827824
954.9285714,1053.101954000609,98.1733826006091,False,0.8167528573333332,28.6059632,49.59524293333333
578.0,594.2759557441489,16.27595574414886,False,0.4502923073333334,28.1680522,40.31551513333334
145.65,155.29724305931634,9.647243059316338,False,0.1023283072,26.401951266666664,28.3863546
332.15,341.7598411599363,9.609841159936309,False,0.2501518,28.74334113333333,34.1222822
630.2375,646.0385606433774,15.801060643377468,False,0.4894874157142857,28.579515642857142,43.52298428571428
52.17142857,76.85331683979939,24.681888269799387,False,0.0388465545,26.430651071428567,27.618528142857144
317.9375,314.17174517439804,3.7657548256019595,False,0.223404308,31.29693813333333,39.07873533333333
529.6875,577.3474058566716,47.65990585667157,False,0.4311784306666666,34.304164533333335,47.853904533333335
50.0125,75.9723745137177,25.959874513717693,False,0.0367549387333333,30.906561266666667,30.832251133333333
832.5142857,944.3109295780491,111.79664387804917,False,0.72428377,28.05637,52.408536733333335
982.9285714,908.3010349241928,74.62753647580723,False,0.6967051026666666,30.3104532,51.566701466666665
307.4714286,283.31591522329296,24.155513376707063,False,0.2082250053333333,23.0203716,26.054441200000003
774.0285714,713.8810558125601,60.1475155874399,False,0.5404251285714285,30.376898714285712,48.67528185714285
73.2125,94.14001457649347,20.927514576493465,False,0.0563297377333333,22.335227666666665,22.75865906666667
611.8,575.2568799997542,36.54312000024572,False,0.4379202793333333,25.124652066666663,35.99217126666667
652.6714286,664.5867527314551,11.915324131455122,False,0.5060438120000001,29.012854,42.45200799999999
1019.0,1106.1374717816857,87.13747178168569,False,0.8551090753333334,31.06742553333333,55.4462772
386.7125,366.73965568060345,19.97284431939653,False,0.2645778099999999,26.346307466666666,38.737007666666656
271.8857143,279.59718714059744,7.711472840597423,False,0.1990470293333333,27.55705773333333,33.73647673333334
573.6857143,543.3960689464546,30.289645353545325,False,0.410816618,25.405088333333328,37.028379066666666
165.8125,165.49423118021153,0.31826881978847155,False,0.1104082978666666,23.763322,27.507177666666667
416.725,415.2778384471514,1.4471615528486268,False,0.3037400713333333,32.31917286666666,41.912998266666655
739.8428571,742.4710511787399,2.6281940787399662,False,0.5679321226666665,27.136891666666664,43.47980553333333
229.0375,248.1953602822931,19.157860282293115,False,0.174294533,28.7508078,33.324613199999995
151.4428571,162.6602393226042,11.217382222604215,False,0.1108917472,23.4338724,24.7448954
706.25,670.7317887844216,35.51821121557839,False,0.5104950893333333,27.5968486,42.3875894
0.0,26.240900870952885,26.240900870952885,False,0.00035944967324,28.97306333333333,25.9079486
127.2875,129.17719863236692,1.8896986323669296,False,0.084014334,22.160595666666666,23.656638733333327
591.9285714,598.9785771687644,7.050005768764436,False,0.4515764164285714,33.265648642857144,44.920237928571424
1124.485714,1209.0227476565851,84.53703365658521,False,0.9360600806666666,32.174080466666666,59.10431306666667
123.1875,137.99901387179287,14.811513871792869,False,0.08722808,28.11065073333333,29.98121346666667
3.775,31.388675488302656,27.613675488302658,False,0.0038019427373333,27.8907064,26.16618666666667
38.31428571,63.38987971901672,25.07559400901672,False,0.0297671323333333,25.3053914,25.30308846666667
985.6571429,887.5962480424546,98.06089485754546,False,0.6853178500000001,28.499033466666667,45.56717713333333
366.3,332.1588120845804,34.14118791541961,False,0.2430901692857142,24.30036257142857,31.44437728571429
476.2,501.29192707970014,25.091927079700156,False,0.3787024119999999,25.0617614,34.63271466666667
541.9375,626.134745122955,84.197245122955,False,0.4664396726666666,28.8636616,49.925148466666656
160.6714286,172.1332761464533,11.4618475464533,False,0.1132172194666666,29.57108153333333,32.47774066666667
295.5,322.9516597164485,27.45165971644849,False,0.2420570666666666,23.262593733333336,24.914294266666666
246.1428571,241.08070592624745,5.0621511737525395,False,0.17003262,26.0763428,30.701261466666665
746.6875,623.5425133319626,123.1449866680374,False,0.4697288307142857,27.93121328571429,44.468571
1082.1375,1269.9478648468375,187.8103648468375,True,0.9841918673333332,30.03040366666667,59.877591933333335
0.0,27.6018086516081,27.6018086516081,False,9.44485646e-05,28.136104133333337,26.83467813333333
260.4875,278.8485983128949,18.36109831289491,False,0.2021267246666666,23.6712912,28.608892933333333
73.62857143,91.67059543556852,18.04202400556852,False,0.0504507636666666,31.0485982,30.124161733333327
617.4,825.141685290681,207.74168529068106,True,0.6364364953333334,26.220489466666667,42.41054713333334
1129.285714,1111.200245577208,18.08546842279202,False,0.855925206,27.8593812,57.1712628
1129.7375,1131.3683497574498,1.6308497574498233,False,0.8758627453333333,30.8515666,55.29098946666667
619.3428571,562.7213720548715,56.62148504512845,False,0.4278343173333333,24.52345993333333,35.5528282
0.0,23.158785056786993,23.158785056786993,False,0.0005523642353333,21.4640382,20.121873
647.6428571,562.8766568238726,84.76620027612739,False,0.4233145246666666,27.93405566666667,41.36491266666666
0.0,23.505350845065124,23.505350845065124,False,0.0002446326267021,22.18672828571429,20.98682278571429
57.7,84.49700062114611,26.79700062114611,False,0.0459627706428571,25.404423357142857,26.38234157142857
330.4875,335.9575471520694,5.470047152069412,False,0.2453987326666666,27.460978266666665,33.56361520000001
158.7,165.49423118021153,6.79423118021154,False,0.1104082978666666,23.763322,27.507177666666667
191.6375,208.02795759804903,16.39045759804904,False,0.1471483106666666,22.4391438,25.193231133333327
798.8375,758.9682586764923,39.86924132350771,False,0.581595316,30.592580066666667,44.846677466666655
846.15,827.9947827558199,18.155217244180108,False,0.6374122793333333,27.20111693333333,44.107206266666665
1206.3625,1154.1031641093746,52.25933589062538,False,0.8971673586666666,28.4727662,51.776054
700.425,665.1385843313705,35.2864156686295,False,0.5023924839999999,31.3661072,47.2997298
1184.814286,1148.5794949299407,36.23479107005937,False,0.88675423,29.018203714285715,57.50350071428572
166.9857143,169.58297787401438,2.597263574014363,False,0.1175455726666666,21.834507400000003,23.14069626666667
377.8285714,362.4264364506148,15.402134949385186,False,0.2681349153333333,23.364750200000003,30.827225666666664
335.0875,382.4270089899468,47.33950898994681,False,0.2846431906666666,24.100400866666668,31.043286133333336
31.925,51.48869025270152,19.563690252701516,False,0.0236337368666666,21.860400400000003,20.4303872
48.35,81.74758345937695,33.39758345937695,False,0.0424932424666666,27.09036053333333,28.24562973333333
716.3375,770.6740447767638,54.336544776763844,False,0.5834999766666668,29.7998332,51.68366739999999
16.21428571,35.04103931624188,18.82675360624188,False,0.0112265629133333,21.6234394,19.321281066666668
916.0285714,830.6522019783129,85.37636942168717,False,0.6365820806666665,28.252118,47.370047933333325
389.1125,445.49691570092017,56.38441570092016,False,0.330956198,28.67100406666667,38.05905166666666
40.04285714,60.34341653605759,20.300559396057587,False,0.0315773199333333,21.83029386666667,19.779553133333337
1261.142857,1330.6879928128292,69.54513581282913,False,1.0318606821428573,30.824835714285715,62.21209042857143
261.05,266.8719812081834,5.821981208183388,False,0.1884618071428571,25.14924185714285,32.83658064285714
915.9142857,950.8533562057211,34.93907050572102,False,0.7350834633333333,33.763185400000005,49.80390433333333
514.6714286,574.777759217479,60.10633061747899,False,0.4224988753333333,33.88692626666666,53.80755813333333
198.8625,193.30728210842395,5.5552178915760635,False,0.1321317535333333,27.4072612,30.092036933333333
19.44285714,41.6325683714859,22.1897112314859,False,0.0141838213333333,22.654567466666663,22.05121253333333
163.7571429,161.91955070865097,1.8375921913490174,False,0.1077558996666666,26.572758,28.462253866666668
984.325,957.045583462608,27.27941653739208,False,0.740527077142857,27.75967185714285,46.865433142857135
622.825,513.315693947487,109.50930605251301,False,0.3860812566666666,26.405902066666663,37.5282734
668.9,687.0405311306324,18.14053113063244,False,0.5240877666666666,26.23224886666667,41.591343
837.5857143,747.6213110079605,89.96440329203949,False,0.5722798133333333,27.60956433333333,43.5676756
416.9714286,459.8200744290949,42.84864582909489,False,0.3454415426666666,24.829638666666668,33.83913526666666
843.1,776.764150308909,66.33584969109097,False,0.5932437233333331,26.840596666666663,45.97044666666666
551.4285714,494.27033557641823,57.15823582358178,False,0.374390925,24.324541357142856,32.964675928571424
184.5375,224.25307801054672,39.71557801054672,False,0.1616571346666666,24.464884533333333,24.944256533333338
538.7285714,523.5060719598789,15.222499440121055,False,0.3933412785714285,24.082292928571427,37.545538642857146
999.1857143,1046.6894798991084,47.50376559910842,False,0.813000858,28.1994974,48.014198666666665
248.8375,232.8483744823801,15.989125517619897,False,0.1629056366666666,27.32750646666667,31.59433793333333
950.0857143,908.3010349241928,41.78467937580717,False,0.6967051026666666,30.3104532,51.566701466666665
525.8428571,461.9945706541948,63.84828644580517,False,0.348691926,24.85946453333333,32.48247873333333
582.5875,567.8315934170828,14.755906582917191,False,0.4285554833333333,27.74402266666667,40.183040466666654
744.3428571,712.3222236269156,32.02063347308433,False,0.5432410099999999,30.576977533333327,44.940977
7.557142857,33.40818067567246,25.851037818672463,False,0.0070068898142857,23.8402385,22.968658428571427
353.3571429,332.1347332416849,21.222409658315087,False,0.2436291773333333,23.165612733333333,30.43214306666667
919.0625,969.3118059064409,50.249305906440895,False,0.7466439013333332,30.864174466666668,51.88567106666667
175.225,186.45461482179348,11.22961482179349,False,0.1241333933333333,30.44563606666668,33.627032533333335
642.6571429,752.4529001964958,109.79575729649571,False,0.5736166646666666,28.371838400000005,46.34689126666667
601.1875,617.9137637002319,16.726263700231925,False,0.4700814853333333,25.757175666666665,38.892010733333336
1212.7125,1210.1207197988674,2.5917802011326785,False,0.94011294,29.910441928571423,55.183059642857145
92.45,103.88680957301519,11.436809573015182,False,0.0646610821333333,23.218327,22.82350866666667
1102.725,990.9942124612377,111.73078753876223,False,0.754565452,31.858074933333327,61.51417646666666
880.7857143,928.5827424120129,47.79702811201287,False,0.7147616046666667,28.17348426666668,49.310594
2.5125,32.39270785329961,29.880207853299613,False,0.0040517676866666,26.050742666666668,25.9055684
760.9285714,825.254729500248,64.326158100248,False,0.6368961286666666,28.9149232,43.233393066666665
57.92857143,86.478221903781,28.549650473781007,False,0.0456077094,30.75914113333333,30.545615666666663
984.5857143,1042.2840062454707,57.698291945470714,False,0.7999019353333332,33.540535600000005,59.177929600000006
1018.575,1004.0551780123536,14.519821987646424,False,0.7729503573333332,30.39099113333333,53.7158892
198.9714286,219.1263015205771,20.154872920577105,False,0.1557342913333333,22.742930066666663,25.804111733333336
1037.6125,989.3158957635424,48.2966042364576,False,0.7605472914285714,31.882248142857144,54.65764728571429
9.657142857,34.617867313508256,24.960724456508256,False,0.0096864394666666,21.53003333333333,20.394429466666665
0.0,23.826038505359957,23.826038505359957,False,0.0010356957873333,21.5162558,20.20396513333333
417.7875,425.27411807378354,7.486618073783518,False,0.3124267953333332,26.8318298,39.08195373333332
806.7,838.284025327586,31.584025327586005,False,0.635450962,32.495967666666665,56.101076266666674
110.1428571,126.28015061709318,16.137293517093184,False,0.0832185890666666,23.51573693333333,22.768512
48.425,81.74758345937695,33.32258345937696,False,0.0424932424666666,27.09036053333333,28.24562973333333
564.9,577.1196554078344,12.219655407834466,False,0.4392469226666666,25.790447933333336,36.467413466666656
618.5857143,565.0334264878088,53.55228781219114,False,0.429468928,27.3941652,37.038040933333335
997.775,978.3095847875126,19.465415212487414,False,0.7561285946666667,28.81794433333333,49.03407186666667
569.225,530.579805772116,38.645194227884076,False,0.402276302,24.833713600000003,34.94457799999999
982.3375,989.3158957635424,6.97839576354238,False,0.7605472914285714,31.882248142857144,54.65764728571429
126.0571429,135.34137959042283,9.28423669042283,False,0.0892736406,22.78110746666666,23.733522600000004
0.0,26.240900870952885,26.240900870952885,False,0.00035944967324,28.97306333333333,25.9079486
1002.225,993.4427461858376,8.782253814162459,False,0.7692376179999999,28.6178812,48.29328619999999
93.04285714,114.2108366581585,21.167979518158504,False,0.0694941764,25.574387666666663,27.23193773333333
10.0875,40.19303136474221,30.105531364742212,False,0.0099927644066666,28.18459053333333,27.252742533333333
559.3571429,528.0987221787362,31.258420721263747,False,0.3998539546666666,27.8538696,36.6129212
700.075,713.749996226219,13.674996226218923,False,0.5463582793333333,25.744004266666664,41.03405133333333
5.35,29.970894540322856,24.62089454032286,False,0.0062059593785714,21.9232375,20.25681407142857
1144.271429,1150.8826206447538,6.611191644753944,False,0.8936614913333333,34.13076993333335,55.030613
414.8625,407.0841146858026,7.778385314197408,False,0.299364092,27.479427066666663,37.63392773333333
129.4571429,155.68771378986162,26.23057088986161,False,0.1083668231333333,21.7675536,21.045220800000003
131.95,129.17719863236692,2.7728013676330647,False,0.084014334,22.160595666666666,23.656638733333327
614.8125,577.1196554078344,37.69284459216556,False,0.4392469226666666,25.790447933333336,36.467413466666656
584.45,556.617976315693,27.832023684307046,False,0.41958991,26.297007333333337,39.343784466666655
1057.157143,902.1033127957713,155.05383020422857,False,0.6939978406666665,27.173240066666672,47.9939452
303.6875,300.7784954788066,2.909004521193424,False,0.2194022685714285,22.792192642857145,28.886864857142857
275.9,262.810766824536,13.08923317546396,False,0.188819984,22.34573353333333,28.182126799999995
1139.575,1132.9760587004916,6.598941299508397,False,0.8805713933333333,29.448215866666665,51.5198242
0.0,23.33704063421732,23.33704063421732,False,0.0003183178168666,23.147200466666668,21.20465293333333
918.125,898.5747385268778,19.55026147312219,False,0.6815564133333333,30.402663066666666,58.3018188
428.15,470.7549493447235,42.604949344723536,False,0.3559949986666666,24.3803284,32.1630228
799.6857143,1060.1115845200197,260.42587022001976,True,0.8209725893333333,28.845757866666663,51.12463166666667
246.7,237.5880639920767,9.111936007923276,False,0.1673700179999999,26.02376913333333,30.4908548
126.6857143,135.34137959042283,8.655665290422832,False,0.0892736406,22.78110746666666,23.733522600000004
566.4285714,530.579805772116,35.84876562788406,False,0.402276302,24.833713600000003,34.94457799999999
1100.914286,1041.7078834430654,59.20640255693456,False,0.8068469279999999,27.371873,49.5876018
455.4714286,763.7693560063642,308.2979274063642,True,0.5831875886666666,27.40662013333333,45.656620466666666
479.7714286,652.1366649824786,172.3652363824786,False,0.49096055,33.424020071428565,48.9096767142857
1132.042857,1199.4052473028246,67.36239030282468,False,0.9274572886666668,31.7778442,59.602299333333335
666.6875,673.8495579740263,7.162057974026311,False,0.5110362213333333,27.89099326666667,44.39553446666666
649.2,627.3163041995034,21.88369580049664,False,0.4788621826666666,26.6184204,38.264609666666665
701.075,670.7317887844216,30.343211215578435,False,0.5104950893333333,27.5968486,42.3875894
69.5,89.93659742830059,20.436597428300587,False,0.0509346373333333,25.624135333333328,25.999684533333333
0.0,22.93520055742772,22.93520055742772,False,0.0001471694642,21.959989266666664,20.5434348
388.3428571,398.31549147853053,9.972634378530529,False,0.289312882,34.6127872,43.38971593333332
0.0,26.702710232558914,26.702710232558914,False,2.499842000000001e-05,24.259470533333328,24.534897866666665
790.5,761.9247272770065,28.57527272299353,False,0.5822891546666668,28.40100513333333,45.513633466666654
930.0428571,926.4333439227382,3.6095131772617606,False,0.7143712646666666,27.96947633333333,47.941911000000005
821.9428571,773.8112013874004,48.13165571259958,False,0.5909004857142856,34.98165257142857,49.41860521428572
629.9428571,590.2440792689632,39.69877783103675,False,0.4465655733333333,28.4605286,40.83483906666668
220.6285714,218.8520857844148,1.7764856155851874,False,0.150128168,31.88745533333333,34.781236066666665
967.0625,915.7570519284916,51.30544807150841,False,0.7079364073333333,27.636714733333328,45.63386426666667
583.5142857,541.7265192843435,41.787766415656506,False,0.4082271193333333,27.087241533333334,38.89504786666667
91.82857143,109.99139641093413,18.162824980934133,False,0.0669730784,25.183624333333327,26.1870504
394.8,416.50016190490106,21.70016190490105,False,0.3026864813333333,31.6578208,43.54560113333334
162.3142857,215.61559111121747,53.30130541121747,False,0.1536853939999999,24.416684866666667,25.753737399999995
865.8428571,887.5962480424546,21.753390942454644,False,0.6853178500000001,28.499033466666667,45.56717713333333
1086.575,1131.66825196438,45.09325196437999,False,0.869908956,32.5278644,61.80199160000001
0.0,26.84740737264853,26.84740737264853,False,0.00012538276,27.01870113333333,25.745267733333336
375.075,330.4732176593908,44.60178234060919,False,0.2447378533333333,23.763501066666667,28.384606933333338
0.0,24.242681833783365,24.242681833783365,False,0.0005078938726666,22.522914733333334,21.450738666666663
379.8,391.30089331846847,11.500893318468457,False,0.283390025,28.08173375,40.725124125
504.475,641.0930235814878,136.61802358148782,False,0.476600342,33.761303733333335,54.00686426666665
310.8142857,313.9167499856455,3.1024642856454534,False,0.2222456033333333,27.874310399999995,38.48475933333333
242.9428571,291.55938864062415,48.61653154062415,False,0.21528912,23.946079466666667,26.170033866666667
328.4375,303.741860312209,24.695639687791015,False,0.21446764,32.816959600000004,40.0954304
824.325,941.226436965404,116.90143696540395,False,0.719329505,29.61952421428572,55.34798971428572
929.0625,1001.7376069837367,72.67510698373667,False,0.7764533440000001,29.957515466666667,48.48572366666667
1017.3625,1139.956533568838,122.59403356883809,False,0.87740903,33.30490126666667,61.48070286666666
664.8714286,713.8810558125601,49.00962721256019,False,0.5404251285714285,30.376898714285712,48.67528185714285
336.025,305.44970809627216,30.575291903727816,False,0.2204616164285714,26.64763521428571,33.14010199999999
337.1428571,330.4732176593908,6.669639440609217,False,0.2447378533333333,23.763501066666667,28.384606933333338
59.45714286,86.478221903781,27.021079043781008,False,0.0456077094,30.75914113333333,30.545615666666663
81.35714286,116.59606614554883,35.238923285548836,False,0.0711483807333333,27.9018616,28.519918
645.525,616.6606758409232,28.864324159076773,False,0.462262998,32.458738266666664,48.128287933333326
858.05,763.4304529364737,94.61954706352628,False,0.58660541,28.766581200000005,42.79567873333334
1094.8,1131.66825196438,36.86825196438008,False,0.869908956,32.5278644,61.80199160000001
602.2714286,453.72129341243925,148.55013518756078,False,0.3312335933333333,32.9282166,45.9347556
113.1625,130.87558140680522,17.71308140680523,False,0.086237195,24.0184102,23.685199
1220.0875,1146.2223975506763,73.86510244932379,False,0.8979147206666667,26.66739493333333,44.267293333333335
264.3571429,273.21621117589143,8.859068275891445,False,0.194773326,28.551151466666663,33.27215386666667
1247.742857,1152.2475352871152,95.49532171288479,False,0.8961615320000001,28.792797866666664,51.43322746666667
126.6142857,162.89584144546126,36.28155574546126,False,0.1089596830666666,25.95564166666666,27.818965666666667
760.9,670.0690519932157,90.8309480067843,False,0.5049492813333333,34.278066,49.945772133333335
126.2,126.28015061709318,0.08015061709318161,False,0.0832185890666666,23.51573693333333,22.768512
60.58571429,84.60433393016369,24.018619640163692,False,0.0487669142,22.65616866666667,22.658846066666666
988.775,898.5747385268778,90.20026147312217,False,0.6815564133333333,30.402663066666666,58.3018188
0.0,27.299854618825748,27.299854618825748,False,0.0008371204092466,26.141086733333328,25.04768066666667
982.6,884.1414766019523,98.45852339804776,False,0.6831317153333333,29.025638800000003,45.191560933333335
255.4875,266.7635836774779,11.276083677477914,False,0.1895537733333333,27.695955466666668,32.8359476
488.7875,467.93473140312483,20.852768596875194,False,0.344136892,27.717987066666662,42.515350533333326
393.5857143,373.46245920102547,20.12325509897454,False,0.2754482242857142,24.25599892857143,32.83224278571429
307.5,330.4732176593908,22.973217659390798,False,0.2447378533333333,23.763501066666667,28.384606933333338
94.875,107.74054797069468,12.865547970694678,False,0.067908889,21.957159333333333,22.195896266666672
749.625,732.5844467806425,17.040553219357548,False,0.5611673299999999,26.907450200000007,42.12864373333333
100.4125,117.33053111004052,16.91803111004053,False,0.0712777123333333,25.6701172,27.996036799999995
553.8,524.5791510858235,29.220848914176486,False,0.396035358,24.447705066666664,36.010386000000004
1264.971429,1132.9760587004916,131.9953702995083,False,0.8805713933333333,29.448215866666665,51.5198242
1057.2,1140.1597990719379,82.95979907193782,False,0.888736286,27.5598856,48.580128733333325
31.7,53.75529312862084,22.055293128620843,False,0.0212870691999999,27.727758666666663,26.892470266666667
1060.8875,1047.104205515665,13.783294484335102,False,0.809865482,32.15423573333334,52.968100933333325
214.1571429,238.65617834601008,24.499035446010083,False,0.1743799119999999,23.251910266666663,23.56722206666667
173.6285714,169.44323903812187,4.185332361878125,False,0.1128437932,26.589176466666665,29.4781636
757.8714286,668.4155253677465,89.45590323225349,False,0.5092201013333332,30.24165666666667,42.94891766666666
118.15,126.24094669484828,8.09094669484827,False,0.0824505469333333,22.765519200000004,23.1308492
1308.457143,1231.5885385230008,76.86860447699928,False,0.9582277686666664,29.6144756,54.57635513333332
265.1625,257.7784967063337,7.3840032936662965,False,0.1805451735714285,30.93136807142857,35.767237857142845
309.2125,298.65688516367675,10.55561483632323,False,0.2161607053333333,27.53361213333333,32.33926173333334
366.9571429,423.11906397196213,56.16192107196213,False,0.3192179526666666,23.4391542,29.62755733333333
63.3125,87.84595203245395,24.53345203245395,False,0.0478600682,28.9436726,28.7049784
63.88571429,85.79223889349615,21.906524603496145,False,0.0440678129333333,31.256394333333333,31.672898466666663
714.45,631.6964134480891,82.75358655191098,False,0.47842251,26.275140333333333,41.8781982
805.85,710.8273495882775,95.02265041172257,False,0.549665794,24.98657813333333,35.3831992
637.2571429,837.0248007775846,199.7676578775846,True,0.6403686593333334,25.4514526,47.501263533333336
1113.625,1065.468430078965,48.15656992103504,False,0.8289793113333334,26.7102622,46.827693800000006
752.2,696.7171021948748,55.482897805125276,False,0.5304860364285712,29.360011642857145,44.37733914285714
308.8571429,317.18816037240583,8.331017472405847,False,0.2276812526666666,32.029101733333334,37.712012
613.1714286,628.7289230911982,15.557494491198213,False,0.476263588,32.22288606666666,44.19463313333334
907.7,964.89388323622,57.193883236219904,False,0.7480077733333332,27.469006399999994,45.76378179999999
0.0,22.73780983343539,22.73780983343539,False,1.5969891733333336e-05,22.475012133333333,20.737575266666667
373.8571429,352.7586308391454,21.098512060854603,False,0.257869254,29.363769533333336,35.604502399999994
1167.014286,1096.989791951366,70.0244940486341,False,0.8527403740000001,31.166330933333327,50.69978426666668
1004.1875,936.4251566425331,67.76234335746688,False,0.7228255413333333,26.7209514,47.15762106666666
497.775,473.28975512743847,24.48524487256151,False,0.349962358,32.328025399999994,43.170092666666655
698.2875,742.4710511787399,44.18355117873989,False,0.5679321226666665,27.136891666666664,43.47980553333333
475.3285714,425.27411807378354,50.054453326216446,False,0.3124267953333332,26.8318298,39.08195373333332
321.7875,332.6628884496234,10.875388449623358,False,0.2416248742857143,23.957190357142856,33.04921178571428
573.7875,562.2991263913591,11.488373608640927,False,0.4207671039999999,27.818320733333337,43.250374533333336
629.7285714,597.6488401539849,32.07973124601506,False,0.4497933986666666,27.1061442,42.90284833333333
45.7,81.26285413196024,35.562854131960236,False,0.045347547,22.335686384615386,23.15451523076923
0.0,29.31352442034395,29.31352442034395,False,0.0015752938426666,25.0463766,25.426198266666667
1118.7125,1353.5551156455963,234.8426156455962,True,1.0541559813333337,31.35813793333333,59.133262
7.457142857,32.51694185763674,25.059799000636737,False,0.0083067844,21.2783936,19.96554366666667
1219.342857,1241.3358174566183,21.99296045661822,False,0.962423294,30.6108378,58.55042526666667
1040.0375,1028.709545347636,11.327954652363815,False,0.7926809900000001,28.32269292857143,53.273069
523.7857143,497.619344044948,26.166370255052016,False,0.3741500186666666,26.485955866666668,36.686997266666665
528.9142857,518.7603764218011,10.153909278198967,False,0.3905541093333334,25.104416866666664,36.957327933333325
120.3,142.2735838172807,21.973583817280698,False,0.0878115582857142,32.85124421428571,34.75786921428571
396.1285714,414.80485204952595,18.67628064952595,False,0.3048436553333333,28.30766193333333,38.786185733333326
342.6714286,339.80916729312776,2.8622613068722558,False,0.2482180333333333,25.16503906666667,32.88677139999999
317.3142857,300.7784954788066,16.53579022119345,False,0.2194022685714285,22.792192642857145,28.886864857142857
653.0375,649.3671266658416,3.6703733341583984,False,0.4921659633333334,27.60525313333333,43.148862666666666
922.4,918.7148252947459,3.6851747052540986,False,0.7052360026666665,30.97860513333333,51.86274186666666
714.6714286,660.0390419120334,54.63238668796657,False,0.5032727366666667,27.832635533333328,41.04779260000001
65.2625,86.49242802156651,21.229928021566508,False,0.0467072187333333,27.548073266666663,28.141593400000005
376.7571429,412.72764613544155,35.97050323544153,False,0.3052764092857143,30.771809071428567,37.85851378571428
829.2125,864.1761364580409,34.963636458040924,False,0.6620043019999999,30.089862066666665,50.091819333333326
502.4125,479.079663909139,23.332836090861008,False,0.359172322,23.66407273333333,35.258107466666665
836.6,912.161506180502,75.56150618050196,False,0.6977725753333333,34.48483913333333,55.32990506666666
324.35,328.8407969914858,4.490796991485752,False,0.2427383993333333,23.899300266666664,29.06023366666667
973.5125,958.5683690328741,14.944130967125943,False,0.7444816766666666,28.601291866666667,44.703940933333335
35.0375,53.51687467616979,18.47937467616979,False,0.0245571073333333,21.9280518,21.149878
1058.475,944.7042549409139,113.77074505908604,False,0.7343688020000001,25.898872933333333,42.364294333333326
578.9714286,577.1196554078344,1.851773192165524,False,0.4392469226666666,25.790447933333336,36.467413466666656
1106.6625,1222.9529368663807,116.29043686638079,False,0.9492787793333332,28.9500306,56.0328042
767.5,740.3249636459128,27.175036354087183,False,0.563158282,29.738852999999995,47.4182232
1036.5,1117.7023834563443,81.20238345634425,False,0.8653040006666666,30.85634553333333,54.68991706666667
122.1,137.99901387179287,15.899013871792874,False,0.08722808,28.11065073333333,29.98121346666667
841.0875,898.5747385268778,57.48723852687783,False,0.6815564133333333,30.402663066666666,58.3018188
1207.1,921.8486090015556,285.2513909984443,True,0.7195252226666667,26.36005846666667,38.9274884
130.725,145.4263792827597,14.701379282759717,False,0.0940941717857142,26.5301995,28.573238
1091.528571,1053.101954000609,38.426616999390944,False,0.8167528573333332,28.6059632,49.59524293333333
164.425,160.67996922120867,3.745030778791346,False,0.1060586724666666,26.71589153333333,29.159596866666664
851.9125,858.9260055618932,7.013505561893226,False,0.6629108933333333,27.61693933333333,44.15874253333334
286.3142857,298.09855113796317,11.784265437963143,False,0.206959974,32.85396113333333,42.799833
612.625,572.6098998807355,40.0151001192645,False,0.42740474,29.107385266666668,45.503061933333335
235.8375,232.7305086291228,3.1069913708772106,False,0.167161456,23.25484613333333,25.770912666666668
275.4625,280.9291072331115,5.466607233111517,False,0.2016386213333333,25.41951306666667,31.412544733333327
0.0,25.769239059729117,25.769239059729117,False,0.0001658766313333,26.056652733333333,24.46637366666667
906.2857143,833.7154336025623,72.57028069743774,False,0.6400822713333334,26.43365886666667,45.66096399999999
1062.8875,873.6641421408419,189.2233578591581,True,0.6676724242857142,30.929628642857143,52.4254235
44.84285714,63.94096550830308,19.09810836830308,False,0.0333103492857142,21.65816592857143,20.84060435714285
1310.571429,1208.295485336847,102.27594366315316,False,0.9430199413333334,27.5224672,50.04055993333334
373.3857143,361.9259642472313,11.459750052768698,False,0.2639367406666666,29.373718266666668,36.96112066666667
1262.928571,1353.5551156455963,90.62654464559637,False,1.0541559813333337,31.35813793333333,59.133262
17.4,39.981300849533056,22.581300849533058,False,0.0126500733333333,23.42726453333333,22.553234866666664
845.0285714,824.7617054488202,20.266865951179852,False,0.63148828,28.183992466666663,47.58702806666666
793.9857143,825.141685290681,31.155970990681,False,0.6364364953333334,26.220489466666667,42.41054713333334
0.0,24.28660797091312,24.28660797091312,False,0.0001250367553333,24.372711266666663,22.6416768
70.4,90.59176728204548,20.191767282045475,False,0.0509663638,25.6725036,26.492338066666665
828.1428571,773.2727435581668,54.870113541833234,False,0.5889013319999999,29.55849613333333,48.52688860000001
440.9857143,418.049953766858,22.935760533142002,False,0.3057066466666666,32.32926846666666,42.2032632
1028.171429,1031.154417706168,2.982988706168044,False,0.7957694813333333,29.678208266666665,52.84774173333333
1133.728571,899.8734686639033,233.85510233609682,True,0.6880905792857142,30.900615071428568,53.412794
1157.125,1353.5551156455963,196.4301156455963,True,1.0541559813333337,31.35813793333333,59.133262
0.0,26.445291151240855,26.445291151240855,False,0.0028424610064285,21.69549992857143,20.599559285714285
823.6375,858.9260055618932,35.2885055618932,False,0.6629108933333333,27.61693933333333,44.15874253333334
1149.5,961.128784066495,188.37121593350503,True,0.7403816392857143,28.62208571428572,50.49866800000001
593.375,561.7370106233118,31.63798937668821,False,0.4227470493333333,31.0069884,42.35145673333333
1119.457143,1047.3977503224673,72.05939267753274,False,0.812712094,26.824531933333333,48.231018133333336
791.9285714,855.366718487959,63.43814708795901,False,0.6525659726666667,32.07957366666666,53.019840733333325
256.8375,256.5576375238635,0.2798624761364863,False,0.1853613693333333,22.82434493333333,26.831990666666663
1015.342857,1063.77841045905,48.435553459050084,False,0.8238694766666665,30.200903066666665,51.813018666666665
37.35,57.85917754349532,20.50917754349532,False,0.0291135531333333,23.35637213333333,20.837968
332.5285714,310.225418794205,22.303152605794992,False,0.2271388021428571,22.874956357142857,28.931237142857142
190.4571429,194.34617179768546,3.8890288976854492,False,0.1312115527333333,25.179372266666665,30.78227753333333
268.6125,271.120869910689,2.508369910688998,False,0.1932886153333333,26.307415666666667,32.08403093333333
1193.7,1105.4551714176014,88.24482858239867,False,0.8554001073333332,29.45011986666667,53.953094466666656
1166.675,1231.5885385230008,64.91353852300085,False,0.9582277686666664,29.6144756,54.57635513333332
527.8857143,555.6242621014673,27.738547801467234,False,0.4111925310666667,30.10173753333333,48.06596086666667
159.7857143,142.95504219050747,16.830672109492525,False,0.0975767968666666,22.135064666666665,21.531044466666668
5.3875,30.61122283609308,25.22372283609308,False,0.0066135848333333,21.8664428,20.341811066666665
845.4714286,801.8526624930242,43.61876610697573,False,0.6065786866666667,32.30898653333334,55.08829360000001
218.625,225.32642960508545,6.701429605085451,False,0.1565710793333333,26.9659322,31.59396966666667
371.975,364.1827216880354,7.792278311964651,False,0.2725619585714286,23.184509285714288,27.96154764285714
847.0428571,805.7890565086689,41.25380059133113,False,0.6186352253333331,27.544490533333327,44.7877972
121.44,139.6306830169239,18.190683016923913,False,0.0901317685454545,24.278403545454545,26.86244345454546
230.0428571,281.18204353340286,51.13918643340287,False,0.2052391053333333,24.857926333333328,28.002966266666665
605.0857143,554.7453714672081,50.34034283279186,False,0.423195788,26.7497132,34.74134893333333
613.7714286,569.1488350368206,44.62259356317941,False,0.4301018386666667,24.460260066666663,38.327647133333336
172.1,182.19919150870203,10.099191508702035,False,0.1235097679333333,26.824678533333337,29.386724733333327
48.78571429,68.95327176097453,20.16755747097453,False,0.0381347714,21.863590533333333,20.2624066
852.5571429,752.4529001964958,100.10424270350427,False,0.5736166646666666,28.371838400000005,46.34689126666667
1291.0,1256.8813702583511,34.118629741648874,False,0.9751613035714286,30.92911621428572,58.69564164285714
174.3625,178.68893619374938,4.326436193749373,False,0.119259876,23.109639466666664,29.0602518
764.0428571,623.4817682065299,140.56108889347013,False,0.4696780846666667,30.64887906666667,45.644804066666666
239.8857143,240.2866016753174,0.40088737531741003,False,0.1652971236,30.436910066666663,36.399023133333344
991.6571429,1154.8745213578177,163.21737845781763,False,0.892777234,30.676135400000003,57.4164388
786.4,751.9737188390089,34.42628116099104,False,0.5725103686666667,33.45063293333333,49.20921033333333
588.675,575.4077072009821,13.26729279901781,False,0.4324710653333333,30.035451333333327,43.3170714
7.2875,32.51694185763674,25.229441857636736,False,0.0083067844,21.2783936,19.96554366666667
667.4428571,628.5399618985875,38.902895201412434,False,0.480099376,27.128527933333327,38.26693913333333
34.32857143,53.24508255521544,18.916511125215443,False,0.0266036344666666,21.227468,18.72892853333333
620.5125,629.1271626943046,8.61466269430457,False,0.4785613493333333,25.00489506666667,39.233233733333336
151.2,169.08549802175716,17.885498021757172,False,0.1119324913333333,28.99113573333333,31.0937296
123.125,139.88741930623712,16.76241930623712,False,0.0869776312666666,29.13962606666667,32.1050026
953.9285714,944.8078092922971,9.120762107702944,False,0.725001628,30.0071574,52.9624858
854.0285714,962.946214911268,108.91764351126801,False,0.7409205246666666,32.33336766666667,52.991542466666665
142.4875,155.29724305931634,12.809743059316332,False,0.1023283072,26.401951266666664,28.3863546
852.575,827.9947827558199,24.580217244180176,False,0.6374122793333333,27.20111693333333,44.107206266666665
1027.35,1004.0551780123536,23.294821987646287,False,0.7729503573333332,30.39099113333333,53.7158892
7.842857143,34.159990360852056,26.317133217852057,False,0.0070536268133333,25.386586466666667,24.1691102
1007.225,899.8734686639033,107.35153133609674,False,0.6880905792857142,30.900615071428568,53.412794
127.225,146.01704284511948,18.792042845119482,False,0.0927983004,29.4934264,31.516186533333336
167.2428571,206.98827890864868,39.74542180864867,False,0.1486546339999999,23.788940466666663,23.575608266666663
8.4,34.617867313508256,26.217867313508258,False,0.0096864394666666,21.53003333333333,20.394429466666665
163.05,222.65381660244438,59.60381660244437,False,0.161645104,22.15570466666667,22.733018
1184.4,1336.0589479260598,151.65894792605968,False,1.0365607706666664,31.9470338,62.420866
1180.728571,1159.3762803759287,21.35229062407143,False,0.9000696606666667,29.735261933333334,53.64847206666667
436.0,398.5713228848707,37.42867711512929,False,0.2980529893333333,23.8905234,30.79129613333333
193.4714286,195.11096787926823,1.6395392792682344,False,0.1329208607142857,28.140496428571428,31.05289985714285
588.3142857,588.0593534454969,0.25493225450316004,False,0.4473209473333333,25.21634506666667,37.05501713333334
489.2285714,446.4669611453184,42.761610254681614,False,0.3273317526666667,29.847798466666667,42.69290366666666
916.8857143,834.6735767547199,82.21213754528014,False,0.638300066,29.892468333333333,49.5533302
350.4125,395.6833063457199,45.270806345719905,False,0.2912888885714286,32.67632835714286,38.693878142857145
88.4,109.82046460167206,21.42046460167205,False,0.0713916354666666,22.1559958,20.62310193333333
871.575,838.0511407086126,33.52385929138745,False,0.6433630186666666,30.8197694,47.81379373333333
600.2142857,560.8595824827355,39.3547032172645,False,0.4246341313333333,25.68465353333333,37.61702466666667
200.45,212.5383927887202,12.0883927887202,False,0.1451273186666666,30.171648933333334,33.8750304
881.0285714,740.3249636459128,140.70360775408722,False,0.563158282,29.738852999999995,47.4182232
912.7125,798.8634114286833,113.84908857131666,False,0.613399808,31.724595200000003,46.1821414
979.825,940.9411723400726,38.88382765992742,False,0.7277635133333333,26.6301878,45.9655842
0.0,27.592659300981033,27.592659300981033,False,0.002114633124,23.8018982,23.067795866666664
810.2285714,724.776961468218,85.45160993178195,False,0.5591777066666666,25.460363866666665,37.3852784
151.7142857,158.10632987043365,6.39204417043365,False,0.1091689054285714,22.247434428571427,22.354954428571432
860.075,747.0367511904079,113.03824880959212,False,0.5722872473333334,26.1179402,42.4683164
624.9625,597.4565879327099,27.50591206729007,False,0.453461884,27.390254733333336,39.45489506666667
459.2142857,450.7256477252581,8.488637974741891,False,0.340201678,23.590940333333336,31.234486866666668
778.4857143,839.3306205037404,60.84490620374038,False,0.642219944,33.418438800000004,50.9835652
54.6,75.87357314712885,21.27357314712885,False,0.0397878830714285,25.59105335714285,25.627179785714283
1090.466667,1164.7164189851655,74.24975198516563,False,0.9024616809090908,31.52517981818181,56.276514181818186
150.9428571,172.10325983716112,21.16040273716112,False,0.1196465384666666,22.075207466666665,23.212565
388.8875,398.31549147853053,9.427991478530544,False,0.289312882,34.6127872,43.38971593333332
0.0,30.28935127877724,30.28935127877724,False,0.0012636806146,28.56131,27.98389913333333
35.02857143,62.00193003985657,26.973358609856568,False,0.0265550992666666,29.59416113333333,29.093566866666663
847.1142857,742.1555967030546,104.9586889969454,False,0.5761803393333333,25.37993566666667,34.78068233333334
658.2125,578.4624105421075,79.7500894578925,False,0.4346433879999999,28.541935266666663,42.981264133333326
1021.842857,972.3975679039854,49.44528909601456,False,0.7516814453333333,28.077587800000003,48.34034806666667
718.0625,676.0291486361529,42.033351363847146,False,0.5102416726666666,35.25248613333334,49.98867166666666
463.6,389.002947644552,74.597052355448,False,0.2919487846666666,25.028104666666668,29.65835566666667
941.1625,855.6268432034938,85.53565679650626,False,0.6613730869230768,26.13696276923077,42.4293093076923
252.5625,266.7635836774779,14.201083677477925,False,0.1895537733333333,27.695955466666668,32.8359476
598.1125,590.5858968921717,7.526603107828237,False,0.4474868786666667,25.93090606666667,39.14253953333334
568.225,543.4876040380591,24.737395961940933,False,0.4059969573333333,29.043869866666665,43.17022886666666
1281.642857,1231.5885385230008,50.05431847699924,False,0.9582277686666664,29.6144756,54.57635513333332
188.9714286,208.171618578887,19.20018997888701,False,0.1471822867333333,23.208211133333336,25.60406513333333
641.5125,573.7421918165418,67.77030818345827,False,0.4349046853333333,24.86980793333333,37.53728039999999
51.34285714,67.07409047218974,15.731233332189738,False,0.0349704387333333,21.8738464,21.782067666666663
11.24285714,40.87606157269225,29.633204432692253,False,0.0104024432133333,27.792637066666668,27.22354733333333
562.8125,494.27033557641823,68.54216442358177,False,0.374390925,24.324541357142856,32.964675928571424
230.2125,248.1953602822931,17.982860282293103,False,0.174294533,28.7508078,33.324613199999995
608.0571429,552.4218441871883,55.63529871281173,False,0.416091588,27.42642006666667,39.88621046666666
1095.585714,980.1781804132739,115.40753358672612,False,0.754716712,28.85416453333333,51.79728806666666
513.7125,471.8410812575361,41.8714187424639,False,0.3538028446666666,29.1737934,37.11314493333333
400.7428571,373.52319381431874,27.219663285681236,False,0.278052918,24.027254133333333,30.348887333333334
810.45,732.5844467806425,77.8655532193576,False,0.5611673299999999,26.907450200000007,42.12864373333333
767.2857143,745.1207556991845,22.164958600815453,False,0.5639184546666666,27.5785664,49.444277133333344
409.5875,426.6624264260757,17.074926426075706,False,0.3143966613333332,30.61301473333333,39.94118873333333
0.0,24.747542967725646,24.747542967725646,False,6.189576866666667e-05,25.57590346666667,23.5736836
948.0375,899.8734686639033,48.16403133609674,False,0.6880905792857142,30.900615071428568,53.412794
116.4625,114.20448365898956,2.258016341010446,False,0.0749735576,21.4259318,20.3191406
9.7,32.34711549524739,22.647115495247387,False,0.0090791752333333,21.767089866666662,19.32609053333333
602.75,579.2243472059806,23.52565279401938,False,0.4341309313333333,26.98462526666667,43.369055266666656
689.575,572.7266618803933,116.84833811960675,False,0.430022742,28.79405306666667,43.01357606666667
1117.683333,1131.66825196438,13.984918964380086,False,0.869908956,32.5278644,61.80199160000001
997.7714286,918.7148252947459,79.05660330525416,False,0.7052360026666665,30.97860513333333,51.86274186666666
172.4714286,169.44323903812187,3.028189561878122,False,0.1128437932,26.589176466666665,29.4781636
1098.1125,1269.5901085395753,171.47760853957539,False,0.9900746606666666,28.609558066666665,53.49905786666666
977.7,1014.6117669287762,36.91176692877616,False,0.771698892,28.96689653333334,62.345989
165.4,184.69846921182344,19.29846921182343,False,0.1254085300666666,26.03677973333333,29.186376866666667
343.9,338.01690623138984,5.883093768610138,False,0.2425447946666666,32.82929440000001,40.124707066666666
569.6142857,574.777759217479,5.163473517479019,False,0.4224988753333333,33.88692626666666,53.80755813333333
570.0857143,531.0514142273609,39.0343000726391,False,0.401583068,25.976375266666665,36.446625
413.75,480.1266220418196,66.37662204181959,False,0.361205644,26.3079448,35.30504146666667
923.275,888.2343521637163,35.04064783628371,False,0.6824211164285713,30.11147635714285,49.456279
493.2125,450.6799181306491,42.53258186935085,False,0.3386504113333334,24.42785433333333,33.0092104
107.1142857,117.1846039337772,10.0703182337772,False,0.0716163500666666,24.2918964,26.972265600000004
69.37142857,116.59606614554883,47.224637575548826,False,0.0711483807333333,27.9018616,28.519918
193.4714286,241.4747529295412,48.003324329541215,False,0.1765047716666666,22.87512186666667,23.57799266666667
457.3875,459.8200744290949,2.4325744290949274,False,0.3454415426666666,24.829638666666668,33.83913526666666
672.3333333,939.6156101870587,267.28227688705863,True,0.718638987,33.757623499999994,56.5494842
794.4875,778.9661663205849,15.52133367941508,False,0.5980412346666665,26.5877218,43.06868493333333
358.1285714,332.1347332416849,25.9938381583151,False,0.2436291773333333,23.165612733333333,30.43214306666667
712.0125,657.2105959991483,54.80190400085178,False,0.495956084,29.553806533333333,46.45627853333334
976.6125,984.8062862869185,8.193786286918566,False,0.7549121526666667,34.382596666666664,57.54735093333333
1029.842857,928.163104303932,101.67975269606814,False,0.7167022733333334,28.98237106666667,47.528133
674.9125,694.5976919570147,19.685191957014695,False,0.5299622466666666,27.355015066666667,42.377244466666674
194.7625,195.64716374098398,0.8846637409839957,False,0.1381154516666666,22.6524518,24.241701266666663
916.8,999.0521810735343,82.2521810735343,False,0.7723580713333332,29.23562,49.9406148
953.0571429,870.6907992555706,82.36634364442943,False,0.6753042113333334,25.79386393333333,40.80645753333332
0.0,23.158785056786993,23.158785056786993,False,0.0005523642353333,21.4640382,20.121873
762.3428571,751.0035257959692,11.339331304030793,False,0.576459514,27.546154666666663,42.22754713333333
749.425,641.0930235814878,108.33197641851211,False,0.476600342,33.761303733333335,54.00686426666665
0.0,23.505350845065124,23.505350845065124,False,0.0002446326267021,22.18672828571429,20.98682278571429
488.0428571,466.67802720574724,21.36482989425275,False,0.3506713633333333,25.524094533333333,34.50640073333333
998.5142857,1044.117817976608,45.60353227660801,False,0.8096695786666664,28.2830628,49.19147753333333
1009.442857,889.7182284993474,119.72462850065256,False,0.6841737733333335,27.55344846666667,47.8497312
0.0,25.961427187101997,25.961427187101997,False,0.000143387096,25.324770066666662,24.317897533333333
904.6571429,924.688678184941,20.0315352849409,False,0.7181465133333333,28.7229654,43.40939126666667
155.4,172.5523909917142,17.152390991714185,False,0.1159292518,26.462915066666664,28.923132466666665
206.7142857,184.9430800391801,21.771205660819902,False,0.1306238946666666,23.6877706,23.490259000000005
841.8625,751.0035257959692,90.8589742040308,False,0.576459514,27.546154666666663,42.22754713333333
1214.357143,1166.601580875792,47.75556212420793,False,0.907252704,28.7513204,52.048053133333326
1316.0625,1348.164900018091,32.102400018090975,False,1.0477749826666665,30.58406566666667,60.62906306666667
646.4285714,539.8738582965104,106.55471310348958,False,0.4031702393333333,26.958341533333336,42.141090666666656
1190.528571,1182.4648030722547,8.063767927745403,False,0.9131820933333334,30.38230993333333,59.35841486666666
0.0,26.240900870952885,26.240900870952885,False,0.00035944967324,28.97306333333333,25.9079486
810.8857143,794.5187738188424,16.3669404811576,False,0.6102461506666667,26.9201314,43.72293526666667
496.5428571,453.13717531852586,43.40568178147413,False,0.3413168086666666,23.40423586666667,31.958345733333328
28.54285714,52.536077307794464,23.993220167794465,False,0.0214776268,25.545349066666663,24.837803066666662
124.9125,131.601337140964,6.6888371409640115,False,0.0829558039333333,23.232289466666664,26.9630168
229.8875,268.3126814315573,38.42518143155729,False,0.1964333966666666,23.61099233333333,25.83404733333333
711.1142857,664.5867527314551,46.52753296854485,False,0.5060438120000001,29.012854,42.45200799999999
348.9571429,355.6682012033308,6.711058303330788,False,0.25664592,30.836218333333328,39.6094684
1053.9,971.0700550735435,82.82994492645662,False,0.7472785953333334,27.397644133333333,51.1395304
736.2857143,695.5340132063304,40.75170109366957,False,0.5274703919999999,30.22064013333333,46.65866706666667
692.7142857,668.8813617512599,23.83292394874013,False,0.5104697813333334,26.212556866666667,40.39654946666667
345.7625,292.17499178302586,53.58750821697413,False,0.2161701353333333,24.0490642,25.863409466666663
464.9285714,518.7603764218011,53.831805021801074,False,0.3905541093333334,25.104416866666664,36.957327933333325
219.3857143,221.6722339152893,2.2865196152893077,False,0.1544666584,26.0342224,30.358787133333337
1172.5,1190.7220710365655,18.222071036565467,False,0.9193798739999998,32.848590333333334,60.95937106666666
1181.542857,831.9513549954918,349.59150200450813,True,0.6356642493333334,29.261606933333333,49.6573588
1198.814286,1178.728983616552,20.085302383448152,False,0.9129294213333332,30.19451906666667,56.65431326666666
637.7375,616.6606758409232,21.07682415907675,False,0.462262998,32.458738266666664,48.128287933333326
904.3125,984.6151941407796,80.30269414077964,False,0.761243312,32.39142040000001,50.631239933333326
930.5285714,990.9942124612377,60.46564106123765,False,0.754565452,31.858074933333327,61.51417646666666
929.1375,892.0914408051012,37.04605919489882,False,0.6855142546666666,28.9166118,49.0042542
775.4125,873.55913465972,98.14663465972001,False,0.6704487179999999,27.71488233333333,48.363682
850.1125,855.6268432034938,5.514343203493809,False,0.6613730869230768,26.13696276923077,42.4293093076923
727.2125,623.4817682065299,103.73073179347011,False,0.4696780846666667,30.64887906666667,45.644804066666666
33.94285714,53.24508255521544,19.30222541521544,False,0.0266036344666666,21.227468,18.72892853333333
152.3857143,158.81894038232608,6.433226082326087,False,0.1090379683333333,22.45271393333333,23.1112346
435.525,422.56218008717565,12.96281991282433,False,0.306095652,34.31009746666667,46.1497108
129.4375,142.2735838172807,12.836083817280695,False,0.0878115582857142,32.85124421428571,34.75786921428571
1140.975,1006.6885834957752,134.2864165042247,False,0.7802876913333333,30.08868206666667,48.752494133333336
807.1,763.4304529364737,43.66954706352635,False,0.58660541,28.766581200000005,42.79567873333334
769.3875,1016.5566266122406,247.16912661224058,True,0.7878660286666666,31.50729773333333,49.84449266666666
329.8571429,386.0054573012233,56.14831440122333,False,0.291636115,23.072224285714285,26.810551285714286
94.4875,114.74561649066243,20.25811649066243,False,0.0674540515333333,32.45497006666667,32.520924533333336
373.8,366.73965568060345,7.060344319396563,False,0.2645778099999999,26.346307466666666,38.737007666666656
402.5,584.8924274211105,182.39242742111048,True,0.4418567756666667,29.92045486666667,41.76569859999999
771.925,736.3421680191809,35.58283198081904,False,0.561811632,27.030932600000003,44.45619293333334
965.7,915.3371325070567,50.36286749294334,False,0.702748034,28.7853558,50.65149946666666
7.9875,31.729170319698945,23.741670319698944,False,0.00783505386,21.150111866666663,19.747505800000003
1095.775,1077.9805661383962,17.79443386160392,False,0.835832152,29.9514374,51.408309800000005
544.3375,508.9056725701201,35.43182742987989,False,0.3822117121428572,27.89843528571428,38.410527071428575
136.1857143,130.3892488931596,5.796465406840412,False,0.085784176,23.556774866666668,23.536191933333328
1292.385714,1390.952188617066,98.56647461706598,False,1.0894755359999997,29.817582266666665,54.12078233333333
1007.928571,971.1968399070261,36.73173109297397,False,0.7504526286666667,28.559281400000003,48.776688333333325
853.3,819.4388485805533,33.86115141944663,False,0.6250849942857142,34.05229864285714,52.027917142857135
822.35,776.764150308909,45.58584969109097,False,0.5932437233333331,26.840596666666663,45.97044666666666
333.5142857,317.18816037240583,16.326125327594184,False,0.2276812526666666,32.029101733333334,37.712012
372.6875,393.700306803184,21.01280680318399,False,0.2833920893333333,29.42465813333333,43.14005753333333
849.1125,763.4304529364737,85.68204706352628,False,0.58660541,28.766581200000005,42.79567873333334
1014.4625,1001.2015443514009,13.260955648599065,False,0.7722379753333333,27.690804,51.029305
457.6857143,434.01134114893523,23.674373151064742,False,0.320387256,27.95182086666667,38.8228558
924.9,951.3781143130989,26.4781143130989,False,0.7337398671428571,28.672439642857142,49.257720857142864
755.6,729.6144809351983,25.98551906480168,False,0.5601515626666665,27.553778,41.08350839999999
285.1428571,292.9730241136485,7.830167013648463,False,0.2100267246666666,26.4934388,33.26473993333333
767.9875,761.9247272770065,6.062772722993486,False,0.5822891546666668,28.40100513333333,45.513633466666654
1244.1375,1229.7099246646326,14.427575335367465,False,0.954714792,30.003688533333328,56.585726
659.7,628.5399618985875,31.16003810141251,False,0.480099376,27.128527933333327,38.26693913333333
640.8,777.3681758931446,136.5681758931446,False,0.601040456,27.86605026666667,39.599638000000006
955.2625,1063.77841045905,108.51591045905002,False,0.8238694766666665,30.200903066666665,51.813018666666665
109.2,136.81125984000096,27.611259840000955,False,0.0836154068666666,31.958078800000003,34.10791773333333
433.0375,427.02621675794666,6.011283242053366,False,0.319270414,23.30529986666667,32.51050999999999
519.3125,541.9026519978647,22.590151997864723,False,0.4089987206666667,24.8309816,37.33390526666666
474.6142857,452.5578115991294,22.05647410087056,False,0.3378309306666666,28.035068666666664,36.771075733333326
696.5125,605.8342399650571,90.67826003494292,False,0.4595029573333333,27.66269933333333,40.34541599999999
97.45714286,125.61429765955874,28.15715479955874,False,0.0770711165333333,29.534391266666667,30.59927986666668
426.6857143,453.72129341243925,27.03557911243928,False,0.3312335933333333,32.9282166,45.9347556
697.0285714,704.2742854070173,7.245714007017227,False,0.5263585046666664,30.6310384,54.56202766666667
208.1857143,184.9430800391801,23.242634260819898,False,0.1306238946666666,23.6877706,23.490259000000005
924.9285714,1084.1946782204182,159.26610682041814,False,0.8371243526666667,33.64918780000001,56.556677533333335
493.7571429,511.0364474369287,17.27930453692869,False,0.3835502693333333,25.646803733333336,37.81797673333334
0.0,23.826038505359957,23.826038505359957,False,0.0010356957873333,21.5162558,20.20396513333333
727.8,557.7014826906377,170.09851730936225,False,0.4188771033333333,27.404044666666664,41.316923333333335
1105.8,1154.1031641093746,48.30316410937462,False,0.8971673586666666,28.4727662,51.776054
179.4285714,206.98827890864868,27.55970750864867,False,0.1486546339999999,23.788940466666663,23.575608266666663
770.3,822.3135179019612,52.01351790196122,False,0.6302828366666666,26.186218200000003,45.974644000000005
67.4,84.39585912954078,16.995859129540776,False,0.0510381027333333,21.996521066666663,20.094380866666672
225.4375,225.32642960508545,0.11107039491454884,False,0.1565710793333333,26.9659322,31.59396966666667
397.3142857,346.20254716443156,51.11173853556846,False,0.2536736326666666,26.81922213333333,33.402895400000006
343.0428571,328.8407969914858,14.202060108514218,False,0.2427383993333333,23.899300266666664,29.06023366666667
0.0,27.741787149491177,27.741787149491177,False,0.0006909272933333,28.444854666666668,26.5186422
221.175,227.54798180742125,6.37298180742124,False,0.1562854073333333,30.2077474,34.96258519999999
854.7,822.2032407179071,32.49675928209297,False,0.6257630746666667,29.9443218,51.73378113333333
1335.3,1318.5841626294205,16.715837370579493,False,1.0311831480000002,29.79234406666667,53.1358704
336.7428571,358.49703910973375,21.754182009733768,False,0.26604703,25.389813333333336,30.644789666666664
729.5285714,685.3886856854901,44.13988571450989,False,0.5243561353333333,28.41093753333333,41.019122266666656
208.5428571,184.9430800391801,23.59977706081989,False,0.1306238946666666,23.6877706,23.490259000000005
794.2285714,991.8414682120641,197.61289681206415,True,0.7624467326666666,30.91771053333333,54.40039266666666
589.475,580.1222584502616,9.352741549738425,False,0.4385864393333333,26.92924806666667,39.8739748
312.7714286,347.3659708347748,34.59454223477485,False,0.2576330546666666,24.115726666666664,29.42869673333333
128.6,146.01704284511948,17.417042845119482,False,0.0927983004,29.4934264,31.516186533333336
51.6375,75.0605009067179,23.423000906717903,False,0.0369035885714285,28.82632671428572,29.096067142857144
28.9,53.43909127577622,24.539091275776222,False,0.02162753825,26.388253500000005,25.75343757142857
1140.528571,1236.3310455342043,95.8024745342043,False,0.9587208273333332,30.648152666666665,58.192274733333335
873.2571429,1011.517665517518,138.26052261751806,False,0.7758027066666667,29.893628,56.54914560000001
171.6,169.26433329738842,2.335666702611576,False,0.1162776123333333,23.02395633333333,24.594645266666667
676.4857143,595.6295100109593,80.85620428904076,False,0.454945416,24.945296133333336,35.61483133333333
173.9125,182.19919150870203,8.286691508702035,False,0.1235097679333333,26.824678533333337,29.386724733333327
1185.175,1201.2187869195159,16.043786919515924,False,0.931341062,29.4410646,56.354778933333336
722.3428571,664.0394827122842,58.303374387715735,False,0.5036263826666665,32.436879733333335,45.77020906666667
834.5571429,782.2856368960877,52.27150600391235,False,0.6021715766666667,28.496042933333328,42.57935760000001
1032.75,1182.0564671635334,149.3064671635334,False,0.9182852226666663,27.994940266666667,53.25080986666667
914.0,944.8078092922971,30.807809292297065,False,0.725001628,30.0071574,52.9624858
341.4142857,330.4732176593908,10.941068040609196,False,0.2447378533333333,23.763501066666667,28.384606933333338
752.875,723.6240010067685,29.25099899323152,False,0.5473548466666667,29.9082072,49.460659
1053.6875,1017.3657088341758,36.32179116582415,False,0.7835893886666667,32.98554906666667,55.0942282
932.575,982.9575684014887,50.3825684014887,False,0.76237895,28.371896071428573,46.56454507142857
228.9714286,236.43833931471002,7.466910714710025,False,0.163290324,29.58132926666667,34.95715533333333
286.5714286,276.3744159481761,10.197012651823911,False,0.1971915986666666,27.048868933333328,32.782216333333324
81.55714286,95.09583217899315,13.53868931899315,False,0.0579955505333333,21.680248933333328,21.65212806666667
273.4875,272.86400039321626,0.6234996067837528,False,0.196718574,23.2902242,28.91189793333333
762.075,749.1751675152713,12.89983248472879,False,0.5750738046666666,26.4731404,41.65764953333333
909.975,996.1426888242871,86.1676888242871,False,0.7660080266666666,28.3790078,53.2701114
70.2875,116.59606614554883,46.30856614554884,False,0.0711483807333333,27.9018616,28.519918
97.32857143,111.59493187230919,14.266360442309193,False,0.0679638256428571,26.070382142857145,26.87296621428572
520.3142857,523.5060719598789,3.1917862598788815,False,0.3933412785714285,24.082292928571427,37.545538642857146
371.1142857,347.90377250262674,23.210513197373245,False,0.2492484,27.516727866666667,39.136326
147.3571429,146.8101573815835,0.5469855184165056,False,0.0998780443333333,21.185152066666664,21.922501733333327
801.8428571,802.4562412008728,0.6133841008728496,False,0.6152906573333333,27.205737133333333,45.212386133333325
733.8125,690.3295299668997,43.48297003310029,False,0.5192661353333333,32.275811866666665,51.221810066666656
591.7428571,537.1434066121525,54.59945048784755,False,0.4066447513333333,25.796405,36.3065082
973.6375,835.5761921718048,138.06130782819525,False,0.636164586,31.31397713333333,52.8518024
210.1714286,220.73939068911037,10.567962089110353,False,0.1547126757142856,24.8159595,28.888477857142853
905.4142857,817.6344455982372,87.77984010176283,False,0.62916335,30.049153666666665,45.10961906666667
863.0428571,878.1771064775996,15.134249377599645,False,0.6737647459999999,28.074165800000003,48.958026200000006
656.35,599.4731447093856,56.87685529061446,False,0.4540012586666666,25.058563266666663,39.48617746666665
799.9285714,805.9341470664344,6.005575666434424,False,0.611296238,31.9529074,53.654715866666656
628.0142857,568.4923788754381,59.521906824561825,False,0.4313674273333333,25.9910524,37.30622160000001
31.8375,56.830393718877446,24.992893718877447,False,0.0247498541333333,25.614040133333333,25.0996826
1270.7875,1105.4551714176014,165.33232858239853,False,0.8554001073333332,29.45011986666667,53.953094466666656
793.4714286,803.8290535262431,10.357624926243147,False,0.6172084186666666,26.939325000000004,44.3578572
247.3875,281.18204353340286,33.79454353340287,False,0.2052391053333333,24.857926333333328,28.002966266666665
569.0571429,562.8766568238726,6.1804860761274085,False,0.4233145246666666,27.93405566666667,41.36491266666666
265.5857143,258.48752988827937,7.098184411720638,False,0.1875066193333333,24.505352933333327,27.033671066666663
137.5285714,130.3892488931596,7.139322506840415,False,0.085784176,23.556774866666668,23.536191933333328
226.1375,217.4750090633877,8.6624909366123,False,0.1528612619999999,22.1382732,26.9603476
881.4714286,781.8922044579724,99.57922414202756,False,0.5994605753333334,29.05773106666667,45.0513366
972.6571429,921.8486090015556,50.808533898444466,False,0.7195252226666667,26.36005846666667,38.9274884
942.7428571,817.6344455982372,125.10841150176282,False,0.62916335,30.049153666666665,45.10961906666667
767.4625,800.3461172543045,32.88361725430457,False,0.6145960239999999,28.671067200000003,44.87971400000001
308.6625,313.27435925292497,4.611859252924944,False,0.2224269813333333,31.461081866666667,39.37515073333333
1018.528571,948.0430411940605,70.48552980593956,False,0.730578768,30.299320466666668,50.359466600000005
280.7,272.86400039321626,7.83599960678373,False,0.196718574,23.2902242,28.91189793333333
106.625,120.5113018937731,13.886301893773094,False,0.0781386402,21.8746846,22.385380200000004
659.075,680.5129344965993,21.43793449659927,False,0.519743282,24.83987853333333,40.04876733333333
270.2625,276.83776235408124,6.5752623540812465,False,0.197582556,26.772544533333328,32.65239666666667
512.8375,541.441895783146,28.60439578314606,False,0.4062958466666666,27.494000133333333,40.65558086666666
989.675,827.5045265402022,162.1704734597978,False,0.63854485,27.87740473333333,42.96753940000001
1099.9625,1052.1811187385547,47.781381261445404,False,0.8122406413333334,31.2210448,54.23274553333334
400.9875,411.1645852895524,10.177085289552394,False,0.3035469626666667,32.72574673333334,39.121545600000005
372.0571429,361.9259642472313,10.131178652768654,False,0.2639367406666666,29.373718266666668,36.96112066666667
389.3,423.11906397196213,33.81906397196212,False,0.3192179526666666,23.4391542,29.62755733333333
242.7125,237.5880639920767,5.124436007923293,False,0.1673700179999999,26.02376913333333,30.4908548
719.3428571,665.828328079145,53.51452902085498,False,0.5028826646666666,28.30027873333333,46.0441244
888.8714286,860.3010687964454,28.57035980355454,False,0.664057878,28.39979053333333,44.47907733333333
498.5375,591.2344804582209,92.69698045822088,False,0.445260018,32.27215373333334,44.45963126666666
859.3,858.9260055618932,0.3739944381067062,False,0.6629108933333333,27.61693933333333,44.15874253333334
1089.442857,942.730092325041,146.71276467495898,False,0.73095554,28.27815892857143,45.06816992857143
788.6125,726.7523447784803,61.860155221519676,False,0.555787044,27.22515273333333,42.82454406666666
9.4375,37.80767524630827,28.37017524630827,False,0.0086745569666666,26.31346433333333,25.84845173333333
1198.8375,1152.3030321344381,46.534467865561965,False,0.8877618960000001,30.494291133333338,60.050757
333.0857143,313.9167499856455,19.168964314354525,False,0.2222456033333333,27.874310399999995,38.48475933333333
0.0,20.3493831351531,20.3493831351531,False,1.4736836000000004e-05,21.506819666666665,18.492340066666667
400.7428571,374.4177157195733,26.325141380426658,False,0.2764912,27.16989953333333,33.85005699999999
205.2571429,200.4573768423386,4.799766057661401,False,0.141257299,23.249164,25.248394733333328
506.0142857,523.0650406986846,17.050754998684567,False,0.3957623673333333,25.354199066666663,35.498592200000004
0.0,25.961427187101997,25.961427187101997,False,0.000143387096,25.324770066666662,24.317897533333333
1240.914286,1256.8813702583511,15.967084258351179,False,0.9751613035714286,30.92911621428572,58.69564164285714
722.5875,720.548833745402,2.038666254597956,False,0.546798932,26.107157266666665,45.982417866666665
84.55714286,108.16142241456038,23.604279554560378,False,0.0652585639285714,24.17417021428572,25.95027171428572
511.2857143,478.69798383018775,32.58773046981224,False,0.3488823366666666,32.66443473333334,48.46199133333333
51.06666667,72.78296876285877,21.716302092858776,False,0.0409023354166666,20.838399333333328,20.166653916666665
114.6714286,131.0246504411605,16.353221841160504,False,0.0826623008571428,25.69048421428572,27.85878635714285
799.7428571,802.4562412008728,2.7133841008727586,False,0.6152906573333333,27.205737133333333,45.212386133333325
797.8285714,758.9682586764923,38.86031272350772,False,0.581595316,30.592580066666667,44.846677466666655
0.0,23.520176530356416,23.520176530356416,False,0.0010542331467857,21.226811071428568,19.82743392857144
429.3,453.72129341243925,24.42129341243924,False,0.3312335933333333,32.9282166,45.9347556
227.6142857,234.25043995720608,6.636154257206073,False,0.1674217992857143,23.115711714285712,26.6308375
1088.7375,1041.7078834430654,47.02961655693457,False,0.8068469279999999,27.371873,49.5876018
183.8375,203.09412799070898,19.256627990708978,False,0.1419404433333333,24.5373984,27.185652866666665
704.275,707.0264401406225,2.751440140622549,False,0.5405936786666665,27.030969466666665,41.825665333333326
15.25,35.04103931624188,19.79103931624188,False,0.0112265629133333,21.6234394,19.321281066666668
1173.05,1182.3190748523234,9.269074852323456,False,0.917253122,31.41328526666667,55.89338740000001
828.825,710.8273495882775,117.99765041172259,False,0.549665794,24.98657813333333,35.3831992
704.6875,655.4371352381539,49.25036476184607,False,0.5004139214285713,26.947897642857143,39.81178307142858
498.4142857,473.28975512743847,25.124530572561525,False,0.349962358,32.328025399999994,43.170092666666655
565.525,515.3334832066898,50.19151679331014,False,0.388530498,25.753749666666668,36.50444326666668
1140.5125,1154.878743889425,14.36624388942505,False,0.8927997,32.26669699999999,58.0866006
372.625,366.73965568060345,5.885344319396552,False,0.2645778099999999,26.346307466666666,38.737007666666656
1246.257143,1304.3907216113644,58.13357861136433,False,1.0191648606666668,27.968046,52.7022728
959.95,827.7395403707724,132.21045962922767,False,0.642086792,26.913202066666663,39.42475606666666
1301.3,1430.017433819009,128.7174338190091,False,1.112296618,31.26550906666667,63.34182940000001
852.9625,1139.956533568838,286.99403356883806,True,0.87740903,33.30490126666667,61.48070286666666
258.6571429,251.19919340263598,7.457949497364012,False,0.1755969835714285,31.90710457142857,35.77269607142857
178.2375,193.6838998527957,15.446399852795679,False,0.1333380648,23.458431066666662,27.546588133333334
42.6875,68.97425285031142,26.286752850311416,False,0.0324079431333333,29.405578533333337,28.884993533333336
511.2285714,471.8410812575361,39.387490142463946,False,0.3538028446666666,29.1737934,37.11314493333333
951.2,1122.0723999354118,170.87239993541175,False,0.869060306,30.189037933333328,54.239634266666656
59.4625,82.46856945868225,23.006069458682255,False,0.042321342,29.846213866666663,30.149639866666664
918.6571429,798.5112916756128,120.14585122438723,False,0.6140467053333332,27.4697428,43.46879073333333
103.1,120.6585571052066,17.558557105206603,False,0.0770268140666666,22.915026866666665,23.98563853333333
144.1125,142.33029481652792,1.7822051834720867,False,0.0940940934,22.33260493333333,24.388740933333327
286.84,482.82763909058576,195.9876390905858,True,0.3646781813333333,23.96825553333333,33.11916906666667
116.9428571,131.0246504411605,14.081793341160505,False,0.0826623008571428,25.69048421428572,27.85878635714285
0.0,27.6018086516081,27.6018086516081,False,9.44485646e-05,28.136104133333337,26.83467813333333
263.3,254.28771280227866,9.01228719772135,False,0.1810615513333333,26.854547133333337,30.850948
65.88,79.9802854250156,14.1002854250156,False,0.0454442841666666,22.344629916666666,22.08666241666667
198.4625,212.5383927887202,14.075892788720182,False,0.1451273186666666,30.171648933333334,33.8750304
335.6125,298.09855113796317,37.51394886203684,False,0.206959974,32.85396113333333,42.799833
1079.1,1053.101954000609,25.998045999390797,False,0.8167528573333332,28.6059632,49.59524293333333
647.3375,670.7317887844216,23.394288784421633,False,0.5104950893333333,27.5968486,42.3875894
706.9285714,567.4355922991169,139.49297910088308,False,0.4304919446666666,26.519590333333333,37.54320873333334
531.4428571,492.1246258892923,39.318231210707665,False,0.3711218493333333,24.408231533333336,34.40989966666667
397.8125,439.45812807941434,41.64562807941434,False,0.330588588,24.91252433333333,32.155680466666674
806.5,951.3781143130989,144.87811431309888,False,0.7337398671428571,28.672439642857142,49.257720857142864
0.0,23.743701028560505,23.743701028560505,False,4.49041162e-05,22.452933666666667,21.47074393333333
89.8875,115.9935875024916,26.10608750249159,False,0.0703570209333333,26.4737508,28.1798118
630.4,596.1028105108037,34.297189489196285,False,0.4511937286666666,28.178857466666667,40.87684526666667
109.6375,121.48484332525304,11.847343325253036,False,0.0792696434666666,22.13967073333333,22.189410333333328
941.0,844.9188712648834,96.08112873511664,False,0.652056834,27.611472733333333,43.56778333333334
1102.0875,1065.468430078965,36.619069921035134,False,0.8289793113333334,26.7102622,46.827693800000006
544.475,535.8146982659691,8.660301734030895,False,0.3988885433333333,33.89057606666666,46.02908119999999
317.5142857,350.0799109853592,32.565625285359204,False,0.24348246,32.707593357142855,48.42773878571429
536.4857143,635.7877443401775,99.30203004017744,False,0.4793892407142857,33.09783492857143,47.05743857142858
450.7125,436.75805626787104,13.954443732128937,False,0.319418066,27.9916526,41.8464274
722.5,668.4155253677465,54.084474632253546,False,0.5092201013333332,30.24165666666667,42.94891766666666
54.91428571,73.57248444760062,18.658198737600614,False,0.0403607207333333,22.981634533333327,22.203200133333333
120.9125,137.99901387179287,17.086513871792874,False,0.08722808,28.11065073333333,29.98121346666667
921.8428571,843.5438814528125,78.29897564718749,False,0.6502135673333332,26.948706133333328,43.94926386666666
964.3571429,835.5761921718048,128.7809507281952,False,0.636164586,31.31397713333333,52.8518024
660.3142857,641.611780418506,18.70250528149404,False,0.4867305466666667,25.66906733333333,41.449745733333344
1106.814286,1001.7376069837367,105.07667901626337,False,0.7764533440000001,29.957515466666667,48.48572366666667
712.775,735.7555327176842,22.98053271768424,False,0.5570693833333333,30.2870728,49.8413636
744.9571429,900.7627414996708,155.80559859967082,False,0.6823728553333333,32.626951000000005,60.1761166
801.5285714,779.5665320520454,21.9620393479546,False,0.592244042,28.858711866666663,49.9206544
379.7571429,363.85948438568795,15.89765851431207,False,0.2680125333333333,24.295941266666667,32.440757133333335
27.1,55.542724037236155,28.442724037236154,False,0.0206756249642857,30.42119707142857,29.995760357142856
970.3571429,1039.7826222742128,69.42547937421284,False,0.8049972373333332,30.42245486666667,51.15997893333333
664.8,631.6964134480891,33.103586551910894,False,0.47842251,26.275140333333333,41.8781982
779.0142857,710.3618752472566,68.65241045274331,False,0.544320384,27.122843333333336,40.93966879999999
45.85,60.34341653605759,14.493416536057588,False,0.0315773199333333,21.83029386666667,19.779553133333337
269.7625,272.86400039321626,3.10150039321627,False,0.196718574,23.2902242,28.91189793333333
627.9714286,562.1243368356742,65.8470917643258,False,0.4160351014285714,32.622796071428574,49.610767714285714
569.6625,627.3163041995034,57.653804199503384,False,0.4788621826666666,26.6184204,38.264609666666665
348.6875,292.16771271606666,56.51978728393334,False,0.2159930109999999,26.093007466666663,26.907125
775.7142857,690.9050095493232,84.80927615067685,False,0.5181913166666666,29.2730122,51.366605533333335
665.1857143,606.6841467696111,58.50156753038891,False,0.4611857686666666,25.999422266666667,38.70590013333334
515.775,487.1319742195151,28.64302578048489,False,0.3701208159999999,23.990735,31.34313753333333
957.1142857,873.6641421408419,83.45014355915805,False,0.6676724242857142,30.929628642857143,52.4254235
110.575,126.28015061709318,15.705150617093182,False,0.0832185890666666,23.51573693333333,22.768512
0.0,24.146167845371806,24.146167845371806,False,0.0008405371983333,23.3181456,21.41036373333333
654.5625,629.1271626943046,25.435337305695384,False,0.4785613493333333,25.00489506666667,39.233233733333336
11.6125,40.19303136474221,28.58053136474221,False,0.0099927644066666,28.18459053333333,27.252742533333333
817.7375,824.7617054488202,7.024205448820226,False,0.63148828,28.183992466666663,47.58702806666666
787.9142857,697.0095423535328,90.90474334646728,False,0.5306936493333334,29.60315553333333,44.5125144
165.4142857,168.37953377936867,2.9652480793686777,False,0.1167449068666666,21.786851066666664,22.9464376
32.87142857,62.00193003985657,29.13050146985657,False,0.0265550992666666,29.59416113333333,29.093566866666663
478.3,480.587947428625,2.287947428624989,False,0.3585119633333332,28.175795466666663,38.97982593333333
118.5,120.62357502374019,2.1235750237401874,False,0.0771933347333333,22.155832933333333,23.475118133333336
180.025,173.52612905058984,6.498870949410161,False,0.1192626860666666,22.443727666666664,24.81898393333333
790.5428571,710.3618752472566,80.18098185274334,False,0.544320384,27.122843333333336,40.93966879999999
1155.2125,1179.4058365201859,24.193336520185767,False,0.91048926,28.22232285714286,58.59664692857143
1142.5625,1111.0879995642563,31.47450043574372,False,0.856888655,31.08613807142857,57.58173707142858
1043.3,944.7042549409139,98.59574505908608,False,0.7343688020000001,25.898872933333333,42.364294333333326
715.2,631.3346296039082,83.86537039609186,False,0.4772766193333333,27.82892866666667,43.3427838
823.05,752.8630073584378,70.18699264156214,False,0.5735764053333332,31.041467333333333,47.85286426666667
573.7125,503.74623667742617,69.96626332257381,False,0.3819702386666666,24.130067933333336,33.0580506
489.5875,540.4464040655622,50.85890406556223,False,0.4053485726666666,26.430782066666666,40.3180586
1268.142857,1246.4803164998516,21.662540500148452,False,0.97148052,27.86127913333333,52.84501126666667
0.0,25.769239059729117,25.769239059729117,False,0.0001658766313333,26.056652733333333,24.46637366666667
0.0,22.93819779836612,22.93819779836612,False,0.000426552467,22.331740266666667,20.44576413333333
508.675,558.76558684171,50.090586841710035,False,0.4213385493333333,25.26646733333333,38.90950326666666
355.8571429,364.3746305593248,8.517487659324843,False,0.263809032,29.8172668,39.14588853333333
1072.3875,978.3095847875126,94.07791521248748,False,0.7561285946666667,28.81794433333333,49.03407186666667
821.0142857,921.3975370537314,100.38325135373145,False,0.7102237526666668,31.104663,49.31515293333333
52.85,81.30770077984947,28.457700779849468,False,0.0412472248571428,29.02422,29.90827521428572
547.725,484.2361842640892,63.488815735910805,False,0.3633331566666667,26.5449136,36.56665873333333
39.9,62.172862773200066,22.272862773200067,False,0.0316197704666666,22.0364666,21.229018066666665
892.3571429,837.0248007775846,55.33234212241541,False,0.6403686593333334,25.4514526,47.501263533333336
708.5875,763.5261851534704,54.938685153470374,False,0.5869376799999999,26.62600271428571,41.63306128571429
672.1428571,611.478856245585,60.66400085441501,False,0.4660193226666666,25.439449133333333,37.621647133333326
12.95714286,34.38861116365162,21.43146830365162,False,0.0112804514933333,20.426454666666668,18.25406093333333
189.3428571,208.171618578887,18.828761478887003,False,0.1471822867333333,23.208211133333336,25.60406513333333
716.6428571,590.1825224275316,126.46033467246843,False,0.4417064292857143,27.985940285714285,45.11740971428571
665.2625,641.4259376708425,23.836562329157573,False,0.4833998399999999,27.964037071428567,45.40855414285714
651.9125,598.5191172273946,53.39338277260538,False,0.4543548386666667,25.957446399999995,38.814910666666655
168.9625,169.23109969078615,0.26859969078614654,False,0.117114942,22.607889933333336,23.6078104
735.0428571,754.955369791512,19.912512691512006,False,0.5785561021428571,25.92686257142857,42.59452828571429
617.5875,769.5046968520958,151.9171968520958,False,0.5899908493333333,26.32546173333333,43.22846253333333
311.4875,287.20069454733573,24.286805452664282,False,0.20888875,24.006947666666665,28.83434853333333
448.6285714,405.88344142290214,42.74512997709786,False,0.2994385973333333,24.7890238,35.48205766666666
1265.0625,1144.902516432579,120.15998356742102,False,0.8942029785714286,29.023849428571427,47.74052392857144
1031.557143,1025.9915802362282,5.565562763771823,False,0.7917845233333333,29.7818786,52.660978
635.6375,602.0909215051711,33.546578494828964,False,0.4548798128571428,30.361437285714285,42.96282521428572
199.3,200.4573768423386,1.1573768423385786,False,0.141257299,23.249164,25.248394733333328
626.1428571,608.0938000624693,18.0490570375307,False,0.458073066,26.29952173333333,42.8193886
98.4625,120.5113018937731,22.04880189377309,False,0.0781386402,21.8746846,22.385380200000004
796.7,944.3109295780491,147.61092957804908,False,0.72428377,28.05637,52.408536733333335
706.8375,670.4078124553155,36.4296875446845,False,0.5062324326666667,32.598390733333325,48.28102199999999
1070.371429,1028.7319753491392,41.63945365086079,False,0.7916552700000001,31.304307266666665,55.53702406666668
566.1571429,518.5096646470981,47.64747825290192,False,0.3904689026666667,24.942492866666665,36.7749714
712.3857143,694.5599982135316,17.825716086468447,False,0.5263113173333333,28.367865,46.1937744
860.7125,818.5196357465634,42.192864253436596,False,0.6269522933333334,26.771419266666665,46.43292826666667
1057.95,1192.1451218883985,134.1951218883985,False,0.9227545226666668,30.3790954,57.830800333333336
929.2857143,1025.9915802362282,96.70586593622818,False,0.7917845233333333,29.7818786,52.660978
644.1,563.6685916169557,80.4314083830443,False,0.4274141633333333,27.99871413333333,38.17277626666667
11.95714286,34.38861116365162,22.43146830365162,False,0.0112804514933333,20.426454666666668,18.25406093333333
536.0857143,615.9470508360226,79.86133653602269,False,0.466744864,30.51236366666667,42.5576074
230.3714286,256.88451864709566,26.51309004709566,False,0.18606803,22.7113486,26.3737446
199.4142857,208.171618578887,8.757332878887013,False,0.1471822867333333,23.208211133333336,25.60406513333333
47.0125,78.12424457182365,31.11174457182365,False,0.0384030336,32.311871133333334,31.54853933333333
476.0875,482.36743688978896,6.279936889788985,False,0.3581823699999999,34.38115033333334,43.332853333333325
308.2571429,287.23329792148235,21.023844978517673,False,0.205583812,27.73206186666667,33.554784733333335
443.4125,398.31549147853053,45.09700852146949,False,0.289312882,34.6127872,43.38971593333332
136.475,155.68771378986162,19.212713789861624,False,0.1083668231333333,21.7675536,21.045220800000003
1220.471429,1247.020168242464,26.54873924246408,False,0.968808626,29.496158666666663,56.45879506666667
0.0,20.666276174868393,20.666276174868393,False,0.0001515382176666,21.320007266666668,18.526363133333334
497.7,497.619344044948,0.08065595505200918,False,0.3741500186666666,26.485955866666668,36.686997266666665
1239.175,1248.0347171774638,8.859717177463835,False,0.964028712,30.414278266666667,62.09320066666666
1141.742857,1154.1031641093746,12.360307109374617,False,0.8971673586666666,28.4727662,51.776054
894.5571429,778.9661663205849,115.59097657941516,False,0.5980412346666665,26.5877218,43.06868493333333
256.25,237.07275564470598,19.17724435529402,False,0.1688907413333333,22.849924866666672,27.304630533333327
660.7625,681.3146129362235,20.552112936223466,False,0.5136740935714285,32.802505857142854,49.77019207142857
823.1571429,771.4413255507143,51.71581734928577,False,0.580431214,30.313747133333337,55.357067933333326
11.525,37.810736333508714,26.285736333508716,False,0.0091324596666666,25.1838216,24.934887866666667
947.7571429,915.1726144966798,32.58452840332018,False,0.7019433013333334,30.105845400000003,51.84774173333333
0.0,26.240900870952885,26.240900870952885,False,0.00035944967324,28.97306333333333,25.9079486
458.125,428.3396664267708,29.785333573229195,False,0.3224647546666666,24.331876666666663,30.97835493333333
947.75,1054.1809401869896,106.43094018698957,False,0.8154269713333333,28.657090266666668,51.68042806666666
602.2571429,592.4848664201888,9.772276479811126,False,0.4472921486666666,34.043744000000004,44.28609193333333
432.1857143,470.7549493447235,38.56923504472354,False,0.3559949986666666,24.3803284,32.1630228
115.4375,131.5009178012795,16.063417801279513,False,0.0880664663333333,22.569683933333334,21.829941666666667
992.0625,990.0553032577392,2.007196742260817,False,0.7687173853333333,26.45047,45.249314466666654
761.8857143,702.9670350478349,58.918679252165134,False,0.5366972139999999,27.47486573333333,42.54781693333334
167.4,169.26433329738842,1.8643332973884128,False,0.1162776123333333,23.02395633333333,24.594645266666667
571.1571429,525.989833256974,45.1673096430261,False,0.3964643046666666,28.2338074,38.32697326666667
123.4,137.99901387179287,14.599013871792863,False,0.08722808,28.11065073333333,29.98121346666667
453.3125,443.7541699799383,9.558330020061703,False,0.3288961193333332,34.12625693333333,41.007431933333336
740.5875,729.6144809351983,10.973019064801633,False,0.5601515626666665,27.553778,41.08350839999999
590.1,613.4288104231408,23.328810423140794,False,0.4699400059999999,24.854911266666665,35.20188793333334
399.175,422.56218008717565,23.387180087175636,False,0.306095652,34.31009746666667,46.1497108
421.7375,398.96280157310235,22.774698426897658,False,0.2966284521428571,27.408913857142856,33.94200785714286
951.4857143,1044.4126863397055,92.92697203970545,False,0.8090980026666666,28.899194400000003,50.217022533333335
662.7857143,665.7775964373202,2.9918821373202036,False,0.507318458,26.156099266666665,40.93814893333334
786.8285714,962.946214911268,176.11764351126806,False,0.7409205246666666,32.33336766666667,52.991542466666665
288.775,271.7068951491045,17.068104850895452,False,0.191869824,31.9597596,36.301157466666666
9.2375,32.34711549524739,23.109615495247386,False,0.0090791752333333,21.767089866666662,19.32609053333333
307.7,347.3659708347748,39.66597083477484,False,0.2576330546666666,24.115726666666664,29.42869673333333
708.8625,777.3681758931446,68.5056758931446,False,0.601040456,27.86605026666667,39.599638000000006
718.45,695.6568581560009,22.793141843999138,False,0.5257635171428571,29.282915285714285,47.94010285714285
660.5857143,664.0394827122842,3.453768412284262,False,0.5036263826666665,32.436879733333335,45.77020906666667
765.2375,828.6681584323386,63.430658432338646,False,0.632901332,31.86826353333333,50.850927733333336
580.9125,562.7213720548715,18.191127945128528,False,0.4278343173333333,24.52345993333333,35.5528282
1215.683333,1164.7164189851655,50.9669140148344,False,0.9024616809090908,31.52517981818181,56.276514181818186
929.55,892.0914408051012,37.458559194898726,False,0.6855142546666666,28.9166118,49.0042542
382.6571429,353.89522067638103,28.761922223618967,False,0.2588894479999999,24.185119466666663,33.2824116
363.0142857,355.6682012033308,7.346084496669221,False,0.25664592,30.836218333333328,39.6094684
792.45,947.5122077008141,155.06220770081404,False,0.7256673206666666,29.170436533333337,54.0487796
759.425,898.5747385268778,139.14973852687785,False,0.6815564133333333,30.402663066666666,58.3018188
761.3125,716.1106699116287,45.20183008837125,False,0.5423748746666666,29.3643758,48.12385466666667
78.5375,94.14001457649347,15.602514576493476,False,0.0563297377333333,22.335227666666665,22.75865906666667
1101.6125,1246.3065078870331,144.6940078870332,False,0.966907858,30.96598713333333,58.3223184
259.875,256.9692064739129,2.905793526087109,False,0.187030046,22.19873053333333,25.319020466666665
1169.214286,1065.468430078965,103.74585592103494,False,0.8289793113333334,26.7102622,46.827693800000006
524.8142857,492.5054607644364,32.30882493556362,False,0.3698281293333333,25.16537493333333,36.236173666666666
12.65,34.92650839410076,22.27650839410076,False,0.0105634890714285,22.495716785714286,20.229721071428568
617.1285714,608.553060909564,8.575510490436045,False,0.457150144,31.814784666666668,46.41744406666666
494.0142857,502.30757625791057,8.293290557910552,False,0.37085346,33.40587706666668,46.34387413333334
202.1857143,208.171618578887,5.985904278887006,False,0.1471822867333333,23.208211133333336,25.60406513333333
985.625,1058.2382475258555,72.61324752585551,False,0.819862228,28.901027466666665,50.7513082
41.9,68.97425285031142,27.074252850311417,False,0.0324079431333333,29.405578533333337,28.884993533333336
46.38571429,65.92056779854704,19.534853508547037,False,0.0358883196666666,21.44021593333333,19.8552002
599.3,513.315693947487,85.98430605251292,False,0.3860812566666666,26.405902066666663,37.5282734
6.028571429,34.43538510027207,28.406813671272072,False,0.00675433608,25.052579666666663,24.514713333333333
1187.5,1221.2839656996657,33.783965699665714,False,0.9453285046666666,32.788692133333335,60.102559266666674
683.4,697.3215016288108,13.921501628810802,False,0.5286599566666667,33.26259353333333,48.231889
610.8142857,548.1004953100694,62.71379038993064,False,0.4154079433333333,26.170804866666664,36.67445066666666
259.4857143,266.7635836774779,7.277869377477941,False,0.1895537733333333,27.695955466666668,32.8359476
671.5571429,591.8507034782721,79.70643942172796,False,0.4508577206666666,26.236733,37.096722333333325
1139.6625,1051.1136000347897,88.54889996521024,False,0.8152746660000002,29.653444333333336,49.9063132
420.75,409.6315107054354,11.118489294564597,False,0.302090306,29.61870526666667,37.96412553333333
594.8857143,548.8775151516073,46.00819914839269,False,0.4147560933333333,25.266322866666663,37.48621606666667
52.4875,75.87357314712885,23.386073147128855,False,0.0397878830714285,25.59105335714285,25.627179785714283
152.1,157.2631211957207,5.1631211957206915,False,0.1047624446428571,24.196166857142856,26.66497142857143
623.975,561.9170815141517,62.05791848584829,False,0.4242669086666667,28.490726733333336,39.98254813333334
849.1142857,780.0278481654539,69.08643753454612,False,0.5884872353333334,31.1993794,54.79211026666666
65.88333333,79.9802854250156,14.096952095015595,False,0.0454442841666666,22.344629916666666,22.08666241666667
404.45,388.4509777421012,15.999022257898787,False,0.2869888493333333,28.329986466666664,35.2929974
541.9,503.74623667742617,38.15376332257381,False,0.3819702386666666,24.130067933333336,33.0580506
579.6,558.2534999835075,21.34650001649254,False,0.420493884,26.59366866666667,39.879952333333335
422.3857143,426.9708024317212,4.585088131721193,False,0.3152401926666667,32.72757773333334,40.30443513333333
666.425,652.3150362805483,14.109963719451684,False,0.491453022,27.611354533333337,46.072651933333326
8.5625,34.159990360852056,25.597490360852056,False,0.0070536268133333,25.386586466666667,24.1691102
582.6,521.7332295673544,60.86677043264558,False,0.3890966946666666,32.16037606666667,43.64397813333333
1268.457143,1236.7329784712651,31.724164528734946,False,0.9618199573333333,31.3498148,55.91095173333333
341.4,332.6628884496234,8.737111550376596,False,0.2416248742857143,23.957190357142856,33.04921178571428
183.5142857,215.61559111121747,32.10130541121748,False,0.1536853939999999,24.416684866666667,25.753737399999995
1135.085714,1100.2846521786582,34.80106182134182,False,0.8507950519999999,30.114007466666664,54.58146206666667
708.0428571,704.2742854070173,3.768571692982732,False,0.5263585046666664,30.6310384,54.56202766666667
567.0857143,567.8315934170828,0.7458791170828363,False,0.4285554833333333,27.74402266666667,40.183040466666654
1160.828571,1241.3358174566183,80.5072464566183,False,0.962423294,30.6108378,58.55042526666667
9.7375,40.435295953147,30.697795953146997,False,0.00914994484,29.243110933333337,28.6825074
912.9,913.7806093491611,0.8806093491610909,False,0.702796554,30.368632,50.099892
195.2142857,193.6838998527957,1.5303858472043146,False,0.1333380648,23.458431066666662,27.546588133333334
1231.885714,1178.8048231307716,53.08089086922837,False,0.9138139586666668,28.1088298,54.984794066666666
386.3375,362.08571669780264,24.25178330219734,False,0.2670940773333334,25.312744200000004,32.38037546666667
0.0,26.266096991316726,26.266096991316726,False,0.000455513202,24.892543142857136,24.072802000000003
43.28571429,68.97425285031142,25.688538560311414,False,0.0324079431333333,29.405578533333337,28.884993533333336
776.8428571,767.5619909572741,9.280866142725813,False,0.5838647386666667,31.617256666666663,49.747872
35.525,57.17844193799748,21.653441937997485,False,0.0275747859333333,23.13891793333333,21.6591104
340.3571429,373.52319381431874,33.16605091431876,False,0.278052918,24.027254133333333,30.348887333333334
848.1285714,701.0514606037232,147.07711079627688,False,0.5402542266666664,25.700242133333333,36.99481373333333
149.8285714,155.68771378986162,5.859142389861631,False,0.1083668231333333,21.7675536,21.045220800000003
331.1,342.6824888730969,11.58248887309685,False,0.2542998135714285,25.215722142857143,29.4314075
829.9285714,626.134745122955,203.793826277045,True,0.4664396726666666,28.8636616,49.925148466666656
1169.357143,1219.3152615516906,49.95811855169063,False,0.9421417826666668,32.268751599999995,61.34530853333335
205.575,207.0919481715917,1.5169481715917073,False,0.1410015502666666,28.750748666666663,32.94330453333333
6.3375,32.716254103760384,26.378754103760386,False,0.0059234326933333,25.811604733333333,24.302943866666663
332.05,376.7742766590089,44.724276659008865,False,0.2812749706666666,24.44554646666667,30.010496
61.62857143,95.88279453679434,34.254223106794335,False,0.0555260570666666,25.628292,26.26652213333333
616.1,602.0909215051711,14.009078494828941,False,0.4548798128571428,30.361437285714285,42.96282521428572
850.1857143,756.5810064458254,93.60470785417453,False,0.5804646173333333,28.242586266666667,43.05883393333334
1036.585714,899.8734686639033,136.71224533609677,False,0.6880905792857142,30.900615071428568,53.412794
894.2571429,855.366718487959,38.89042441204094,False,0.6525659726666667,32.07957366666666,53.019840733333325
919.0142857,847.6148584458256,71.39942725417438,False,0.6536209333333333,26.294516866666665,43.60148279999999
192.9857143,183.09970573439196,9.886008565608051,False,0.1246440646428571,23.5459355,27.599182000000003
46.5,63.76702969438634,17.267029694386338,False,0.0331407035,23.016544857142858,21.453314571428567
109.0,117.1846039337772,8.184603933777197,False,0.0716163500666666,24.2918964,26.972265600000004
254.975,283.7874857607092,28.812485760709222,False,0.206390628,23.595815066666667,28.376147533333327
23.47142857,50.54034262090947,27.06891405090947,False,0.0182621793333333,26.3341512,26.6526916
629.2,612.5489677402475,16.651032259752583,False,0.4599821506666666,30.42411086666667,46.23066786666667
0.0,25.722365034265863,25.722365034265863,False,0.0024945839982,21.80440273333333,20.4181316
1049.257143,982.9575684014887,66.2995745985113,False,0.76237895,28.371896071428573,46.56454507142857
28.9,50.96423946959057,22.064239469590568,False,0.0237962576,21.653328466666665,19.7878378
886.0714286,905.6696319800459,19.598203380045902,False,0.6930570186666666,31.63322353333333,53.52987266666667
445.6285714,527.9637716274119,82.33520022741192,False,0.4016198786666667,24.25037833333333,33.30309460000001
1212.785714,1140.1597990719379,72.62591492806223,False,0.888736286,27.5598856,48.580128733333325
419.2142857,459.02362550006274,39.80933980006273,False,0.341884376,28.7667054,38.25223593333334
490.1875,482.36743688978896,7.820063110211038,False,0.3581823699999999,34.38115033333334,43.332853333333325
546.0875,533.8527199967341,12.234780003265882,False,0.4043418426666666,24.7192118,35.47181186666666
47.94285714,63.76702969438634,15.824172554386337,False,0.0331407035,23.016544857142858,21.453314571428567
80.2125,98.57546637018517,18.362966370185163,False,0.0606357090666666,23.3408814,22.568992
1.257142857,32.39270785329961,31.13556499629961,False,0.0040517676866666,26.050742666666668,25.9055684
197.7571429,187.88212190959368,9.875020990406313,False,0.1302281486666666,22.53172193333333,25.608616266666665
687.7285714,744.3813950261576,56.65282362615767,False,0.5669934953333333,28.1128438,46.23971173333333
282.775,283.7874857607092,1.0124857607092395,False,0.206390628,23.595815066666667,28.376147533333327
230.0125,321.34503538630764,91.33253538630765,False,0.2372982906666666,23.595208533333327,28.269993133333333
235.4571429,237.5880639920767,2.1309210920767043,False,0.1673700179999999,26.02376913333333,30.4908548
1052.542857,976.8570762446518,75.6857807553481,False,0.7577599673333335,27.727917533333333,45.92864793333334
394.0857143,431.93085670828265,37.84514240828264,False,0.323376125,25.920839642857143,33.56302542857142
0.0,665.828328079145,665.828328079145,True,0.5028826646666666,28.30027873333333,46.0441244
764.5428571,799.7948109727319,35.25195387273186,False,0.608488516,28.88009853333333,50.2482484
949.0714286,866.3341088845943,82.73731971540565,False,0.6685085735714286,28.10111792857143,44.812733142857134
331.6714286,310.225418794205,21.44600980579503,False,0.2271388021428571,22.874956357142857,28.931237142857142
96.01428571,107.0095826370699,10.995296927069901,False,0.0639746532,25.8629782,26.99750153333333
736.625,722.1824503035575,14.442549696442484,False,0.545487636,32.7458558,51.327437733333326
0.0,22.73780983343539,22.73780983343539,False,1.5969891733333336e-05,22.475012133333333,20.737575266666667
589.2,515.3334832066898,73.86651679331021,False,0.388530498,25.753749666666668,36.50444326666668
932.75,913.7806093491611,18.969390650838932,False,0.702796554,30.368632,50.099892
947.4142857,1054.1809401869896,106.76665448698952,False,0.8154269713333333,28.657090266666668,51.68042806666666
607.0142857,593.4807614697902,13.533524230209764,False,0.4489735653333333,29.177992733333337,41.37456040000001
1027.8,1034.958349427151,7.158349427151052,False,0.7998929533333332,29.06769213333333,51.64617686666667
540.0875,487.1319742195151,52.95552578048489,False,0.3701208159999999,23.990735,31.34313753333333
792.8714286,706.7874299936004,86.08399860639952,False,0.5377807876923076,32.96533184615384,46.83451484615385
497.0571429,541.9026519978647,44.84550909786475,False,0.4089987206666667,24.8309816,37.33390526666666
750.3428571,690.4134480385553,59.92940906144463,False,0.52508064,27.56823728571429,43.82351471428571
1170.528571,1248.6815633293163,78.15299232931625,False,0.9678900893333334,31.299159800000005,59.367140466666655
1164.428571,1243.6880404718322,79.25946947183229,False,0.9661854566666668,30.521348066666665,56.80053313333334
8.7,30.64795369790475,21.94795369790475,False,0.0083566124785714,21.28513,18.49177971428572
659.9428571,619.9664531259644,39.97640397403552,False,0.4621650586666667,27.920831266666664,48.78672900000001
367.6428571,398.23071851674837,30.587861416748353,False,0.2895850273333333,33.25120033333334,42.48199053333333
619.0,597.4565879327099,21.54341206729009,False,0.453461884,27.390254733333336,39.45489506666667
409.825,384.30993826257856,25.515061737421433,False,0.2769386199999999,32.6388932,43.367417200000006
94.725,107.76744953127874,13.042449531278749,False,0.0685966837333333,21.887721666666664,21.544547666666663
553.1428571,574.777759217479,21.634902117478987,False,0.4224988753333333,33.88692626666666,53.80755813333333
198.7,200.4573768423386,1.7573768423386014,False,0.141257299,23.249164,25.248394733333328
215.1,221.6722339152893,6.572233915289303,False,0.1544666584,26.0342224,30.358787133333337
2.485714286,30.56235304961018,28.07663876361018,False,0.0033529643513333,26.81842646666667,25.489147866666663
34.71428571,56.830393718877446,22.116108008877447,False,0.0247498541333333,25.614040133333333,25.0996826
606.7,599.4731447093856,7.2268552906144805,False,0.4540012586666666,25.058563266666663,39.48617746666665
1247.825,1246.5896123210987,1.2353876789013611,False,0.9669222093333332,31.34249066666667,58.68839280000001
724.8428571,697.1452062833101,27.697650816689816,False,0.5357404813333333,26.6822978,38.64299933333333
103.025,113.25341388425248,10.228413884252475,False,0.0711178362666666,21.774928866666663,23.340763133333333
0.0,23.743701028560505,23.743701028560505,False,4.49041162e-05,22.452933666666667,21.47074393333333
62.75714286,81.62408803110495,18.866945171104945,False,0.04432217,25.856518466666664,25.91061213333333
1336.8625,1327.1415348918526,9.720965108147311,False,1.034329982142857,30.28202614285715,56.95899535714286
732.0625,829.049499092203,96.98699909220295,False,0.6370887293333334,28.375455666666667,45.72413726666667
685.6125,705.4515797292962,19.83907972929626,False,0.5348639064285715,32.46573564285715,48.318494571428566
117.1285714,134.9158461630057,17.787274763005712,False,0.0837732949333333,29.301833066666667,31.3613768
705.0,632.3997800599676,72.60021994003239,False,0.4806645453333333,27.00929553333333,40.641495866666666
584.9625,563.6685916169557,21.293908383044254,False,0.4274141633333333,27.99871413333333,38.17277626666667
68.4375,81.92411119981584,13.48661119981584,False,0.0471279440666666,21.4945944,21.6351522
706.1571429,673.8495579740263,32.30758492597374,False,0.5110362213333333,27.89099326666667,44.39553446666666
658.4857143,583.1565654917173,75.32914880828275,False,0.4420255493333332,25.431754533333333,38.33857613333334
681.6,718.9270680466396,37.327068046639624,False,0.5521471146666667,26.016273933333327,39.71077913333334
194.7428571,195.64716374098398,0.9043066409839753,False,0.1381154516666666,22.6524518,24.241701266666663
1009.475,1071.3452100761392,61.87021007613919,False,0.8295752813333332,29.420182333333333,51.9404828
344.8375,328.76525652717163,16.072243472828347,False,0.2436428057142857,23.38855407142857,27.937476071428577
213.6714286,221.6722339152893,8.000805315289284,False,0.1544666584,26.0342224,30.358787133333337
705.375,678.4830384297906,26.891961570209446,False,0.5149644066666667,32.3501976,46.20359726666666
938.1375,935.7526947613189,2.3848052386811105,False,0.718821216,28.941943333333327,51.34074066666668
757.9285714,799.7948109727319,41.86623957273184,False,0.608488516,28.88009853333333,50.2482484
45.2,70.48291315862154,25.28291315862154,False,0.0333130082666666,28.177933666666664,28.66382253333333
153.1857143,185.05735698872266,31.87164268872266,False,0.1320388563333333,22.4990804,21.7430604
53.87142857,76.85331683979939,22.98188826979939,False,0.0388465545,26.430651071428567,27.618528142857144
614.55,596.1028105108037,18.447189489196262,False,0.4511937286666666,28.178857466666667,40.87684526666667
1188.571429,1154.8745213578177,33.696907642182396,False,0.892777234,30.676135400000003,57.4164388
716.3625,628.466644662805,87.89585533719492,False,0.4748543633333333,24.661753399999995,42.03903773333332
168.4,155.68771378986162,12.712286210138387,False,0.1083668231333333,21.7675536,21.045220800000003
91.725,109.82046460167206,18.095464601672063,False,0.0713916354666666,22.1559958,20.62310193333333
732.875,770.6740447767638,37.79904477676382,False,0.5834999766666668,29.7998332,51.68366739999999
512.4428571,418.049953766858,94.39290333314199,False,0.3057066466666666,32.32926846666666,42.2032632
717.7571429,664.5335176530529,53.22362524694711,False,0.50926205,25.262884466666662,37.78594966666667
318.75,322.0386488409754,3.288648840975384,False,0.2355113593333333,23.853275466666663,30.580068
1167.171429,1098.4217534042346,68.74967559576544,False,0.847597544,33.321887266666664,57.5274762
719.0142857,632.3997800599676,86.61450564003235,False,0.4806645453333333,27.00929553333333,40.641495866666666
719.8857143,705.4515797292962,14.434134570703804,False,0.5348639064285715,32.46573564285715,48.318494571428566
999.725,944.8078092922971,54.91719070770296,False,0.725001628,30.0071574,52.9624858
0.0,42.97491941191008,42.97491941191008,False,0.0123415255071428,28.737601,27.42860421428572
73.475,86.67510682593957,13.20010682593957,False,0.0525764360666666,21.9106464,20.365659666666662
916.7375,898.5747385268778,18.162761473122146,False,0.6815564133333333,30.402663066666666,58.3018188
854.55,845.7967834040229,8.753216595977051,False,0.6503182173333333,26.633241666666667,45.43911179999999
631.9571429,587.3594950817944,44.59764781820559,False,0.437669044,31.3439494,48.177488333333336
220.575,215.66081749147608,4.914182508523908,False,0.1492800746666666,26.624064000000004,30.85439253333333
950.675,951.2751837854156,0.600183785415652,False,0.7325971326666667,27.489748066666667,49.733946
594.85,550.4125810613967,44.43741893860329,False,0.4153775066666666,28.428057933333328,39.44832773333333
443.7375,389.8430015336602,53.894498466339826,False,0.28833439,26.587683066666667,34.3489056
1206.95,1269.5901085395753,62.640108539575294,False,0.9900746606666666,28.609558066666665,53.49905786666666
340.4285714,336.87817340875995,3.550397991240061,False,0.2438012486666666,26.560512333333328,35.3695456
803.8285714,845.7967834040229,41.96821200402292,False,0.6503182173333333,26.633241666666667,45.43911179999999
1170.25,1098.0745443867513,72.17545561324869,False,0.8485740693333333,27.075844133333334,53.64908433333333
0.0,23.826038505359957,23.826038505359957,False,0.0010356957873333,21.5162558,20.20396513333333
780.2571429,624.1914659579846,156.06567694201533,False,0.4679868693333333,30.811049333333333,47.8363832
444.6,431.5255083546808,13.074491645319199,False,0.3174531373333333,28.617018666666667,39.946699866666656
92.25714286,102.6338362252076,10.3766933652076,False,0.0630958514666666,21.6540956,22.649001066666667
44.4375,65.79378029165463,21.356280291654627,False,0.0341808814,22.685673066666663,21.89033826666667
764.9714286,704.5895486503125,60.38187994968746,False,0.5372325964285714,27.409600500000003,43.26149878571428
726.5375,664.0394827122842,62.49801728771581,False,0.5036263826666665,32.436879733333335,45.77020906666667
997.3142857,918.7148252947459,78.59946040525415,False,0.7052360026666665,30.97860513333333,51.86274186666666
295.6714286,279.59718714059744,16.07424145940257,False,0.1990470293333333,27.55705773333333,33.73647673333334
232.55,248.44435745511464,15.89435745511463,False,0.1738986373333333,33.30025473333334,35.852207400000005
920.3125,1083.0456261111503,162.73312611115034,False,0.833392598,33.68083073333334,59.173854533333326
1147.2,1098.4217534042346,48.778246595765495,False,0.847597544,33.321887266666664,57.5274762
162.2625,182.08339770595038,19.820897705950387,False,0.1223565883333333,28.146706,30.946114066666663
884.4625,837.8570024441432,46.6054975558568,False,0.631655037142857,31.4721985,58.874195642857146
616.2857143,593.4807614697902,22.8049528302098,False,0.4489735653333333,29.177992733333337,41.37456040000001
1099.842857,1057.2798004232845,42.56305657671555,False,0.8155462639999999,28.9688944,54.075234266666655
451.3714286,424.62057009707206,26.75085850292794,False,0.3109964793333333,33.04103613333332,42.6021344
915.5125,848.9427363318429,66.56976366815718,False,0.6541739533333331,25.68664953333333,43.83857633333333
923.5142857,926.4333439227382,2.919058222738272,False,0.7143712646666666,27.96947633333333,47.941911000000005
506.4285714,512.5983942134211,6.169822813421092,False,0.3905848053333332,24.471148666666664,31.939571
516.6571429,516.4495950721223,0.20754782787776094,False,0.388584996,28.595495666666668,38.5366638
1016.625,947.9044434258809,68.72055657411909,False,0.7252745073333334,29.966066466666664,55.059627
996.4571429,963.2122481998705,33.24489470012952,False,0.7406104714285713,30.07889021428572,52.50944735714285
936.1625,855.6268432034938,80.53565679650626,False,0.6613730869230768,26.13696276923077,42.4293093076923
609.6625,602.0909215051711,7.571578494828941,False,0.4548798128571428,30.361437285714285,42.96282521428572
620.0875,647.1976634334084,27.11016343340839,False,0.4851745126666666,25.6231832,47.156502466666666
762.5571429,777.4291995139316,14.87205661393159,False,0.5918467893333333,32.06863799999999,50.04413893333333
880.2625,814.9482062597972,65.31429374020286,False,0.6257596313333335,28.347310466666663,45.494661266666654
1.2,32.39270785329961,31.192707853299613,False,0.0040517676866666,26.050742666666668,25.9055684
1054.242857,1028.709545347636,25.533311652363864,False,0.7926809900000001,28.32269292857143,53.273069
213.8625,225.88999692170142,12.027496921701413,False,0.1599368057142857,23.54752671428572,27.40564621428572
141.9,155.29724305931634,13.397243059316338,False,0.1023283072,26.401951266666664,28.3863546
1264.95,1286.2554991729394,21.305499172939335,False,0.997903636,31.53113,60.208569533333325
130.4,133.45253628226948,3.0525362822694717,False,0.0864726348666666,24.191860066666663,25.512402466666668
1052.557143,1056.1171322936643,3.55998929366433,False,0.8148439080000001,31.3189554,54.85740986666666
824.5857143,872.8084279409672,48.2227136409673,False,0.6648343986666667,31.16986893333333,54.52318526666667
1232.2,1243.0956442080924,10.895644208092335,False,0.962788822,31.614807133333333,59.99013253333333
354.0375,401.97100955608704,47.93350955608702,False,0.2947314606666666,32.85508646666668,40.3697468
574.8857143,561.7665711584874,13.119143141512609,False,0.419735824,32.52414946666667,45.840537533333325
1166.5,1174.1236229240649,7.623622924064875,False,0.907262212,30.22876786666666,58.4341208
532.9875,596.8148447978423,63.82734479784233,False,0.453155868,26.739856000000003,38.96813346666666
431.8,411.1645852895524,20.635414710447606,False,0.3035469626666667,32.72574673333334,39.121545600000005
71.625,83.93419922347016,12.30919922347016,False,0.0505427079333333,21.30387786666667,19.903894
1103.875,1046.9260846991156,56.94891530088444,False,0.8113028464285714,28.570162142857143,49.94027492857144
809.4666667,803.917685440846,5.548981259154061,False,0.6152726233333333,27.86218783333333,46.6314395
448.1125,409.1443590056862,38.968140994313785,False,0.3072239171428571,23.75348328571429,30.263634785714284
656.4285714,596.1028105108037,60.32576088919632,False,0.4511937286666666,28.178857466666667,40.87684526666667
297.6625,340.32827781709557,42.665777817095545,False,0.246215918,31.265974933333336,37.7911072
207.1375,225.7585622935007,18.6210622935007,False,0.1567773945333333,28.263501133333328,32.293276
662.1428571,611.478856245585,50.66400085441501,False,0.4660193226666666,25.439449133333333,37.621647133333326
1239.975,1327.1415348918526,87.16653489185273,False,1.034329982142857,30.28202614285715,56.95899535714286
190.85,197.58600869232615,6.736008692326152,False,0.1337432077333333,31.747082466666665,33.73915806666666
848.9875,833.9936408959106,14.993859104089324,False,0.6428513106666667,26.3895486,43.27049353333333
1164.785714,1064.9088319419152,99.8768820580849,False,0.8330450946666667,26.533363733333328,42.528473
382.8142857,363.7633111519987,19.050974548001307,False,0.2691330578571429,23.51787007142857,30.984898285714287
134.55,138.83738569954625,4.287385699546235,False,0.0897481783333333,23.337219066666663,26.20634773333333
38.32857143,63.38987971901672,25.061308289016722,False,0.0297671323333333,25.3053914,25.30308846666667
615.0625,563.813035134221,51.24946486577903,False,0.4262345726666666,25.92304106666667,38.486489133333336
435.0714286,487.1319742195151,52.060545619515096,False,0.3701208159999999,23.990735,31.34313753333333
237.7,237.16798209349363,0.5320179065063542,False,0.1720124636666667,24.034554,24.97640393333333
992.2375,887.506321003222,104.731178996778,False,0.6801742386666666,28.05028693333333,50.1047016
206.7,219.1263015205771,12.426301520577113,False,0.1557342913333333,22.742930066666663,25.804111733333336
1081.2,1012.5786027093861,68.62139729061391,False,0.7867404085714285,27.44654421428572,46.09474850000001
595.825,562.4116529840626,33.41334701593746,False,0.4241181026666666,26.495521866666664,39.636977133333325
0.0,22.93520055742772,22.93520055742772,False,0.0001471694642,21.959989266666664,20.5434348
977.7428571,990.0553032577392,12.312446157739146,False,0.7687173853333333,26.45047,45.249314466666654
1112.075,1098.0745443867513,14.000455613248732,False,0.8485740693333333,27.075844133333334,53.64908433333333
143.8,155.91087359956057,12.110873599560563,False,0.1014331655,25.9601472,29.5002533
808.3875,732.5844467806425,75.8030532193576,False,0.5611673299999999,26.907450200000007,42.12864373333333
1274.985714,1256.8813702583511,18.10434374164879,False,0.9751613035714286,30.92911621428572,58.69564164285714
576.3285714,560.4415909748004,15.886980425199567,False,0.423149908,28.2263,39.781593666666666
807.1571429,893.562926461534,86.4057835615339,False,0.6847007353333333,33.76234939999999,52.985213
318.9714286,363.7633111519987,44.7918825519987,False,0.2691330578571429,23.51787007142857,30.984898285714287
377.3125,393.700306803184,16.38780680318399,False,0.2833920893333333,29.42465813333333,43.14005753333333
926.3,1052.5400513661525,126.24005136615256,False,0.8168375646666667,28.60254713333333,49.08473493333334
1007.828571,999.0521810735343,8.776389926465754,False,0.7723580713333332,29.23562,49.9406148
529.3571429,519.7338821668968,9.623260733103166,False,0.3919119666666666,26.019221933333327,36.83065146666666
1004.685714,933.6817344473261,71.00397955267385,False,0.7174661713333332,32.52562053333333,52.57054206666666
1369.771429,1279.8784513652627,89.89297763473724,False,0.9989916353333332,30.0188802,53.659336200000006
576.1875,575.4077072009821,0.779792799017855,False,0.4324710653333333,30.035451333333327,43.3170714
12.35714286,37.57431282222795,25.217169962227953,False,0.0088122812133333,29.54822573333333,26.94033806666667
587.9857143,562.4116529840626,25.574061315937456,False,0.4241181026666666,26.495521866666664,39.636977133333325
799.1428571,765.099736805267,34.04312029473306,False,0.5801343633333333,30.550409,50.88379926666666
1089.95,1046.3009564383806,43.649043561619465,False,0.8091504293333334,28.752504466666664,51.54958113333333
70.7875,90.59176728204548,19.804267282045487,False,0.0509663638,25.6725036,26.492338066666665
657.25,652.9946797110189,4.255320288981125,False,0.493897726,30.311199866666666,45.478786266666674
505.5285714,539.8738582965104,34.34528689651046,False,0.4031702393333333,26.958341533333336,42.141090666666656
979.1125,976.8570762446518,2.255423755348147,False,0.7577599673333335,27.727917533333333,45.92864793333334
277.375,283.7874857607092,6.412485760709217,False,0.206390628,23.595815066666667,28.376147533333327
1268.1,1191.3894048595962,76.71059514040371,False,0.922471946,27.280598866666665,56.17617786666667
334.6714286,350.0799109853592,15.408482385359207,False,0.24348246,32.707593357142855,48.42773878571429
579.7125,608.4548261618611,28.742326161861115,False,0.4552519278571428,29.15021621428572,46.961443357142855
1341.157143,1402.3800053499936,61.22286234999365,False,1.093312369333333,27.4672506,58.268178266666666
831.6375,732.9241141550135,98.71338584498653,False,0.5638615457142857,27.46658328571429,40.11592957142858
0.0,29.7119058986563,29.7119058986563,False,0.0020025813973333,28.03802473333333,26.626117
259.45,251.19919340263598,8.250806597364004,False,0.1755969835714285,31.90710457142857,35.77269607142857
886.425,888.2343521637163,1.8093521637163121,False,0.6824211164285713,30.11147635714285,49.456279
314.0714286,313.27435925292497,0.7970693470750234,False,0.2224269813333333,31.461081866666667,39.37515073333333
933.0857143,950.2566762907289,17.170961990728983,False,0.7337197726666665,27.583284533333337,47.94728993333333
742.6625,758.2428026621081,15.580302662108124,False,0.5760844593333334,27.683191,48.176432
909.7125,878.1771064775996,31.53539352240034,False,0.6737647459999999,28.074165800000003,48.958026200000006
32.14285714,52.10700170578996,19.964144565789965,False,0.0238564609333333,21.8627444,20.6966776
622.9857143,573.7286898554373,49.25702444456272,False,0.4330104273333333,28.499876,40.864774533333325
219.7142857,227.54798180742125,7.833696107421247,False,0.1562854073333333,30.2077474,34.96258519999999
1036.3,1065.468430078965,29.168430078965002,False,0.8289793113333334,26.7102622,46.827693800000006
451.4142857,485.3151585598288,33.90087285982878,False,0.3527128088,28.193302266666667,48.016939066666666
838.6,803.917685440846,34.682314559154065,False,0.6152726233333333,27.86218783333333,46.6314395
48.9875,75.9723745137177,26.9848745137177,False,0.0367549387333333,30.906561266666667,30.832251133333333
378.7375,362.08571669780264,16.651783302197373,False,0.2670940773333334,25.312744200000004,32.38037546666667
448.0125,429.0148885605442,18.997611439455795,False,0.325195026,23.921140466666664,28.769305600000003
133.6142857,146.51422974890409,12.899944048904075,False,0.0945128417142857,27.601739071428568,29.47836742857143
800.0428571,710.3618752472566,89.68098185274334,False,0.544320384,27.122843333333336,40.93966879999999
860.6428571,881.7045216698526,21.06166456985261,False,0.6841655264285715,26.816632928571423,41.40657221428572
25.67142857,51.43555827514284,25.76412970514284,False,0.0192099305333333,27.190853066666666,26.823720333333338
1117.142857,894.0774351004716,223.06542189952847,True,0.685881602,30.158901066666665,50.718400200000005
64.34,79.9802854250156,15.640285425015591,False,0.0454442841666666,22.344629916666666,22.08666241666667
144.1625,145.4263792827597,1.2638792827597172,False,0.0940941717857142,26.5301995,28.573238
65.95,79.9802854250156,14.030285425015592,False,0.0454442841666666,22.344629916666666,22.08666241666667
480.7428571,469.06965452129,11.673202578710004,False,0.353673456,24.273189266666662,32.9937198
797.0,813.7640265348653,16.764026534865252,False,0.622338436,29.469486666666665,48.266762
833.1375,894.0774351004716,60.93993510047153,False,0.685881602,30.158901066666665,50.718400200000005
0.0,21.992105407825115,21.992105407825115,False,0.0001461652226,21.171103933333328,19.48152053333333
878.2,950.1842669787827,71.98426697878267,False,0.7279374373333332,33.00463246666666,55.63306693333334
0.0,23.33704063421732,23.33704063421732,False,0.0003183178168666,23.147200466666668,21.20465293333333
695.7,660.0390419120334,35.660958087966605,False,0.5032727366666667,27.832635533333328,41.04779260000001
0.0,23.520176530356416,23.520176530356416,False,0.0010542331467857,21.226811071428568,19.82743392857144
86.57142857,110.1499590738444,23.578530503844405,False,0.0639606361333333,26.491621866666662,29.685520466666663
592.325,543.3960689464546,48.9289310535454,False,0.410816618,25.405088333333328,37.028379066666666
142.8875,157.9476260179782,15.060126017978206,False,0.1033491631428571,27.74433471428572,30.04228421428571
1162.075,1144.4249739457969,17.65002605420318,False,0.890231224,28.07024346666667,50.669427600000006
1001.575,976.8570762446518,24.717923755348238,False,0.7577599673333335,27.727917533333333,45.92864793333334
818.5,869.4544420437114,50.954442043711424,False,0.666398724,27.668807,48.98255793333334
593.4875,616.6606758409232,23.17317584092325,False,0.462262998,32.458738266666664,48.128287933333326
897.5375,778.2650069322217,119.27249306777833,False,0.5917694113333333,29.951885866666665,49.84045633333334
41.98571429,64.72592320846319,22.74020891846319,False,0.0307901562666666,25.250388666666662,25.3468934
87.17142857,104.97621321677107,17.80478464677107,False,0.0617229363333333,26.728900000000003,27.917517000000004
1186.642857,1117.7023834563443,68.9404735436558,False,0.8653040006666666,30.85634553333333,54.68991706666667
620.2857143,597.3376047630685,22.948109536931497,False,0.4517712339999999,33.053440333333334,43.3909484
528.35,384.30993826257856,144.04006173742147,False,0.2769386199999999,32.6388932,43.367417200000006
329.075,271.3935172177928,57.68148278220718,False,0.1997712573333333,23.40352773333333,24.986667866666668
511.6375,430.7027657388421,80.93473426115787,False,0.3283600913333332,23.833673,27.06917933333333
36.45714286,55.01520059169741,18.55805773169741,False,0.0257571987857142,21.31159314285714,20.909787928571426
34.45,81.26285413196024,46.812854131960236,False,0.045347547,22.335686384615386,23.15451523076923
1000.375,950.1842669787827,50.190733021217284,False,0.7279374373333332,33.00463246666666,55.63306693333334
570.5,561.1582360347498,9.341763965250152,False,0.4202787366666667,26.58655813333333,42.300410866666674
790.2571429,769.679352026158,20.57779087384199,False,0.5895070206666666,25.810009866666668,43.5907308
985.675,1037.451291417321,51.77629141732109,False,0.7931582364285715,33.08275935714286,61.57563135714286
9.242857143,33.251371890772205,24.008514747772203,False,0.00961781414,23.151116866666666,20.113913933333333
377.1625,357.0738035096393,20.088696490360746,False,0.262713,24.443902533333333,32.258191
697.7142857,605.8342399650571,91.88004573494288,False,0.4595029573333333,27.66269933333333,40.34541599999999
228.1571429,241.08070592624745,12.92356302624745,False,0.17003262,26.0763428,30.701261466666665
48.55,75.9723745137177,27.4223745137177,False,0.0367549387333333,30.906561266666667,30.832251133333333
0.0,29.31756740656892,29.31756740656892,False,0.00478462602,22.69311313333333,21.416339066666666
877.4,814.9482062597972,62.45179374020279,False,0.6257596313333335,28.347310466666663,45.494661266666654
207.9625,273.0907170242266,65.12821702422659,False,0.2020374493333333,22.7244914,23.87672733333333
779.8625,727.4709320185812,52.3915679814188,False,0.5574083926666665,25.808286599999995,41.24847206666666
1162.575,1161.4438070269712,1.131192973028874,False,0.9066149006666668,27.04890353333333,47.9602314
564.4625,558.2534999835075,6.209000016492496,False,0.420493884,26.59366866666667,39.879952333333335
8.3375,40.435295953147,32.097795953147,False,0.00914994484,29.243110933333337,28.6825074
112.5142857,126.28015061709318,13.765864917093182,False,0.0832185890666666,23.51573693333333,22.768512
817.4625,918.7148252947459,101.2523252947459,False,0.7052360026666665,30.97860513333333,51.86274186666666
1000.114286,927.3158019039478,72.79848409605222,False,0.7152714659999999,28.058274466666663,47.815446
260.875,258.48752988827937,2.3874701117206314,False,0.1875066193333333,24.505352933333327,27.033671066666663
477.3428571,425.27411807378354,52.06873902621646,False,0.3124267953333332,26.8318298,39.08195373333332
568.9875,516.4495950721223,52.53790492787766,False,0.388584996,28.595495666666668,38.5366638
343.975,341.4518932179275,2.5231067820725457,False,0.2479111146666666,27.96042866666667,35.6392172
787.5428571,706.366602929121,81.17625417087902,False,0.5412059773333334,27.450107666666668,40.93057693333333
953.55,848.9427363318429,104.60726366815709,False,0.6541739533333331,25.68664953333333,43.83857633333333
642.8,590.1825224275316,52.617477572468374,False,0.4417064292857143,27.985940285714285,45.11740971428571
0.0,24.28660797091312,24.28660797091312,False,0.0001250367553333,24.372711266666663,22.6416768
859.55,932.5368570402364,72.98685704023649,False,0.7166804542857143,28.36199285714285,50.62704278571428
804.9,830.3836453889729,25.483645388972946,False,0.6365608813333332,29.410819333333336,47.68545339999999
568.9285714,590.5858968921717,21.657325492171708,False,0.4474868786666667,25.93090606666667,39.14253953333334
243.8714286,303.1108603466743,59.23943174667431,False,0.224655888,23.399713266666662,26.031282600000004
495.175,462.955071318951,32.219928681049,False,0.345676682,28.046335933333328,37.409806
1082.25,1079.0870507603381,3.1629492396618843,False,0.8341566393333333,29.217750933333328,53.50141380000001
406.0428571,426.6624264260757,20.61956932607569,False,0.3143966613333332,30.61301473333333,39.94118873333333
96.1875,125.61429765955874,29.426797659558744,False,0.0770711165333333,29.534391266666667,30.59927986666668
469.8142857,471.1954027038075,1.3811170038074465,False,0.3536178413333332,24.827956066666665,34.91220333333333
618.4375,647.1976634334084,28.760163433408366,False,0.4851745126666666,25.6231832,47.156502466666666
0.0,29.31756740656892,29.31756740656892,False,0.00478462602,22.69311313333333,21.416339066666666
1051.414286,944.7042549409139,106.71003105908608,False,0.7343688020000001,25.898872933333333,42.364294333333326
492.85,467.93473140312483,24.915268596875194,False,0.344136892,27.717987066666662,42.515350533333326
56.2,75.87357314712885,19.67357314712885,False,0.0397878830714285,25.59105335714285,25.627179785714283
0.0,22.922542266383715,22.922542266383715,False,0.0008480133085714,21.663992714285715,19.75165221428572
90.1625,109.82046460167206,19.657964601672063,False,0.0713916354666666,22.1559958,20.62310193333333
0.0,23.158785056786993,23.158785056786993,False,0.0005523642353333,21.4640382,20.121873
0.0,29.068682014158306,29.068682014158306,False,0.00431375216,23.281386399999995,21.919765266666666
434.6,916.7476957714447,482.14769577144466,True,0.70056636,28.20780033333333,53.51720186666666
164.8,161.91955070865097,2.880449291349038,False,0.1077558996666666,26.572758,28.462253866666668
1181.114286,1174.1236229240649,6.990663075935117,False,0.907262212,30.22876786666666,58.4341208
182.8,199.43383945256616,16.63383945256615,False,0.136164155,29.3095095,31.839508
406.0428571,453.41195390585546,47.36909680585546,False,0.3412023106666666,24.221519,32.6289328
566.9857143,560.8595824827355,6.126131817264536,False,0.4246341313333333,25.68465353333333,37.61702466666667
568.225,499.5453857811454,68.67961421885462,False,0.3750224913333333,25.47613733333333,36.90983686666667
405.2,401.97100955608704,3.2289904439129486,False,0.2947314606666666,32.85508646666668,40.3697468
603.3285714,569.1488350368206,34.17973636317936,False,0.4301018386666667,24.460260066666663,38.327647133333336
101.6375,117.33053111004052,15.693031110040522,False,0.0712777123333333,25.6701172,27.996036799999995
436.8,420.8196378384199,15.980362161580103,False,0.3131774186666666,24.698665266666666,34.0502216
605.8714286,530.579805772116,75.291622827884,False,0.402276302,24.833713600000003,34.94457799999999
1027.457143,980.1781804132739,47.27896258672615,False,0.754716712,28.85416453333333,51.79728806666666
1203.171429,1120.9658196101846,82.20560938981544,False,0.8686483159999999,30.080072133333328,53.7302392
962.3571429,1012.5786027093861,50.22145980938615,False,0.7867404085714285,27.44654421428572,46.09474850000001
432.9875,407.1532844061188,25.834215593881197,False,0.3015704806666667,30.709979333333337,37.02485793333333
364.025,394.83169665760505,30.806696657605073,False,0.2911635239999999,28.383642466666668,36.3026832
1135.7,899.8734686639033,235.82653133609676,True,0.6880905792857142,30.900615071428568,53.412794
69.3,93.54794888797618,24.24794888797618,False,0.0506183510666666,32.222483600000004,31.912021933333328
963.9,907.3216236147528,56.578376385247225,False,0.7001427807142858,27.843497142857142,46.54200971428571
998.6,870.6907992555706,127.90920074442943,False,0.6753042113333334,25.79386393333333,40.80645753333332
32.775,53.72800603408985,20.953006034089853,False,0.0241719286666666,22.56817026666667,21.94776
816.9,830.6522019783129,13.752201978312883,False,0.6365820806666665,28.252118,47.370047933333325
19.8625,41.6325683714859,21.770068371485902,False,0.0141838213333333,22.654567466666663,22.05121253333333
813.9,798.2435058475062,15.656494152493792,False,0.5983157728571428,32.10408907142858,59.949493357142856
602.9,554.7453714672081,48.15462853279189,False,0.423195788,26.7497132,34.74134893333333
893.425,818.5196357465634,74.90536425343657,False,0.6269522933333334,26.771419266666665,46.43292826666667
682.1285714,637.0223996052423,45.106171794757756,False,0.4847505873333333,25.1295838,39.552423133333335
829.0285714,805.9341470664344,23.0944243335656,False,0.611296238,31.9529074,53.654715866666656
676.3142857,759.1734201041977,82.85913440419768,False,0.5748687466666667,32.095951199999995,51.93161206666666
79.21428571,101.99779158079333,22.783505870793334,False,0.0596401831333333,26.235536666666665,27.3688028
295.0142857,258.4857939731829,36.528491726817094,False,0.1836250126666666,26.8806398,31.682238933333327
135.85,150.5128570285955,14.66285702859551,False,0.0971044788,27.9943766,30.289263866666666
1006.45,963.2122481998705,43.23775180012956,False,0.7406104714285713,30.07889021428572,52.50944735714285
609.675,612.5489677402475,2.873967740247508,False,0.4599821506666666,30.42411086666667,46.23066786666667
1306.7875,1336.0589479260598,29.271447926059864,False,1.0365607706666664,31.9470338,62.420866
499.3375,436.75805626787104,62.57944373212894,False,0.319418066,27.9916526,41.8464274
112.5375,161.79937544643968,49.26187544643969,False,0.1064024638666666,28.333721866666668,30.3950194
618.55,582.8002857512738,35.74971424872615,False,0.435684946,31.42362873333333,46.57489593333333
16.6625,43.06988118191607,26.407381181916065,False,0.0139073641466666,24.9734254,24.41195066666667
199.6142857,187.88212190959368,11.732163790406332,False,0.1302281486666666,22.53172193333333,25.608616266666665
177.4714286,189.61838843704186,12.146959837041862,False,0.1278067490666667,28.59915553333333,31.82115473333333
668.7428571,631.3581524456686,37.38470465433147,False,0.4715989833333333,31.29462073333333,50.15845953333333
0.0,29.068682014158306,29.068682014158306,False,0.00431375216,23.281386399999995,21.919765266666666
662.9375,763.5261851534704,100.58868515347035,False,0.5869376799999999,26.62600271428571,41.63306128571429
759.4428571,770.6740447767638,11.231187676763852,False,0.5834999766666668,29.7998332,51.68366739999999
243.6285714,275.1747064063547,31.54613500635469,False,0.1992273946666666,23.671679533333336,28.50362966666667
1012.685714,948.0430411940605,64.64267280593947,False,0.730578768,30.299320466666668,50.359466600000005
943.1,943.9010307499991,0.8010307499990859,False,0.7235343293333333,29.207837,53.292307533333336
1018.175,958.9318812877747,59.24311871222528,False,0.7397700273333334,33.397930933333335,51.453865333333326
1206.285714,1237.3585425224765,31.072828522476357,False,0.9597508193333332,30.556133933333328,57.9774638
782.9285714,905.6696319800459,122.74106058004588,False,0.6930570186666666,31.63322353333333,53.52987266666667
396.175,407.96932971695674,11.794329716956724,False,0.3029486386666666,23.706215533333328,33.3340642
1234.125,1248.0347171774638,13.90971717746379,False,0.964028712,30.414278266666667,62.09320066666666
716.6857143,666.8259166670096,49.85979763299042,False,0.5029802726666666,27.562856066666672,46.39747086666667
25.7,55.542724037236155,29.842724037236156,False,0.0206756249642857,30.42119707142857,29.995760357142856
691.7625,606.7010766271337,85.06142337286633,False,0.456957692,28.25725513333333,43.641306466666656
600.775,608.553060909564,7.778060909564033,False,0.457150144,31.814784666666668,46.41744406666666
1366.8875,666.9586754514642,699.9288245485359,True,0.4945148071428571,29.76473564285714,55.351970142857134
847.0857143,782.2856368960877,64.80007740391227,False,0.6021715766666667,28.496042933333328,42.57935760000001
0.0,843.5438814528125,843.5438814528125,True,0.6502135673333332,26.948706133333328,43.94926386666666
326.6714286,313.74526028534024,12.926168314659776,False,0.2260944466666666,27.856903133333333,34.7539672
1047.528571,1164.2405785130427,116.71200751304264,False,0.89846418,28.989419142857145,58.54648692857143
1212.3875,1248.0347171774638,35.647217177463745,False,0.964028712,30.414278266666667,62.09320066666666
482.85,462.955071318951,19.89492868104901,False,0.345676682,28.046335933333328,37.409806
825.7375,819.2017400196165,6.535759980383432,False,0.6259291153333334,26.661143,47.86209886666667
7.757142857,31.907366708824107,24.15022385182411,False,0.0079012560333333,21.586885533333334,20.010978066666667
175.5857143,173.52612905058984,2.059585249410162,False,0.1192626860666666,22.443727666666664,24.81898393333333
599.175,554.7453714672081,44.42962853279187,False,0.423195788,26.7497132,34.74134893333333
482.6142857,453.13717531852586,29.47711038147412,False,0.3413168086666666,23.40423586666667,31.958345733333328
125.9625,142.92027687769104,16.957776877691032,False,0.0953944536,24.21899,24.442443933333333
71.81428571,84.39585912954078,12.581573419540788,False,0.0510381027333333,21.996521066666663,20.094380866666672
1140.014286,1271.473586055839,131.45930005583887,False,0.988618098666667,30.10053313333333,56.94452306666666
112.0142857,136.81125984000096,24.796974140000955,False,0.0836154068666666,31.958078800000003,34.10791773333333
584.9428571,515.3334832066898,69.60937389331013,False,0.388530498,25.753749666666668,36.50444326666668
173.6375,167.4576443309663,6.179855669033685,False,0.112813087,23.8746256,26.81340946666667
1029.185714,1006.8333001662262,22.352413833773767,False,0.776912684,30.26233913333333,52.088154933333335
5.7,32.592196825880315,26.892196825880315,False,0.0059466362266666,25.260909000000005,23.9481894
907.4571429,869.4544420437114,38.002700856288584,False,0.666398724,27.668807,48.98255793333334
1124.971429,1236.3310455342043,111.3596165342044,False,0.9587208273333332,30.648152666666665,58.192274733333335
99.75714286,112.72464018621726,12.967497326217256,False,0.0706118121333333,22.961183666666667,23.921439533333327
831.9285714,735.3440912221733,96.58448017782666,False,0.5664324566666666,25.093788666666665,38.5421514
535.0857143,508.152825440858,26.93288885914194,False,0.3798659046666666,29.76168613333333,40.82955953333333
141.8,150.5128570285955,8.712857028595494,False,0.0971044788,27.9943766,30.289263866666666
99.2125,117.33053111004052,18.11803111004052,False,0.0712777123333333,25.6701172,27.996036799999995
705.7125,635.7877443401775,69.9247556598225,False,0.4793892407142857,33.09783492857143,47.05743857142858
1022.775,1039.7826222742128,17.00762227421285,False,0.8049972373333332,30.42245486666667,51.15997893333333
1236.171429,1196.5683127026282,39.6031162973718,False,0.9342755213333332,27.7742168,49.33662146666668
647.7857143,616.7987148579105,30.98699944208954,False,0.4668261126666666,29.21803193333333,42.5737022
1358.875,1279.0081963356497,79.8668036643503,False,0.999309628,29.77494913333333,52.5911334
1050.05,969.6470980862623,80.40290191373765,False,0.7431429239999999,33.7554728,56.660072933333325
364.9571429,390.68173870499277,25.72459580499276,False,0.2873007813333333,32.72800313333334,38.61097186666667
928.775,872.6040178364915,56.170982163508484,False,0.67195934,27.677307066666668,46.2067344
978.725,915.7570519284916,62.96794807150843,False,0.7079364073333333,27.636714733333328,45.63386426666667
195.2571429,195.11096787926823,0.1461750207317607,False,0.1329208607142857,28.140496428571428,31.05289985714285
406.9125,452.65105846564404,45.73855846564402,False,0.3392979014285714,24.590855285714284,33.98376064285714
502.025,480.7737005980502,21.25129940194978,False,0.354595126,25.63316453333333,41.67780593333334
826.8857143,830.0946541839619,3.2089398839618752,False,0.6382544986666667,27.6148946,45.10698460000001
118.7285714,149.75180767599255,31.023236275992545,False,0.0959535507857142,27.676138642857143,30.6434
67.75714286,85.05807012951192,17.300927269511917,False,0.0503953045333333,21.3506612,20.921696
30.9,53.72800603408985,22.828006034089853,False,0.0241719286666666,22.56817026666667,21.94776
129.8857143,142.92027687769104,13.034562577691048,False,0.0953944536,24.21899,24.442443933333333
94.8875,107.76744953127874,12.87994953127874,False,0.0685966837333333,21.887721666666664,21.544547666666663
853.55,819.4388485805533,34.11115141944663,False,0.6250849942857142,34.05229864285714,52.027917142857135
568.45,520.1723964629738,48.277603537026266,False,0.3929380471428571,25.35791885714286,35.92258564285714
684.5857143,618.666020039939,65.91969426006096,False,0.4727646679999999,24.93256013333333,36.6068582
760.1,708.1716072906238,51.928392709376226,False,0.5362176506666668,33.335693266666674,49.51272193333333
624.475,565.6387783187791,58.83622168122088,False,0.4294617333333333,27.88819186666667,37.721638866666666
218.5142857,215.66081749147608,2.853468208523907,False,0.1492800746666666,26.624064000000004,30.85439253333333
862.0857143,971.0700550735435,108.98434077354352,False,0.7472785953333334,27.397644133333333,51.1395304
55.45714286,81.74758345937695,26.290440599376957,False,0.0424932424666666,27.09036053333333,28.24562973333333
4.728571429,32.30539960836409,27.576828179364092,False,0.0047339318343333,27.510428933333333,25.833406533333328
1266.314286,1105.4551714176014,160.85911458239866,False,0.8554001073333332,29.45011986666667,53.953094466666656
394.4,469.6832142821999,75.28321428219994,False,0.3465496533333333,32.31323666666667,43.588924266666666
28.85714286,51.13686433994522,22.27972147994522,False,0.0222816074666666,24.01163526666667,22.35345866666667
659.7125,676.0291486361529,16.316648636152877,False,0.5102416726666666,35.25248613333334,49.98867166666666
0.0,22.290221395943334,22.290221395943334,False,7.79209073e-05,21.658839866666664,19.984273200000004
401.1142857,416.50016190490106,15.38587620490108,False,0.3026864813333333,31.6578208,43.54560113333334
587.225,514.0331492724897,73.19185072751031,False,0.384930638,27.667081733333337,39.6965698
957.1375,876.4334157359127,80.70408426408733,False,0.6752527859999999,27.318863800000003,45.9083192
710.7857143,664.0394827122842,46.74623158771578,False,0.5036263826666665,32.436879733333335,45.77020906666667
472.8375,463.565870847889,9.271629152110961,False,0.344954196,34.35660993333333,41.28059066666666
513.5857143,533.8527199967341,20.267005696734145,False,0.4043418426666666,24.7192118,35.47181186666666
10.9,33.251371890772205,22.351371890772207,False,0.00961781414,23.151116866666666,20.113913933333333
755.9,763.4304529364737,7.530452936473694,False,0.58660541,28.766581200000005,42.79567873333334
1360.914286,1241.1965411451256,119.71774485487435,False,0.9654513833333332,30.398728400000003,55.526068
1003.742857,984.8062862869185,18.936570713081437,False,0.7549121526666667,34.382596666666664,57.54735093333333
321.0,299.50624058843476,21.493759411565236,False,0.2196392886666666,23.587081,28.0358926
487.925,518.3273415664769,30.402341566476878,False,0.3794895364285714,28.726664714285715,48.51885335714286
386.6625,416.50016190490106,29.83766190490104,False,0.3026864813333333,31.6578208,43.54560113333334
362.4571429,474.0542231716374,111.59708027163737,False,0.3448840357142857,27.98836207142857,46.6177065
652.1428571,927.2808336870776,275.13797658707756,True,0.7097949053333333,30.076267400000003,53.77259313333333
0.875,27.666145760453094,26.791145760453094,False,0.0019180998580666,24.746293133333328,23.71588746666667
959.5142857,1014.6117669287762,55.097481228776246,False,0.771698892,28.96689653333334,62.345989
599.0428571,628.7289230911982,29.686065991198234,False,0.476263588,32.22288606666666,44.19463313333334
1258.2,1296.8557898115864,38.655789811586374,False,1.00650392,28.884908,59.149143266666655
67.37142857,83.98338906831141,16.611960498311404,False,0.0495149681333333,21.985833666666664,21.195638
777.3285714,715.9099576895629,61.41861371043706,False,0.5478691779999999,27.2929586,41.94669766666666
504.5625,591.2344804582209,86.6719804582209,False,0.445260018,32.27215373333334,44.45963126666666
42.3375,60.739103367082905,18.401603367082906,False,0.0321055547333333,21.70994886666666,19.537300666666667
348.2857143,382.4270089899468,34.14129468994679,False,0.2846431906666666,24.100400866666668,31.043286133333336
1034.7125,894.0774351004716,140.63506489952852,False,0.685881602,30.158901066666665,50.718400200000005
131.475,141.04355151891826,9.56855151891827,False,0.0952975517857143,22.50998785714286,22.357663928571423
791.0125,774.9925156856406,16.019984314359476,False,0.5909023807142856,27.42023371428571,47.050576142857146
381.2,338.2540779333044,42.94592206669557,False,0.2474112733333333,25.1799176,32.45616233333334
0.0,24.904992505362795,24.904992505362795,False,0.0001651499813333,24.480450466666667,23.12403173333333
11.125,38.6699437599602,27.544943759960198,False,0.00998024594,26.836218333333328,25.515785533333336
79.75714286,101.99779158079333,22.24064872079333,False,0.0596401831333333,26.235536666666665,27.3688028
520.6,432.06812319412313,88.53187680587689,False,0.3150899026666667,34.02411533333334,44.905969266666666
398.5875,388.12644662994103,10.461053370058949,False,0.2853623193333333,26.809796066666664,35.90520226666667
34.48571429,55.01520059169741,20.52948630169741,False,0.0257571987857142,21.31159314285714,20.909787928571426
101.1285714,136.81125984000096,35.68268844000096,False,0.0836154068666666,31.958078800000003,34.10791773333333
457.55,432.68922673651247,24.860773263487545,False,0.32255192,24.568143428571428,34.32752778571429
42.52857143,68.97425285031142,26.445681420311416,False,0.0324079431333333,29.405578533333337,28.884993533333336
318.3875,296.2038352206924,22.183664779307605,False,0.21379486,25.7980978,31.919557666666662
1165.071429,1098.4217534042346,66.64967559576553,False,0.847597544,33.321887266666664,57.5274762
193.2714286,197.96865819752824,4.697229597528235,False,0.1357463066666666,26.6788758,29.970585
689.4125,641.0930235814878,48.31947641851218,False,0.476600342,33.761303733333335,54.00686426666665
743.1142857,702.9312133145686,40.18307238543139,False,0.5372297933333333,27.251393533333328,41.926712666666674
821.275,825.141685290681,3.866685290681062,False,0.6364364953333334,26.220489466666667,42.41054713333334
130.0625,142.2735838172807,12.211083817280695,False,0.0878115582857142,32.85124421428571,34.75786921428571
8.275,32.34711549524739,24.072115495247388,False,0.0090791752333333,21.767089866666662,19.32609053333333
599.4,574.777759217479,24.622240782520976,False,0.4224988753333333,33.88692626666666,53.80755813333333
839.675,819.4388485805533,20.236151419446628,False,0.6250849942857142,34.05229864285714,52.027917142857135
194.1428571,217.22162837089505,23.07877127089506,False,0.1492018317333333,26.540883333333333,32.085792999999995
711.0142857,763.5054850627529,52.49119936275292,False,0.585474618,28.488832533333333,43.78831386666667
0.0,29.493200275371354,29.493200275371354,False,0.0019553224081999,27.919635066666668,26.451664333333337
225.4428571,226.7718240550246,1.3289669550246117,False,0.1602291469333333,23.27185253333333,27.688370800000005
0.0,27.666145760453094,27.666145760453094,False,0.0019180998580666,24.746293133333328,23.71588746666667
1150.128571,1139.4803445988696,10.648226401130387,False,0.879347218,33.4819584,59.38402526666668
767.2142857,806.6104200414169,39.39613434141688,False,0.6182257626666666,26.970560666666664,45.55024
650.8,604.8022344855356,45.99776551446439,False,0.46019857,25.76177973333333,38.08438906666666
182.2142857,238.65617834601008,56.441892646010075,False,0.1743799119999999,23.251910266666663,23.56722206666667
168.5571429,165.49423118021153,3.062911719788474,False,0.1104082978666666,23.763322,27.507177666666667
535.6125,529.0938971534787,6.518602846521276,False,0.3971458206666666,29.8809834,40.778582533333335
816.7571429,701.0514606037232,115.70568229627679,False,0.5402542266666664,25.700242133333333,36.99481373333333
336.4875,332.27903642461035,4.208463575389658,False,0.2396828633333333,31.0340474,37.6285684
33.7625,53.72800603408985,19.96550603408985,False,0.0241719286666666,22.56817026666667,21.94776
8.3,30.64795369790475,22.34795369790475,False,0.0083566124785714,21.28513,18.49177971428572
1160.1,1271.473586055839,111.37358605583904,False,0.988618098666667,30.10053313333333,56.94452306666666
1105.771429,1041.7078834430654,64.06354555693451,False,0.8068469279999999,27.371873,49.5876018
1060.6875,1182.3190748523234,121.63157485232341,False,0.917253122,31.41328526666667,55.89338740000001
601.9428571,611.478856245585,9.535999145585038,False,0.4660193226666666,25.439449133333333,37.621647133333326
38.7125,63.76702969438634,25.05452969438634,False,0.0331407035,23.016544857142858,21.453314571428567
597.4142857,480.7737005980502,116.64058510194985,False,0.354595126,25.63316453333333,41.67780593333334
628.1857143,569.1488350368206,59.036879263179344,False,0.4301018386666667,24.460260066666663,38.327647133333336
63.18571429,84.60433393016369,21.41861964016369,False,0.0487669142,22.65616866666667,22.658846066666666
848.1,819.2017400196165,28.8982599803835,False,0.6259291153333334,26.661143,47.86209886666667
491.5428571,471.8410812575361,19.701775842463917,False,0.3538028446666666,29.1737934,37.11314493333333
1033.575,1150.8826206447538,117.3076206447538,False,0.8936614913333333,34.13076993333335,55.030613
987.5,1236.3310455342043,248.83104553420435,True,0.9587208273333332,30.648152666666665,58.192274733333335
260.35,277.916065716599,17.566065716598985,False,0.1959377942857142,32.512230571428574,37.494888142857135
0.0,29.068682014158306,29.068682014158306,False,0.00431375216,23.281386399999995,21.919765266666666
929.875,944.5155821618841,14.64058216188414,False,0.7324080378571429,29.03071592857143,45.404338142857135
38.78333333,72.78296876285877,33.999635432858774,False,0.0409023354166666,20.838399333333328,20.166653916666665
8.214285714,37.80767524630827,29.593389532308272,False,0.0086745569666666,26.31346433333333,25.84845173333333
767.4142857,779.5665320520454,12.152246352045381,False,0.592244042,28.858711866666663,49.9206544
217.9285714,220.8703767290039,2.9418053290038984,False,0.1566565473333333,22.7777608,26.293044066666663
1157.7125,1146.2223975506763,11.490102449323786,False,0.8979147206666667,26.66739493333333,44.267293333333335
0.0,23.505350845065124,23.505350845065124,False,0.0002446326267021,22.18672828571429,20.98682278571429
180.7285714,181.23569835867144,0.5071269586714493,False,0.1215033461999999,27.969102,31.016943466666667
574.5,548.8775151516073,25.622484848392673,False,0.4147560933333333,25.266322866666663,37.48621606666667
600.2,612.5489677402475,12.348967740247417,False,0.4599821506666666,30.42411086666667,46.23066786666667
276.1,258.74035023473215,17.359649765267875,False,0.1810435286666666,29.1820414,35.28159566666666
266.35,267.72915206609537,1.3791520660953438,False,0.1892608939999999,29.096531133333336,34.4538818
795.1857143,727.4709320185812,67.71478228141882,False,0.5574083926666665,25.808286599999995,41.24847206666666
351.225,325.13008167285597,26.094918327144057,False,0.2377031446666667,23.19970913333333,30.617470133333327
455.7625,414.80485204952595,40.95764795047404,False,0.3048436553333333,28.30766193333333,38.786185733333326
208.2857143,218.30622745096426,10.020513150964263,False,0.1512628246666666,28.141567066666667,31.68454
743.5375,729.6144809351983,13.923019064801679,False,0.5601515626666665,27.553778,41.08350839999999
896.5714286,830.3023345871837,66.26909401281625,False,0.6361480606666667,28.02329086666667,47.408421
279.7375,277.29237506280214,2.4451249371978747,False,0.1951342519999999,30.797410133333333,37.0259216
109.6625,140.66772411915647,31.00522411915648,False,0.0881270817333333,31.36695346666667,32.592636866666666
83.1,116.59606614554883,33.49606614554884,False,0.0711483807333333,27.9018616,28.519918
102.8571429,117.84852404868262,14.99138114868262,False,0.0713218832666666,27.8205282,29.2812134
68.91428571,91.67059543556852,22.756309725568514,False,0.0504507636666666,31.0485982,30.124161733333327
501.0428571,480.587947428625,20.454909671374992,False,0.3585119633333332,28.175795466666663,38.97982593333333
860.5857143,886.8049646044889,26.219250304488924,False,0.6773567373333333,34.232936733333325,54.871441666666655
1170.625,1219.7474451831376,49.12244518313764,False,0.9426408173333332,27.962141933333328,59.34772946666667
345.3,322.0386488409754,23.261351159024628,False,0.2355113593333333,23.853275466666663,30.580068
477.7125,511.0364474369287,33.323947436928734,False,0.3835502693333333,25.646803733333336,37.81797673333334
216.6625,218.8520857844148,2.1895857844148168,False,0.150128168,31.88745533333333,34.781236066666665
806.9,736.6183723672333,70.28162763276669,False,0.564246406,26.771500733333337,42.28302813333334
1120.4125,1095.1558232762418,25.25667672375812,False,0.8488509206666665,29.315938266666667,52.12607433333333
208.3375,184.9430800391801,23.394419960819903,False,0.1306238946666666,23.6877706,23.490259000000005
47.15714286,75.9723745137177,28.815231653717696,False,0.0367549387333333,30.906561266666667,30.832251133333333
1120.0625,1164.2405785130427,44.17807851304269,False,0.89846418,28.989419142857145,58.54648692857143
1373.928571,1402.3800053499936,28.451434349993633,False,1.093312369333333,27.4672506,58.268178266666666
202.0428571,217.22162837089505,15.178771270895055,False,0.1492018317333333,26.540883333333333,32.085792999999995
379.7142857,331.1516150269932,48.56267067300678,False,0.2420931633333333,24.688751333333336,31.77211313333333
1242.057143,1216.3093219758712,25.747821024128825,False,0.9434325606666668,30.082822666666665,56.89508453333334
594.8625,624.1600043560584,29.297504356058425,False,0.472579002,26.7760782,41.781502133333326
282.3571429,364.3746305593248,82.01748765932484,False,0.263809032,29.8172668,39.14588853333333
604.1875,596.1028105108037,8.084689489196307,False,0.4511937286666666,28.178857466666667,40.87684526666667
731.2625,667.3102249882464,63.95227501175361,False,0.50896689,25.49385071428572,40.286078142857136
0.0,30.11863963546893,30.11863963546893,False,0.001841024544,28.495518,27.285992266666668
202.7857143,193.30728210842395,9.478432191576047,False,0.1321317535333333,27.4072612,30.092036933333333
950.7625,924.688678184941,26.07382181505909,False,0.7181465133333333,28.7229654,43.40939126666667
349.6375,328.8407969914858,20.796703008514214,False,0.2427383993333333,23.899300266666664,29.06023366666667
39.175,63.38987971901672,24.21487971901672,False,0.0297671323333333,25.3053914,25.30308846666667
934.975,860.0770190125256,74.8979809874744,False,0.6634503566666667,26.40725306666667,44.0128702
1109.125,1120.9658196101846,11.840819610184553,False,0.8686483159999999,30.080072133333328,53.7302392
937.8285714,1266.7592542515645,328.9306828515645,True,0.9841090573333332,29.5801188,57.320168
899.2,935.7526947613189,36.55269476131889,False,0.718821216,28.941943333333327,51.34074066666668
1078.3,1122.0723999354118,43.77239993541184,False,0.869060306,30.189037933333328,54.239634266666656
332.3125,337.2367128611615,4.924212861161493,False,0.2442546013333333,28.939170133333327,36.249540200000006
989.3625,950.8533562057211,38.509143794278884,False,0.7350834633333333,33.763185400000005,49.80390433333333
42.975,62.172862773200066,19.197862773200065,False,0.0316197704666666,22.0364666,21.229018066666665
28.84285714,50.96423946959057,22.121382329590567,False,0.0237962576,21.653328466666665,19.7878378
1206.96,1164.7164189851655,42.24358101483449,False,0.9024616809090908,31.52517981818181,56.276514181818186
552.4285714,541.441895783146,10.986675616853972,False,0.4062958466666666,27.494000133333333,40.65558086666666
407.55,443.840998628262,36.290998628262,False,0.327377192,32.281588,41.69365866666666
100.4571429,112.72464018621726,12.267497286217264,False,0.0706118121333333,22.961183666666667,23.921439533333327
1137.2125,1154.878743889425,17.666243889425004,False,0.8927997,32.26669699999999,58.0866006
722.1428571,606.7010766271337,115.4417804728663,False,0.456957692,28.25725513333333,43.641306466666656
198.0,206.59261866494788,8.592618664947878,False,0.14642804,22.7378764,24.8963014
1123.757143,1112.241254344347,11.515888655653043,False,0.864056662,28.03033873333333,50.452891
35.01428571,55.01520059169741,20.000914881697405,False,0.0257571987857142,21.31159314285714,20.909787928571426
416.6714286,429.0148885605442,12.34345996054418,False,0.325195026,23.921140466666664,28.769305600000003
644.55,598.9785771687644,45.57142283123551,False,0.4515764164285714,33.265648642857144,44.920237928571424
1020.728571,850.4099586926272,170.31861230737275,False,0.6492476293333334,32.147684733333335,52.35325513333333
177.9375,172.09946791847892,5.838032081521078,False,0.1154349828,23.7412598,27.86075853333333
570.8125,529.0938971534787,41.71860284652132,False,0.3971458206666666,29.8809834,40.778582533333335
722.0,739.2939618597684,17.293961859768388,False,0.5651963973333332,34.40285233333333,46.7442812
655.4,636.3559941814767,19.04400581852326,False,0.4816808006666666,31.278884,44.566937
687.5285714,670.7317887844216,16.796782615578422,False,0.5104950893333333,27.5968486,42.3875894
343.95,347.90377250262674,3.953772502626748,False,0.2492484,27.516727866666667,39.136326
257.2571429,280.9291072331115,23.671964333111475,False,0.2016386213333333,25.41951306666667,31.412544733333327
769.7,653.8984844086809,115.80151559131912,False,0.4937874026666666,26.1081848,44.455601
216.0285714,225.7585622935007,9.729990893500684,False,0.1567773945333333,28.263501133333328,32.293276
60.37142857,86.478221903781,26.106793333781006,False,0.0456077094,30.75914113333333,30.545615666666663
16.62857143,37.10828139165555,20.47970996165555,False,0.0115848330599999,21.87074993333333,20.6757548
1165.885714,1047.3977503224673,118.48796367753266,False,0.812712094,26.824531933333333,48.231018133333336
647.1,609.1608508532049,37.9391491467951,False,0.463052552,28.2268556,39.822216533333325
584.65,590.5858968921717,5.9358968921717405,False,0.4474868786666667,25.93090606666667,39.14253953333334
1070.0,1079.6859601545798,9.685960154579789,False,0.8324597433333333,29.89033,55.8342632
384.5,357.0738035096393,27.426196490360724,False,0.262713,24.443902533333333,32.258191
430.6875,411.3360036504383,19.351496349561728,False,0.3068565886666666,24.370550666666663,32.55040273333334
623.925,565.6387783187791,58.28622168122081,False,0.4294617333333333,27.88819186666667,37.721638866666666
1289.114286,1296.8557898115864,7.741503811586426,False,1.00650392,28.884908,59.149143266666655
1083.742857,1012.4423406944434,71.30051630555658,False,0.7764669535714287,31.723678357142852,57.42826607142857
10.4875,34.307598518890785,23.820098518890784,False,0.0094697153714285,21.456706357142856,20.32755842857143
821.075,881.8029706080101,60.72797060801008,False,0.6678877380000001,31.10980833333333,58.53033853333333
262.225,267.72915206609537,5.504152066095344,False,0.1892608939999999,29.096531133333336,34.4538818
818.5714286,687.0405311306324,131.53089746936757,False,0.5240877666666666,26.23224886666667,41.591343
155.2125,169.58297787401438,14.37047787401437,False,0.1175455726666666,21.834507400000003,23.14069626666667
579.6571429,528.0987221787362,51.558420721263815,False,0.3998539546666666,27.8538696,36.6129212
34.08571429,55.01520059169741,20.92948630169741,False,0.0257571987857142,21.31159314285714,20.909787928571426
325.225,321.5338150103841,3.6911849896159197,False,0.2345097293333333,23.751955,31.084741200000003
835.925,838.0557465636663,2.130746563666321,False,0.644579368,26.80618086666667,44.94630113333333
36.55,59.86771238161338,23.317712381613383,False,0.0276320394666666,25.138563999999995,24.528363066666664
793.175,694.7114185319048,98.46358146809519,False,0.5261106153333333,27.51964326666667,46.130108666666665
241.6,277.29237506280214,35.69237506280214,False,0.1951342519999999,30.797410133333333,37.0259216
263.15,257.2693613821124,5.880638617887598,False,0.1830355166666666,27.3096638,31.48711953333333
0.0,26.266096991316726,26.266096991316726,False,0.000455513202,24.892543142857136,24.072802000000003
253.5142857,272.86400039321626,19.34971469321627,False,0.196718574,23.2902242,28.91189793333333
760.3142857,727.4709320185812,32.843353681418876,False,0.5574083926666665,25.808286599999995,41.24847206666666
551.35,554.7982168277978,3.4482168277977507,False,0.4169753466666666,26.14622593333333,40.326182133333326
46.475,62.682426855015,16.207426855015,False,0.0294998014666666,24.514550666666665,24.669201600000005
207.2714286,220.73939068911037,13.467962089110358,False,0.1547126757142856,24.8159595,28.888477857142853
652.1285714,611.2143118905527,40.914259509447334,False,0.4602610826666666,27.449349066666663,43.6625044
1041.957143,1070.4611961975215,28.504053197521444,False,0.8263966746666666,27.78503,53.52336233333334
236.6428571,303.1108603466743,66.46800324667433,False,0.224655888,23.399713266666662,26.031282600000004
612.3428571,554.7453714672081,57.59748563279186,False,0.423195788,26.7497132,34.74134893333333
671.6428571,624.1600043560584,47.482852743941635,False,0.472579002,26.7760782,41.781502133333326
434.55,401.4316881170676,33.1183118829324,False,0.2977888,25.61507166666667,33.972491733333335
1024.5875,990.0553032577392,34.53219674226091,False,0.7687173853333333,26.45047,45.249314466666654
353.425,348.74641353292947,4.678586467070545,False,0.2582670813333333,23.800502533333333,29.75697633333333
954.6142857,930.4364394256569,24.177846274343096,False,0.7175451686666666,30.02618813333333,48.932501133333325
264.8571429,262.810766824536,2.046376075463968,False,0.188819984,22.34573353333333,28.182126799999995
971.2,923.6119747639109,47.58802523608915,False,0.711361128,28.884842666666664,48.98813886666667
137.2,148.29344851793974,11.093448517939748,False,0.0971864702,26.33208213333333,27.7955018
204.4285714,199.50139085734187,4.927180542658135,False,0.1389610499999999,22.61050626666667,26.383687266666666
1023.45,998.69067402986,24.759325970140026,False,0.77591557,27.452661200000005,45.572745666666655
584.3125,602.0909215051711,17.77842150517108,False,0.4548798128571428,30.361437285714285,42.96282521428572
741.7714286,700.6623384670874,41.109090132912684,False,0.5342788213333333,26.066546666666667,42.4321838
1216.65,1264.7123581291867,48.06235812918658,False,0.97745754,32.317808071428566,63.145581571428565
758.1285714,770.6740447767638,12.545473376763766,False,0.5834999766666668,29.7998332,51.68366739999999
1158.6,1178.6761320658734,20.07613206587348,False,0.906359092,31.226418066666668,63.19209206666668
873.4285714,935.7526947613189,62.324123361318925,False,0.718821216,28.941943333333327,51.34074066666668
121.7125,129.07846213382533,7.36596213382532,False,0.0816072844666666,25.334818533333337,27.200339666666668
208.6,206.59261866494788,2.0073813350521164,False,0.14642804,22.7378764,24.8963014
811.3125,747.5606176714058,63.751882328594206,False,0.5729372046666668,26.192445933333328,42.29481826666667
172.8714286,186.45461482179348,13.583186221793483,False,0.1241333933333333,30.44563606666668,33.627032533333335
76.81428571,92.76743922761118,15.953153517611184,False,0.0563336587333333,22.062723666666667,21.586832733333328
364.7375,431.93085670828265,67.19335670828264,False,0.323376125,25.920839642857143,33.56302542857142
168.3,201.10912890176922,32.80912890176921,False,0.1358759986666666,29.846667533333328,33.62270493333333
412.5857143,407.96932971695674,4.616384583043271,False,0.3029486386666666,23.706215533333328,33.3340642
1075.075,1098.4217534042346,23.346753404234505,False,0.847597544,33.321887266666664,57.5274762
273.0571429,258.74035023473215,14.316792665267826,False,0.1810435286666666,29.1820414,35.28159566666666
1043.5375,830.6522019783129,212.88529802168705,True,0.6365820806666665,28.252118,47.370047933333325
709.95,602.6825499225574,107.26745007744262,False,0.4579382833333333,28.995208666666663,39.9702698
912.3,932.5368570402364,20.236857040236487,False,0.7166804542857143,28.36199285714285,50.62704278571428
0.0,28.650332823106886,28.650332823106886,False,0.003851879775,22.494378142857144,21.69032292857143
818.9,612.1431314296236,206.75686857037635,True,0.4585606919999999,31.819928,47.850404733333335
0.0,23.02404254275338,23.02404254275338,False,0.000166865986,21.9093404,20.571130533333328
664.04,633.4188019862695,30.621198013730464,False,0.480327483076923,28.47627846153846,42.37028861538461
36.87142857,57.61721322967777,20.745784659677774,False,0.0287589122,22.62713006666667,20.668404133333333
710.075,632.3997800599676,77.67521994003243,False,0.4806645453333333,27.00929553333333,40.641495866666666
0.0,20.666276174868393,20.666276174868393,False,0.0001515382176666,21.320007266666668,18.526363133333334
0.0,22.330379378252076,22.330379378252076,False,0.0009824882666666,21.082100399999995,18.921358066666667
662.5875,652.9946797110189,9.592820288981102,False,0.493897726,30.311199866666666,45.478786266666674
27.85,54.475296528157784,26.625296528157783,False,0.0224368066666666,25.2186848,25.28525993333333
75.35,87.12856163213178,11.778561632131783,False,0.0525060624,22.413663666666665,20.99587586666667
855.3714286,799.720138056252,55.651290543747905,False,0.615993176,31.765978933333333,44.435286533333326
1276.5375,1279.0081963356497,2.470696335649791,False,0.999309628,29.77494913333333,52.5911334
811.175,724.776961468218,86.39803853178194,False,0.5591777066666666,25.460363866666665,37.3852784
799.1625,733.6677152115386,65.4947847884614,False,0.5623129906666666,25.70663053333333,41.3690166
876.5428571,827.7395403707724,48.80331672922762,False,0.642086792,26.913202066666663,39.42475606666666
973.6857143,940.9411723400726,32.744541959927346,False,0.7277635133333333,26.6301878,45.9655842
565.5428571,548.1004953100694,17.4423617899306,False,0.4154079433333333,26.170804866666664,36.67445066666666
0.0,23.02404254275338,23.02404254275338,False,0.000166865986,21.9093404,20.571130533333328
759.7857143,830.3836453889729,70.59793108897293,False,0.6365608813333332,29.410819333333336,47.68545339999999
780.225,829.049499092203,48.82449909220293,False,0.6370887293333334,28.375455666666667,45.72413726666667
95.45714286,114.2108366581585,18.753693798158494,False,0.0694941764,25.574387666666663,27.23193773333333
686.1142857,632.8621222594026,53.25216344059743,False,0.4802661793333333,28.310963866666665,41.930027
179.7857143,186.45461482179348,6.668900521793489,False,0.1241333933333333,30.44563606666668,33.627032533333335
1057.3375,962.946214911268,94.39128508873205,False,0.7409205246666666,32.33336766666667,52.991542466666665
28.7,51.44778172509286,22.74778172509286,False,0.0194361867666666,28.536002666666665,27.2036742
402.9875,542.8617302156375,139.8742302156375,False,0.4033134171428571,32.78992792857142,46.81591135714286
394.7,453.41195390585546,58.71195390585547,False,0.3412023106666666,24.221519,32.6289328
1205.957143,1042.9195231781164,163.0376198218837,False,0.807332034,29.914223333333336,51.16156006666666
780.6857143,751.679888546107,29.005825753892964,False,0.574561224,32.52462140000001,46.66986293333333
207.2285714,200.4573768423386,6.771194557661403,False,0.141257299,23.249164,25.248394733333328
397.0,407.96932971695674,10.969329716956736,False,0.3029486386666666,23.706215533333328,33.3340642
101.9571429,109.82046460167206,7.863321701672064,False,0.0713916354666666,22.1559958,20.62310193333333
1263.157143,1246.4803164998516,16.67682650014831,False,0.97148052,27.86127913333333,52.84501126666667
403.8714286,502.30757625791057,98.43614765791057,False,0.37085346,33.40587706666668,46.34387413333334
889.6,897.469000187926,7.869000187925963,False,0.6935108126666668,27.51010546666667,45.047931266666666
723.5875,694.5599982135316,29.027501786468406,False,0.5263113173333333,28.367865,46.1937744
376.4857143,378.5441433109006,2.0584290109006247,False,0.2771371,27.911383066666662,36.725531333333336
904.9142857,860.0770190125256,44.837266687474425,False,0.6634503566666667,26.40725306666667,44.0128702
691.8125,638.5879577286521,53.2245422713479,False,0.4782781806666666,29.477185066666667,48.671240066666655
121.8875,135.98195847972477,14.094458479724764,False,0.0859623972,26.740639133333328,29.0264568
674.6142857,651.6867533966084,22.92753230339156,False,0.498367802,25.56246340000001,38.252356133333336
592.675,613.4288104231408,20.753810423140862,False,0.4699400059999999,24.854911266666665,35.20188793333334
625.4571429,590.2440792689632,35.21306363103679,False,0.4465655733333333,28.4605286,40.83483906666668
952.6714286,897.469000187926,55.20242841207403,False,0.6935108126666668,27.51010546666667,45.047931266666666
146.125,153.41336081497724,7.2883608149772385,False,0.1046293030666666,22.578601066666668,23.143766266666663
3.275,34.97430216704396,31.69930216704396,False,0.0050579441066666,28.4694946,27.9880758
390.2875,372.8288419460739,17.458658053926115,False,0.2735150473333333,25.79166053333333,34.815734666666664
96.21428571,104.76842683578431,8.554141125784312,False,0.0663231575714285,21.0031935,20.9889395
954.9,1056.680260614854,101.780260614854,False,0.8117554566666667,30.752172866666665,57.925577800000006
3.2,34.97430216704396,31.77430216704396,False,0.0050579441066666,28.4694946,27.9880758
89.9625,114.2108366581585,24.248336658158493,False,0.0694941764,25.574387666666663,27.23193773333333
890.8125,804.5157723887519,86.29672761124812,False,0.6136754333333333,28.123655266666663,48.692805666666665
779.4875,933.6817344473261,154.19423444732615,False,0.7174661713333332,32.52562053333333,52.57054206666666
1057.742857,1042.2840062454707,15.458850754529294,False,0.7999019353333332,33.540535600000005,59.177929600000006
587.2,564.059816157466,23.140183842534043,False,0.4251206693333333,33.059299933333335,42.801250933333336
754.9571429,722.1824503035575,32.77469259644249,False,0.545487636,32.7458558,51.327437733333326
1158.275,1099.009401817481,59.26559818251917,False,0.8546898013333333,29.279667000000003,49.60990173333333
1242.25,1236.7667126311435,5.483287368856509,False,0.9566406293333332,33.185274066666665,61.56432686666666
763.0,770.6740447767638,7.674044776763822,False,0.5834999766666668,29.7998332,51.68366739999999
692.7857143,668.8813617512599,23.90435254874012,False,0.5104697813333334,26.212556866666667,40.39654946666667
1202.5125,1226.144368859998,23.631868859997894,False,0.947984686,31.036269066666662,60.58494866666666
48.175,65.92056779854704,17.745567798547043,False,0.0358883196666666,21.44021593333333,19.8552002
713.3625,637.3092936921729,76.05320630782705,False,0.4865309580000001,26.2963116,38.61497386666667
782.8,745.1207556991845,37.67924430081541,False,0.5639184546666666,27.5785664,49.444277133333344
840.7625,1113.6437581146738,272.88125811467376,True,0.8612832686666666,31.688391,55.696510800000006
911.125,866.9477709021285,44.17722909787153,False,0.66640501,29.011586333333334,47.639289111111104
1126.242857,1159.8362035100654,33.59334651006543,False,0.8978028199999998,31.393697066666668,56.83325393333334
650.2428571,667.1775535630484,16.93469646304834,False,0.5058525086666666,25.1560954,42.945062333333325
1214.0,1199.4052473028246,14.594752697175409,False,0.9274572886666668,31.7778442,59.602299333333335
370.6285714,361.9259642472313,8.702607152768678,False,0.2639367406666666,29.373718266666668,36.96112066666667
947.275,990.0553032577392,42.780303257739206,False,0.7687173853333333,26.45047,45.249314466666654
190.1875,201.10912890176922,10.921628901769225,False,0.1358759986666666,29.846667533333328,33.62270493333333
1100.0625,1047.104205515665,52.958294484335056,False,0.809865482,32.15423573333334,52.968100933333325
826.5714286,928.5827424120129,102.01131381201287,False,0.7147616046666667,28.17348426666668,49.310594
1066.385714,1058.2382475258555,8.147466474144494,False,0.819862228,28.901027466666665,50.7513082
354.2857143,341.4518932179275,12.833821082072518,False,0.2479111146666666,27.96042866666667,35.6392172
711.7285714,739.2939618597684,27.565390459768423,False,0.5651963973333332,34.40285233333333,46.7442812
974.4714286,830.3836453889729,144.08778321102704,False,0.6365608813333332,29.410819333333336,47.68545339999999
44.2125,63.652557090138465,19.440057090138467,False,0.0331196089333333,21.563067533333328,20.756795266666668
867.8625,1106.9249184244209,239.0624184244209,True,0.8512261735714286,31.37843957142857,59.80717471428572
387.125,469.6832142821999,82.55821428219991,False,0.3465496533333333,32.31323666666667,43.588924266666666
1215.428571,1353.5551156455963,138.12654464559637,False,1.0541559813333337,31.35813793333333,59.133262
1197.7625,1226.144368859998,28.381868859997894,False,0.947984686,31.036269066666662,60.58494866666666
143.7,152.37981524338412,8.679815243384127,False,0.1027040146666666,22.312394333333334,24.034580466666668
487.2428571,459.02362550006274,28.219231599937245,False,0.341884376,28.7667054,38.25223593333334
409.95,388.05432769904905,21.895672300950935,False,0.2822451986666666,28.405712933333334,39.4493672
1038.55,1097.3885724681718,58.83857246817183,False,0.84871055,30.5386128,54.49439886666666
627.4857143,610.7585969080083,16.727117391991783,False,0.46231383,30.180094333333333,42.5790158
1335.085714,1320.121148547713,14.964565452287161,False,1.0312303086666668,28.649094666666667,53.773537133333335
67.9875,85.05807012951192,17.07057012951192,False,0.0503953045333333,21.3506612,20.921696
134.825,135.98158324189458,1.1565832418945945,False,0.0920413659333333,22.472273666666663,21.5067932
1156.8125,1152.3030321344381,4.509467865561874,False,0.8877618960000001,30.494291133333338,60.050757
665.0285714,652.1366649824786,12.891906417521454,False,0.49096055,33.424020071428565,48.9096767142857
532.6142857,596.8148447978423,64.2005590978423,False,0.453155868,26.739856000000003,38.96813346666666
571.9,600.1109537123018,28.21095371230183,False,0.4586929053333333,24.477518733333334,35.34433613333334
1024.985714,940.9411723400726,84.04454165992729,False,0.7277635133333333,26.6301878,45.9655842
92.8,107.76744953127874,14.967449531278746,False,0.0685966837333333,21.887721666666664,21.544547666666663
0.0,30.11863963546893,30.11863963546893,False,0.001841024544,28.495518,27.285992266666668
590.8571429,671.7464316365539,80.88928873655391,False,0.5078556253333332,30.276324400000004,46.78619793333333
192.4625,187.57511176778158,4.887388232218427,False,0.1279617990666666,26.67944946666666,29.282659866666663
18.55,40.87606157269225,22.32606157269225,False,0.0104024432133333,27.792637066666668,27.22354733333333
1053.1,1014.1465335568232,38.953466443176694,False,0.7798724033333334,32.80111693333333,56.02008653333333
193.7625,197.58600869232615,3.8235086923261576,False,0.1337432077333333,31.747082466666665,33.73915806666666
429.7857143,408.46865211503734,21.31706218496265,False,0.3050666364285714,24.27014585714286,31.983365928571427
760.5714286,704.9263568576683,55.64507174233165,False,0.5377770619999998,27.534234666666663,43.0649942
109.8125,120.5113018937731,10.698801893773094,False,0.0781386402,21.8746846,22.385380200000004
811.75,873.6641421408419,61.91414214084193,False,0.6676724242857142,30.929628642857143,52.4254235
0.0,24.619421469290163,24.619421469290163,False,0.0010673070493333,22.802852266666665,21.3380066
775.875,692.2210652179045,83.65393478209546,False,0.5289236226666665,26.09553013333333,40.98323173333333
193.8714286,197.96865819752824,4.097229597528241,False,0.1357463066666666,26.6788758,29.970585
668.9875,648.0859152498199,20.901584750180064,False,0.489243946,32.49706446666666,47.01116133333333
742.9375,751.9737188390089,9.036218839008939,False,0.5725103686666667,33.45063293333333,49.20921033333333
1070.125,894.0774351004716,176.04756489952842,False,0.685881602,30.158901066666665,50.718400200000005
1009.728571,1046.6894798991084,36.960908899108404,False,0.813000858,28.1994974,48.014198666666665
953.7,927.0265082115561,26.673491788443926,False,0.7142683660000001,28.210111600000005,48.59591266666667
909.3125,771.0372552304069,138.2752447695931,False,0.5857872135714286,30.21606228571428,50.006988571428565
11.24285714,31.82948948238042,20.58663234238042,False,0.0090117260933333,21.3480144,18.811700333333327
336.6142857,338.01690623138984,1.4026205313898572,False,0.2425447946666666,32.82929440000001,40.124707066666666
535.1,554.7982168277978,19.69821682779775,False,0.4169753466666666,26.14622593333333,40.326182133333326
876.8285714,856.2210622134542,20.607509186545826,False,0.6546923735714285,31.30421228571429,51.35374028571429
88.6875,102.6338362252076,13.946336225207602,False,0.0630958514666666,21.6540956,22.649001066666667
879.6428571,864.1761364580409,15.466720641959114,False,0.6620043019999999,30.089862066666665,50.091819333333326
32.4375,52.10700170578996,19.669501705789962,False,0.0238564609333333,21.8627444,20.6966776
687.225,598.5191172273946,88.70588277260538,False,0.4543548386666667,25.957446399999995,38.814910666666655
512.9428571,521.4106079898191,8.467750889819172,False,0.3904150371428571,29.911296071428573,41.1940265
1077.185714,1077.881060409431,0.6953464094310675,False,0.833716566,29.0410462,52.9128622
0.0,23.158785056786993,23.158785056786993,False,0.0005523642353333,21.4640382,20.121873
1276.0,1279.0081963356497,3.0081963356497,False,0.999309628,29.77494913333333,52.5911334
100.8375,110.1499590738444,9.312459073844394,False,0.0639606361333333,26.491621866666662,29.685520466666663
208.9125,226.7718240550246,17.859324055024615,False,0.1602291469333333,23.27185253333333,27.688370800000005
296.825,272.7143569465567,24.11064305344331,False,0.1961367113333333,23.5816488,29.4664654
967.7571429,957.045583462608,10.711559437391998,False,0.740527077142857,27.75967185714285,46.865433142857135
887.0857143,827.9947827558199,59.09093154418008,False,0.6374122793333333,27.20111693333333,44.107206266666665
0.0,30.11863963546893,30.11863963546893,False,0.001841024544,28.495518,27.285992266666668
0.0,24.619723463559957,24.619723463559957,False,0.0012950159907142,21.99744528571428,20.77739385714285
0.0,27.595508411199777,27.595508411199777,False,0.0013383184030266,25.0308594,24.326002933333328
1391.642857,1560.1519534696426,168.5090964696426,False,1.2216518466666668,27.848915600000005,59.386079333333335
829.8375,988.2007008044201,158.3632008044201,False,0.760303092142857,34.09684771428572,54.98997742857143
560.3714286,520.0248940912186,40.34653450878136,False,0.3901906573333333,28.54629326666667,39.752722466666654
544.3625,484.2361842640892,60.12631573591074,False,0.3633331566666667,26.5449136,36.56665873333333
1095.928571,966.2564401446559,129.672130855344,False,0.7428897426666667,33.727413,54.2896504
174.225,178.68893619374938,4.46393619374939,False,0.119259876,23.109639466666664,29.0602518
870.3375,881.8029706080101,11.46547060801015,False,0.6678877380000001,31.10980833333333,58.53033853333333
909.4571429,939.6156101870587,30.15846728705867,False,0.718638987,33.757623499999994,56.5494842
1116.714286,1141.727044669351,25.012758669351115,False,0.880648258,28.6902568,57.816648333333326
34.67142857,55.01520059169741,20.343772021697404,False,0.0257571987857142,21.31159314285714,20.909787928571426
316.1375,287.20069454733573,28.93680545266426,False,0.20888875,24.006947666666665,28.83434853333333
221.3285714,230.80034833025948,9.471776930259495,False,0.1614167364285714,27.426601,31.4595755
387.5285714,375.5571820705964,11.971389329403564,False,0.2754312246666665,27.123667466666664,35.691247399999995
321.475,338.01690623138984,16.541906231389817,False,0.2425447946666666,32.82929440000001,40.124707066666666
931.5428571,822.8937911564365,108.64906594356353,False,0.6299917373333332,33.28802473333333,49.761794
639.8125,604.8022344855356,35.010265514464436,False,0.46019857,25.76177973333333,38.08438906666666
873.5125,893.562926461534,20.050426461533903,False,0.6847007353333333,33.76234939999999,52.985213
1284.585714,1196.5683127026282,88.01740129737186,False,0.9342755213333332,27.7742168,49.33662146666668
123.4,146.01704284511948,22.61704284511947,False,0.0927983004,29.4934264,31.516186533333336
1002.9875,836.1652992571422,166.82220074285772,False,0.6406613233333333,27.081068733333336,47.275213466666656
10.575,36.211190066534805,25.636190066534805,False,0.0088829525333333,24.0314636,23.445373466666663
966.9,1083.0456261111503,116.14562611115036,False,0.833392598,33.68083073333334,59.173854533333326
892.2,847.6148584458256,44.58514155417447,False,0.6536209333333333,26.294516866666665,43.60148279999999
910.9428571,1001.2015443514009,90.25868725140094,False,0.7722379753333333,27.690804,51.029305
278.8625,256.5576375238635,22.30486247613652,False,0.1853613693333333,22.82434493333333,26.831990666666663
874.4,858.9260055618932,15.473994438106729,False,0.6629108933333333,27.61693933333333,44.15874253333334
194.2875,227.54798180742125,33.26048180742126,False,0.1562854073333333,30.2077474,34.96258519999999
949.8,1037.451291417321,87.65129141732109,False,0.7931582364285715,33.08275935714286,61.57563135714286
949.7625,875.4260507554828,74.33644924451721,False,0.673311722,28.309356666666663,47.377396733333335
315.7,311.11391983595405,4.5860801640459385,False,0.2291173557142857,23.20470971428572,27.90720492857143
10.0375,34.50243052039798,24.464930520397978,False,0.0092814357466666,21.98220433333333,20.879634666666668
32.7375,54.78257211380849,22.045072113808494,False,0.0234457014666666,24.038157333333327,24.0682496
419.3714286,409.6315107054354,9.739917894564599,False,0.302090306,29.61870526666667,37.96412553333333
843.6875,968.2081873713722,124.52068737137222,False,0.7478432246666665,30.896520866666663,49.9358562
1284.0125,1283.2124500939408,0.8000499060592574,False,0.9986998006666664,28.032407666666664,55.623793733333336
8.2125,35.862087070492656,27.649587070492657,False,0.0077439426142857,25.55980335714285,24.90223478571428
834.2571429,732.9241141550135,101.33302874498645,False,0.5638615457142857,27.46658328571429,40.11592957142858
140.55,145.4263792827597,4.8763792827597,False,0.0940941717857142,26.5301995,28.573238
1227.425,1236.3310455342043,8.906045534204395,False,0.9587208273333332,30.648152666666665,58.192274733333335
631.05,539.8738582965104,91.17614170348952,False,0.4031702393333333,26.958341533333336,42.141090666666656
1280.7,1327.7770784247655,47.07707842476543,False,1.0379223366666668,26.655895933333333,52.52440386666667
0.0,22.19781468564407,22.19781468564407,False,0.0006199202026666,23.2451844,20.093800666666667
184.1285714,222.65381660244438,38.52524520244438,False,0.161645104,22.15570466666667,22.733018
23.35,50.54034262090947,27.19034262090947,False,0.0182621793333333,26.3341512,26.6526916
196.2125,188.78823628472446,7.4242637152755435,False,0.1274455812,26.798168933333333,30.744077466666667
228.3142857,236.43833931471002,8.124053614710022,False,0.163290324,29.58132926666667,34.95715533333333
700.6428571,695.5340132063304,5.108843893669587,False,0.5274703919999999,30.22064013333333,46.65866706666667
179.9142857,179.2107485023423,0.7035371976576812,False,0.1193123422666666,27.8887166,31.477473866666667
730.675,664.5867527314551,66.08824726854482,False,0.5060438120000001,29.012854,42.45200799999999
728.875,822.9374901555889,94.06249015558888,False,0.6294453433333332,34.629477933333334,50.88533153333333
328.5285714,298.65688516367675,29.871686236323228,False,0.2161607053333333,27.53361213333333,32.33926173333334
933.5875,913.7806093491611,19.80689065083891,False,0.702796554,30.368632,50.099892
1222.914286,1056.1171322936643,166.79715370633562,False,0.8148439080000001,31.3189554,54.85740986666666
1076.671429,1036.1329961520541,40.53843284794584,False,0.8066293299999999,27.941221066666667,45.770940866666656
0.0,24.4170001360624,24.4170001360624,False,0.000100219904,23.787237466666667,22.5114056
968.7375,854.5799916106253,114.1575083893747,False,0.6593983766666666,28.954923333333333,44.68992900000001
50.71428571,73.61561313915784,22.901327429157845,False,0.0352655896,30.519482466666663,30.251395666666667
44.55,70.48291315862154,25.932913158621545,False,0.0333130082666666,28.177933666666664,28.66382253333333
242.1714286,240.2866016753174,1.8848269246826135,False,0.1652971236,30.436910066666663,36.399023133333344
9.471428571,31.82948948238042,22.35806091138042,False,0.0090117260933333,21.3480144,18.811700333333327
995.5142857,985.3289936279141,10.185292072085872,False,0.7634629593333334,29.934474666666667,48.0433046
195.0571429,196.2687645211636,1.2116216211636015,False,0.1371546752,22.4847634,25.541505866666665
742.0428571,694.2147477327807,47.82810936721933,False,0.5249432360000001,32.34201053333333,48.925150733333325
761.8714286,694.481976627368,67.38945197263195,False,0.5315657121428571,26.492523071428568,40.41920307142857
115.0142857,149.75180767599255,34.73752197599255,False,0.0959535507857142,27.676138642857143,30.6434
425.6,455.19989954086606,29.599899540866033,False,0.3384331157142856,31.03193885714285,39.526938357142846
1244.25,1348.164900018091,103.91490001809098,False,1.0477749826666665,30.58406566666667,60.62906306666667
758.5625,725.6192485837859,32.94325141621414,False,0.5448555493333334,31.578393466666665,54.042319733333336
483.1571429,483.1492569359885,0.007885964011506985,False,0.3569624046666666,28.940915933333333,42.71684573333333
849.8875,800.3461172543045,49.5413827456955,False,0.6145960239999999,28.671067200000003,44.87971400000001
0.0,25.769239059729117,25.769239059729117,False,0.0001658766313333,26.056652733333333,24.46637366666667
777.7714286,704.5895486503125,73.18187994968753,False,0.5372325964285714,27.409600500000003,43.26149878571428
885.0285714,931.8956578757953,46.867086475795304,False,0.7228268242857143,27.123125214285714,43.86432764285714
272.8857143,252.17469413826373,20.711020161736286,False,0.1821268135714285,23.507492071428576,26.79229507142857
712.6,577.6077951784528,134.99220482154726,False,0.4327973,28.851655933333333,44.1841634
762.0,749.1751675152713,12.824832484728745,False,0.5750738046666666,26.4731404,41.65764953333333
553.6571429,584.8924274211105,31.23528452111043,False,0.4418567756666667,29.92045486666667,41.76569859999999
361.3,358.22314684355473,3.0768531564452815,False,0.260346758,33.86159653333333,39.419075933333325
1232.025,1259.3038688156894,27.278868815689293,False,0.9758267626666666,31.85976966666667,60.33080693333334
38.15,60.36640914099602,22.21640914099602,False,0.0318784349333333,21.026063933333333,19.1683044
629.875,575.1945325397085,54.68046746029154,False,0.4341641846666666,27.51463213333333,40.48357553333333
756.65,712.3222236269156,44.32777637308436,False,0.5432410099999999,30.576977533333327,44.940977
957.3428571,854.3956256260752,102.94723147392472,False,0.6673560326666667,27.7970438,36.62138300000001
667.4,696.7171021948748,29.317102194874792,False,0.5304860364285712,29.360011642857145,44.37733914285714
111.5375,126.28015061709318,14.74265061709319,False,0.0832185890666666,23.51573693333333,22.768512
485.075,452.5578115991294,32.517188400870566,False,0.3378309306666666,28.035068666666664,36.771075733333326
22.44285714,48.02789533976126,25.585038199761257,False,0.0165713633,28.77471533333333,27.363647333333333
850.2428571,781.8922044579724,68.35065264202763,False,0.5994605753333334,29.05773106666667,45.0513366
84.15714286,95.09583217899315,10.938689318993156,False,0.0579955505333333,21.680248933333328,21.65212806666667
255.4,257.7784967063337,2.3784967063337206,False,0.1805451735714285,30.93136807142857,35.767237857142845
975.8714286,912.161506180502,63.70992241949796,False,0.6977725753333333,34.48483913333333,55.32990506666666
181.0285714,215.7484400724495,34.71986867244951,False,0.1542123409333333,24.711029066666665,25.490907733333334
660.45,583.1565654917173,77.29343450828276,False,0.4420255493333332,25.431754533333333,38.33857613333334
788.5,815.4791969458834,26.97919694588336,False,0.6239884299999999,26.3615418,46.695184266666665
328.825,338.01690623138984,9.19190623138985,False,0.2425447946666666,32.82929440000001,40.124707066666666
76.625,87.12856163213178,10.503561632131778,False,0.0525060624,22.413663666666665,20.99587586666667
1159.271429,1148.720686860148,10.550742139851991,False,0.8897051446666668,29.40827633333333,55.02622280000001
167.1142857,215.61559111121747,48.50130541121746,False,0.1536853939999999,24.416684866666667,25.753737399999995
694.3625,713.749996226219,19.387496226219014,False,0.5463582793333333,25.744004266666664,41.03405133333333
352.35,426.6624264260757,74.31242642607566,False,0.3143966613333332,30.61301473333333,39.94118873333333
1122.75,1077.9805661383962,44.76943386160383,False,0.835832152,29.9514374,51.408309800000005
519.875,497.619344044948,22.25565595505202,False,0.3741500186666666,26.485955866666668,36.686997266666665
0.0,27.299854618825748,27.299854618825748,False,0.0008371204092466,26.141086733333328,25.04768066666667
654.0857143,628.466644662805,25.61906963719491,False,0.4748543633333333,24.661753399999995,42.03903773333332
5.9375,32.716254103760384,26.778754103760384,False,0.0059234326933333,25.811604733333333,24.302943866666663
80.1125,85.03610539697593,4.92360539697593,False,0.0506818596,22.841064466666666,21.282033466666665
498.5428571,453.72129341243925,44.82156368756074,False,0.3312335933333333,32.9282166,45.9347556
1238.5375,1135.3079945929003,103.22950540709962,False,0.8852643266666665,27.964561,48.2827824
541.125,694.5976919570147,153.47269195701472,False,0.5299622466666666,27.355015066666667,42.377244466666674
654.4571429,608.4914882382611,45.96565466173888,False,0.4614137253333333,27.793925066666667,40.65225413333333
771.8142857,829.049499092203,57.23521339220292,False,0.6370887293333334,28.375455666666667,45.72413726666667
586.65,520.1723964629738,66.4776035370262,False,0.3929380471428571,25.35791885714286,35.92258564285714
237.15,206.53508099555216,30.61491900444784,False,0.1418597668571428,27.56227564285714,31.202229142857146
947.3142857,782.2856368960877,165.02864880391235,False,0.6021715766666667,28.496042933333328,42.57935760000001
0.0,21.911804911449103,21.911804911449103,False,0.001050105428,20.398504866666663,18.24230753333333
922.475,913.7806093491611,8.694390650838955,False,0.702796554,30.368632,50.099892
697.0714286,670.0690519932157,27.00237660678431,False,0.5049492813333333,34.278066,49.945772133333335
25.32857143,51.38446154933554,26.05589011933554,False,0.0204065283666666,25.387085133333333,24.88775633333333
67.175,87.46219553618317,20.287195536183177,False,0.0488549196666666,25.890207866666664,26.162266133333336
751.6714286,745.1207556991845,6.550672900815471,False,0.5639184546666666,27.5785664,49.444277133333344
2.1625,28.970493514787197,26.807993514787196,False,0.0029981865438,25.1545614,23.882541866666667
1155.9625,1248.147424795001,92.18492479500082,False,0.965868116,31.295017400000003,60.84368073333333
713.4142857,712.7135510600384,0.7007346399616381,False,0.5421384957142857,33.69572221428571,47.618194642857134
0.0,22.922542266383715,22.922542266383715,False,0.0008480133085714,21.663992714285715,19.75165221428572
635.7,875.5337153736313,239.8337153736312,True,0.6665665693333332,33.78651526666667,56.12368146666666
1284.214286,1330.6879928128292,46.47370681282928,False,1.0318606821428573,30.824835714285715,62.21209042857143
624.0,582.8002857512738,41.199714248726195,False,0.435684946,31.42362873333333,46.57489593333333
246.6125,275.1747064063547,28.562206406354676,False,0.1992273946666666,23.671679533333336,28.50362966666667
409.8142857,449.79542344681033,39.981137746810305,False,0.337822402,24.35052086666667,33.07170006666667
69.97142857,85.72420877205253,15.752780202052534,False,0.050611544,23.312432866666672,22.078063866666664
610.8285714,617.9137637002319,7.085192300231938,False,0.4700814853333333,25.757175666666665,38.892010733333336
574.3,593.4085041344151,19.10850413441517,False,0.4474333473333334,27.166434800000005,41.88674519999999
1216.914286,1123.0135083895648,93.90077761043517,False,0.8743407746666668,27.962351466666668,49.06862826666667
525.3,526.2616996375685,0.9616996375685858,False,0.3930785846666666,33.16755933333334,43.82860906666667
1071.228571,689.0288478518945,382.1997231481056,True,0.5205349913333333,28.0176412,47.200712266666656
887.7857143,881.8789571311155,5.906757168884496,False,0.6764482221428572,26.82428842857143,48.745747214285714
467.8,577.3474058566716,109.54740585667156,False,0.4311784306666666,34.304164533333335,47.853904533333335
1099.925,1182.3190748523234,82.39407485232346,False,0.917253122,31.41328526666667,55.89338740000001
0.9875,29.493200275371354,28.505700275371353,False,0.0019553224081999,27.919635066666668,26.451664333333337
370.4625,352.7586308391454,17.703869160854595,False,0.257869254,29.363769533333336,35.604502399999994
359.4625,292.16771271606666,67.29478728393332,False,0.2159930109999999,26.093007466666663,26.907125
629.9428571,628.466644662805,1.4762124371949312,False,0.4748543633333333,24.661753399999995,42.03903773333332
172.6857143,171.4352651466014,1.2504491533985913,False,0.1144654460666666,26.8031698,29.5815856
45.5375,63.94096550830308,18.40346550830308,False,0.0333103492857142,21.65816592857143,20.84060435714285
632.075,665.1385843313705,33.06358433137041,False,0.5023924839999999,31.3661072,47.2997298
117.75,161.79937544643968,44.04937544643968,False,0.1064024638666666,28.333721866666668,30.3950194
253.0142857,266.7635836774779,13.749297977477937,False,0.1895537733333333,27.695955466666668,32.8359476
304.1375,313.27435925292497,9.136859252924978,False,0.2224269813333333,31.461081866666667,39.37515073333333
7.05,30.61122283609308,23.56122283609308,False,0.0066135848333333,21.8664428,20.341811066666665
3.985714286,31.388675488302656,27.402961202302656,False,0.0038019427373333,27.8907064,26.16618666666667
36.48571429,58.06457505091119,21.57886076091119,False,0.0283668289333333,21.431498266666665,20.859558
703.4125,697.3215016288108,6.090998371189244,False,0.5286599566666667,33.26259353333333,48.231889
908.0428571,982.9575684014887,74.91471130148875,False,0.76237895,28.371896071428573,46.56454507142857
329.1285714,338.01690623138984,8.888334831389841,False,0.2425447946666666,32.82929440000001,40.124707066666666
119.2375,135.98195847972477,16.74445847972477,False,0.0859623972,26.740639133333328,29.0264568
581.0571429,679.484374250803,98.42723135080291,False,0.51719428,27.86592971428571,42.949353714285714
825.2714286,802.4562412008728,22.81518739912724,False,0.6152906573333333,27.205737133333333,45.212386133333325
0.0,24.242681833783365,24.242681833783365,False,0.0005078938726666,22.522914733333334,21.450738666666663
123.1,162.89584144546126,39.795841445461264,False,0.1089596830666666,25.95564166666666,27.818965666666667
54.68571429,76.04179651379535,21.356082223795347,False,0.0377508244,27.6489196,28.5470478
426.7875,426.9708024317212,0.18330243172118799,False,0.3152401926666667,32.72757773333334,40.30443513333333
502.0571429,433.2771245848297,68.78001831517025,False,0.3207225406666667,32.866440600000004,40.0736208
1273.114286,1271.473586055839,1.6406999441610424,False,0.988618098666667,30.10053313333333,56.94452306666666
15.31428571,41.6325683714859,26.318282661485902,False,0.0141838213333333,22.654567466666663,22.05121253333333
161.3,167.4576443309663,6.157644330966292,False,0.112813087,23.8746256,26.81340946666667
977.7428571,908.3864480481683,69.35640905183175,False,0.7001748986666666,29.028007,47.83913766666667
614.625,554.7453714672081,59.87962853279191,False,0.423195788,26.7497132,34.74134893333333
590.7571429,545.7112388068774,45.045904093122545,False,0.4094128093333333,28.5019692,41.4494812
494.95,518.7603764218011,23.810376421801095,False,0.3905541093333334,25.104416866666664,36.957327933333325
270.4714286,261.506222285054,8.965206314946045,False,0.186726818,27.037646333333328,31.166569066666664
698.175,570.7393604265471,127.43563957345282,False,0.428165058,26.57203993333333,42.26560886666665
432.7428571,494.35388488857285,61.61102778857287,False,0.3727364353333333,26.23174233333333,35.39754653333333
459.1375,443.61669546626484,15.520804533735145,False,0.3286678413333333,29.6577312,39.18270073333333
69.8875,83.93419922347016,14.046699223470156,False,0.0505427079333333,21.30387786666667,19.903894
72.9375,91.47221158075408,18.534711580754077,False,0.0500169534,29.53365073333333,29.722025533333333
98.15714286,110.1499590738444,11.992816213844407,False,0.0639606361333333,26.491621866666662,29.685520466666663
181.0142857,193.373408208775,12.359122508775016,False,0.1339008513333333,21.80819506666667,26.070054
869.9875,855.366718487959,14.620781512040935,False,0.6525659726666667,32.07957366666666,53.019840733333325
122.9142857,131.601337140964,8.687051440964012,False,0.0829558039333333,23.232289466666664,26.9630168
1088.828571,1174.1236229240649,85.29505192406486,False,0.907262212,30.22876786666666,58.4341208
523.7714286,461.9945706541948,61.77685794580526,False,0.348691926,24.85946453333333,32.48247873333333
272.4571429,310.55069301072865,38.09355011072864,False,0.2199188633333333,27.509313866666663,37.922645866666656
128.7714286,127.79533134668037,0.9760972533196366,False,0.084808915,23.171523066666666,22.294864933333333
268.9571429,292.9730241136485,24.01588121364847,False,0.2100267246666666,26.4934388,33.26473993333333
889.2875,968.0044939451363,78.71699394513632,False,0.741254446,32.05471386666667,56.430047733333325
1124.5375,1174.1236229240649,49.586122924064966,False,0.907262212,30.22876786666666,58.4341208
1017.8625,933.5401246162929,84.32237538370703,False,0.7191839106666666,28.3880454,49.06960486666667
808.825,743.8417802282731,64.98321977172691,False,0.5673698246666667,27.019004333333328,45.002500266666665
379.2285714,409.1443590056862,29.915787605686205,False,0.3072239171428571,23.75348328571429,30.263634785714284
665.0625,666.8259166670096,1.763416667009551,False,0.5029802726666666,27.562856066666672,46.39747086666667
181.175,174.12367684507362,7.0513231549263935,False,0.1180922946666666,23.50864866666667,26.8290996
826.1375,757.690107724903,68.44739227509706,False,0.5752638966666666,29.1554974,49.15606886666666
650.6142857,838.284025327586,187.66973962758607,True,0.635450962,32.495967666666665,56.101076266666674
116.2571429,134.9158461630057,18.658703263005705,False,0.0837732949333333,29.301833066666667,31.3613768
504.95,468.5307671585763,36.41923284142371,False,0.3462306933333333,34.430942666666674,43.9206158
747.1714286,690.4134480385553,56.7579805614447,False,0.52508064,27.56823728571429,43.82351471428571
1052.728571,951.4855947068041,101.24297629319597,False,0.7289688126666665,29.128914533333333,53.990102
769.95,686.4015580578281,83.54844194217196,False,0.5218388100000001,28.167818333333337,44.0384016
0.0,23.520176530356416,23.520176530356416,False,0.0010542331467857,21.226811071428568,19.82743392857144
1192.742857,1279.0081963356497,86.26533933564974,False,0.999309628,29.77494913333333,52.5911334
656.6,594.2759557441489,62.32404425585116,False,0.4502923073333334,28.1680522,40.31551513333334
696.2857143,624.1600043560584,72.12570994394162,False,0.472579002,26.7760782,41.781502133333326
52.9125,76.92352381830023,24.011023818300224,False,0.039089017,29.038175466666665,28.573687866666667
501.3714286,451.3438184750977,50.02761012490231,False,0.3381332306666667,24.68842373333333,34.1126014
1009.171429,959.4701474734348,49.70128152656514,False,0.7417442313333333,32.92808646666667,49.820072333333336
920.85,822.2032407179071,98.64675928209294,False,0.6257630746666667,29.9443218,51.73378113333333
169.9714286,169.26433329738842,0.7070953026115774,False,0.1162776123333333,23.02395633333333,24.594645266666667
1076.425,1031.154417706168,45.27058229383192,False,0.7957694813333333,29.678208266666665,52.84774173333333
1114.557143,1100.2846521786582,14.272490821341762,False,0.8507950519999999,30.114007466666664,54.58146206666667
222.7,215.66081749147608,7.039182508523908,False,0.1492800746666666,26.624064000000004,30.85439253333333
8.6625,34.617867313508256,25.955367313508255,False,0.0096864394666666,21.53003333333333,20.394429466666665
619.9875,631.6964134480891,11.708913448089106,False,0.47842251,26.275140333333333,41.8781982
462.725,432.68922673651247,30.035773263487556,False,0.32255192,24.568143428571428,34.32752778571429
585.0,602.0909215051711,17.09092150517108,False,0.4548798128571428,30.361437285714285,42.96282521428572
207.4857143,206.53508099555216,0.9506333044478481,False,0.1418597668571428,27.56227564285714,31.202229142857146
298.2428571,326.7485998654952,28.5057427654952,False,0.2348828546666666,32.671417266666666,38.58448679999999
977.4428571,921.0614307964461,56.381426303553894,False,0.715572958,25.542982933333327,41.660313
1137.328571,1332.079860162807,194.7512891628071,True,1.033489496666667,30.12836306666667,61.4558144
492.175,479.079663909139,13.095336090860997,False,0.359172322,23.66407273333333,35.258107466666665
550.125,524.5791510858235,25.54584891417653,False,0.396035358,24.447705066666664,36.010386000000004
36.15,62.00193003985657,25.85193003985657,False,0.0265550992666666,29.59416113333333,29.093566866666663
89.3125,101.3699177030501,12.057417703050106,False,0.0596414616666666,24.9111592,26.31437593333333
656.7285714,628.7289230911982,27.99964830880174,False,0.476263588,32.22288606666666,44.19463313333334
623.8142857,560.8595824827355,62.95470321726452,False,0.4246341313333333,25.68465353333333,37.61702466666667
572.7857143,528.0987221787362,44.686992121263756,False,0.3998539546666666,27.8538696,36.6129212
1173.271429,1112.241254344347,61.0301746556529,False,0.864056662,28.03033873333333,50.452891
851.4,803.917685440846,47.48231455915402,False,0.6152726233333333,27.86218783333333,46.6314395
631.7142857,577.6077951784528,54.106490521547244,False,0.4327973,28.851655933333333,44.1841634
252.9625,291.55938864062415,38.596888640624144,False,0.21528912,23.946079466666667,26.170033866666667
1029.128571,1044.4126863397055,15.284115339705522,False,0.8090980026666666,28.899194400000003,50.217022533333335
577.8571429,619.892871831897,42.03572893189698,False,0.47398864,25.693823266666666,36.7325926
657.225,642.5114489411035,14.713551058896542,False,0.484228046,32.45574533333333,47.4088624
830.2,795.7677275483288,34.432272451671224,False,0.615580315,26.6612375,39.588428785714285
322.7833333,482.82763909058576,160.04430579058578,False,0.3646781813333333,23.96825553333333,33.11916906666667
0.0,23.04121954412952,23.04121954412952,False,0.0005199656633333,21.265387133333327,19.97623313333333
531.4125,535.8146982659691,4.402198265969105,False,0.3988885433333333,33.89057606666666,46.02908119999999
874.2428571,973.1909881862638,98.94813108626374,False,0.7482029,28.900441466666667,52.5498042
387.6333333,482.82763909058576,95.19430579058576,False,0.3646781813333333,23.96825553333333,33.11916906666667
1241.785714,1346.6071643058258,104.82145030582569,False,1.0468158086666666,28.699442466666667,59.51716313333333
55.7,86.478221903781,30.778221903781002,False,0.0456077094,30.75914113333333,30.545615666666663
620.4875,604.8022344855356,15.68526551446439,False,0.46019857,25.76177973333333,38.08438906666666
485.075,459.02362550006274,26.051374499937253,False,0.341884376,28.7667054,38.25223593333334
715.0125,628.466644662805,86.54585533719501,False,0.4748543633333333,24.661753399999995,42.03903773333332
486.2571429,526.2616996375685,40.00455673756852,False,0.3930785846666666,33.16755933333334,43.82860906666667
131.12,139.6306830169239,8.510683016923906,False,0.0901317685454545,24.278403545454545,26.86244345454546
1152.2,993.4427461858376,158.75725381416248,False,0.7692376179999999,28.6178812,48.29328619999999
168.7125,169.26433329738842,0.5518332973884128,False,0.1162776123333333,23.02395633333333,24.594645266666667
694.275,618.666020039939,75.60897996006099,False,0.4727646679999999,24.93256013333333,36.6068582
0.0,28.43352236776558,28.43352236776558,False,0.0015678459913333,27.578023266666666,25.854665200000003
488.3142857,392.76675343995595,95.54753226004408,False,0.2930501007142857,26.6105695,32.19503142857143
406.7571429,438.88349576500946,32.12635286500944,False,0.3182395246666667,29.198299066666667,45.0946062
56.51428571,81.01317927438652,24.498893564386513,False,0.0428979898,25.536855066666668,26.63404133333333
395.7875,405.88344142290214,10.095941422902115,False,0.2994385973333333,24.7890238,35.48205766666666
724.0,736.9409039812386,12.940903981238648,False,0.561617874,26.040903733333334,44.667008466666665
32.2125,52.89505921513107,20.68255921513107,False,0.0218913211333333,24.373624600000003,24.219653266666665
236.1714286,214.00401448459178,22.167414115408235,False,0.1509989932,25.385963933333336,27.446895466666668
216.2714286,248.1953602822931,31.9239316822931,False,0.174294533,28.7508078,33.324613199999995
256.2714286,305.54583550505043,49.274406905050455,False,0.2261299179999999,22.832635466666662,26.273624666666667
730.1142857,773.2727435581668,43.1584578581668,False,0.5889013319999999,29.55849613333333,48.52688860000001
667.6125,705.1346453323586,37.522145332358605,False,0.5379956300000001,25.8001344,42.2704184
584.125,613.4288104231408,29.303810423140817,False,0.4699400059999999,24.854911266666665,35.20188793333334
194.0428571,194.34617179768546,0.30331469768546526,False,0.1312115527333333,25.179372266666665,30.78227753333333
129.1714286,133.45253628226948,4.2811076822694645,False,0.0864726348666666,24.191860066666663,25.512402466666668
909.75,958.5683690328741,48.8183690328741,False,0.7444816766666666,28.601291866666667,44.703940933333335
31.62857143,50.96423946959057,19.335668039590566,False,0.0237962576,21.653328466666665,19.7878378
430.85,416.16538302930627,14.684616970693753,False,0.302484416,32.34491993333334,43.7751686
938.8125,958.5683690328741,19.755869032874102,False,0.7444816766666666,28.601291866666667,44.703940933333335
7.4,35.862087070492656,28.462087070492657,False,0.0077439426142857,25.55980335714285,24.90223478571428
445.15,470.7549493447235,25.604949344723536,False,0.3559949986666666,24.3803284,32.1630228
0.0,21.992105407825115,21.992105407825115,False,0.0001461652226,21.171103933333328,19.48152053333333
321.4857143,322.0386488409754,0.5529345409754001,False,0.2355113593333333,23.853275466666663,30.580068
723.8714286,928.163104303932,204.29167570393201,True,0.7167022733333334,28.98237106666667,47.528133
723.8428571,670.4078124553155,53.43504464468447,False,0.5062324326666667,32.598390733333325,48.28102199999999
385.4375,365.5128799226209,19.924620077379075,False,0.2690430446666666,27.197220866666672,33.998970666666665
562.375,591.2344804582209,28.8594804582209,False,0.445260018,32.27215373333334,44.45963126666666
446.325,420.8196378384199,25.50536216158008,False,0.3131774186666666,24.698665266666666,34.0502216
175.9142857,173.52612905058984,2.388156649410149,False,0.1192626860666666,22.443727666666664,24.81898393333333
998.6625,1088.5988440482174,89.93634404821739,False,0.838770058,30.505511533333333,57.031303066666666
646.7714286,592.9569739648509,53.814454635149104,False,0.4485121606666667,27.1763814,40.5386984
676.4142857,704.2742854070173,27.85999970701721,False,0.5263585046666664,30.6310384,54.56202766666667
61.02857143,78.21752154342194,17.18895011342194,False,0.0415707431333333,24.6149332,25.334737333333333
815.375,747.5606176714058,67.8143823285942,False,0.5729372046666668,26.192445933333328,42.29481826666667
1173.45,1065.468430078965,107.98156992103509,False,0.8289793113333334,26.7102622,46.827693800000006
358.7571429,351.39678401157613,7.360358888423889,False,0.2568065713333334,27.230830933333333,34.6317082
903.9571429,828.4120018828683,75.54514101713175,False,0.6383058133333332,27.16000973333333,43.574774533333326
51.08571429,76.04179651379535,24.95608222379535,False,0.0377508244,27.6489196,28.5470478
148.7375,147.9812942234235,0.7562057765765076,False,0.0963806904,23.76201373333333,27.197131266666663
177.3375,213.46574433270388,36.12824433270387,False,0.1541802237333333,22.91924653333333,22.999210466666668
80.425,93.56998721722276,13.144987217222763,False,0.0578216434285714,21.67111642857143,20.642885571428568
447.2333333,391.30089331846847,55.93243998153156,False,0.283390025,28.08173375,40.725124125
803.2125,732.5844467806425,70.62805321935753,False,0.5611673299999999,26.907450200000007,42.12864373333333
204.5571429,199.50139085734187,5.055752042658128,False,0.1389610499999999,22.61050626666667,26.383687266666666
91.1875,103.88680957301519,12.699309573015185,False,0.0646610821333333,23.218327,22.82350866666667
11.22857143,36.15113018642255,24.922558756422546,False,0.0096971220999999,23.34448021428572,22.342457428571432
1206.8875,1293.9182561661041,87.03075616610408,False,1.0037044035714286,30.452372928571428,60.19193785714286
513.825,502.8582747498379,10.966725250162142,False,0.3759219506666666,27.16653653333333,39.336533733333326
6.225,33.27230040184206,27.047300401842058,False,0.00859414896,21.30836173333333,20.28832386666667
310.975,319.57776862269026,8.602768622690235,False,0.2336446046666666,22.677024466666666,29.930456466666666
430.1125,373.3015400482672,56.8109599517328,False,0.2776844828571428,24.95966,30.926380785714283
119.275,142.92027687769104,23.645276877691032,False,0.0953944536,24.21899,24.442443933333333
151.1375,146.8101573815835,4.3273426184164805,False,0.0998780443333333,21.185152066666664,21.922501733333327
558.0428571,629.6151416610079,71.5722845610079,False,0.466788824,34.08138426666667,54.51913673333334
29.4375,52.536077307794464,23.098577307794464,False,0.0214776268,25.545349066666663,24.837803066666662
1212.714286,939.6156101870587,273.0986758129412,True,0.718638987,33.757623499999994,56.5494842
718.8875,663.7140568010369,55.17344319896313,False,0.4994732739999999,28.478570533333333,47.685272
103.0285714,136.81125984000096,33.78268844000095,False,0.0836154068666666,31.958078800000003,34.10791773333333
12.96666667,37.80767524630827,24.84100857630827,False,0.0086745569666666,26.31346433333333,25.84845173333333
688.85,618.666020039939,70.18397996006104,False,0.4727646679999999,24.93256013333333,36.6068582
824.125,761.9247272770065,62.20027272299353,False,0.5822891546666668,28.40100513333333,45.513633466666654
552.775,513.0884966473359,39.68650335266409,False,0.3712747633333333,29.742185466666665,52.615881266666655
57.1375,76.92352381830023,19.786023818300222,False,0.039089017,29.038175466666665,28.573687866666667
810.6125,687.0405311306324,123.57196886936754,False,0.5240877666666666,26.23224886666667,41.591343
623.0428571,648.0859152498199,25.0430581498199,False,0.489243946,32.49706446666666,47.01116133333333
1204.242857,1226.6031194827528,22.360262482752887,False,0.9489071126666666,31.858768666666663,60.43083146666667
356.05,432.06812319412313,76.01812319412312,False,0.3150899026666667,34.02411533333334,44.905969266666666
121.6714286,135.98195847972477,14.310529879724768,False,0.0859623972,26.740639133333328,29.0264568
1269.7875,1236.7329784712651,33.05452152873477,False,0.9618199573333333,31.3498148,55.91095173333333
632.325,637.0223996052423,4.6973996052422535,False,0.4847505873333333,25.1295838,39.552423133333335
881.9375,1016.5566266122406,134.61912661224062,False,0.7878660286666666,31.50729773333333,49.84449266666666
895.3142857,885.2171084988245,10.097177201175555,False,0.6782424946666668,33.41605233333334,52.4764444
774.0428571,653.8984844086809,120.14437269131906,False,0.4937874026666666,26.1081848,44.455601
480.8714286,467.93473140312483,12.936697196875173,False,0.344136892,27.717987066666662,42.515350533333326
189.7142857,244.87825709453745,55.16397139453744,False,0.1741178993333333,26.160349600000004,29.8308308
1181.885714,1187.99015973942,6.1044457394200435,False,0.9226384173333332,27.8729086,53.675834
874.0857143,864.1761364580409,9.909577841959049,False,0.6620043019999999,30.089862066666665,50.091819333333326
182.4375,173.52612905058984,8.911370949410156,False,0.1192626860666666,22.443727666666664,24.81898393333333
217.9125,228.13090035326002,10.218400353260023,False,0.163458322,26.86789553333333,27.269881133333328
708.675,659.8811401667331,48.79385983326688,False,0.5047613450000001,28.5198495,39.834891285714285
532.9142857,484.2361842640892,48.67810143591083,False,0.3633331566666667,26.5449136,36.56665873333333
883.6428571,990.9942124612377,107.35135536123767,False,0.754565452,31.858074933333327,61.51417646666666
371.675,362.4264364506148,9.24856354938521,False,0.2681349153333333,23.364750200000003,30.827225666666664
1103.242857,1141.9725264529138,38.72966945291387,False,0.892716588,27.742724733333336,46.33160186666667
423.9285714,424.62057009707206,0.6919986970720515,False,0.3109964793333333,33.04103613333332,42.6021344
927.7571429,763.5054850627529,164.25165783724708,False,0.585474618,28.488832533333333,43.78831386666667
442.2375,426.6624264260757,15.575073573924328,False,0.3143966613333332,30.61301473333333,39.94118873333333
451.6571429,430.8925231018802,20.76461979811978,False,0.3201579573333333,28.018060266666662,36.67894273333333
688.5571429,611.478856245585,77.07828665441502,False,0.4660193226666666,25.439449133333333,37.621647133333326
700.375,773.8112013874004,73.43620138740039,False,0.5909004857142856,34.98165257142857,49.41860521428572
800.0125,747.0367511904079,52.97574880959212,False,0.5722872473333334,26.1179402,42.4683164
1006.6375,969.3118059064409,37.32569409355915,False,0.7466439013333332,30.864174466666668,51.88567106666667
141.3375,152.37981524338412,11.04231524338411,False,0.1027040146666666,22.312394333333334,24.034580466666668
865.475,779.6163302527949,85.85866974720511,False,0.5959771373333332,31.98976833333333,47.82889013333333
759.2,728.9872098648232,30.212790135176874,False,0.5565673573333334,30.26257326666667,45.12008893333333
928.7857143,907.3216236147528,21.464090685247243,False,0.7001427807142858,27.843497142857142,46.54200971428571
1185.9,1137.218264533381,48.6817354666191,False,0.8833871893333332,29.528405733333337,52.172778066666666
679.6166667,633.4188019862695,46.197864713730496,False,0.480327483076923,28.47627846153846,42.37028861538461
103.7,140.66772411915647,36.96772411915647,False,0.0881270817333333,31.36695346666667,32.592636866666666
127.7,141.04355151891826,13.343551518918261,False,0.0952975517857143,22.50998785714286,22.357663928571423
351.8375,298.48167672108815,53.35582327891183,False,0.2201477426666666,24.78254793333333,27.2943788
600.2625,605.8342399650571,5.571739965057077,False,0.4595029573333333,27.66269933333333,40.34541599999999
250.6,303.1108603466743,52.51086034667432,False,0.224655888,23.399713266666662,26.031282600000004
319.8125,364.07203463057976,44.259534630579765,False,0.2717468766666666,24.416178333333328,29.170227
430.5571429,458.235129116821,27.67798621682101,False,0.3424570506666667,26.1143576,35.96729740000001
575.8,596.8148447978423,21.01484479784233,False,0.453155868,26.739856000000003,38.96813346666666
606.6857143,541.441895783146,65.24381851685393,False,0.4062958466666666,27.494000133333333,40.65558086666666
32.55,51.48869025270152,18.93869025270152,False,0.0236337368666666,21.860400400000003,20.4303872
523.9714286,588.0593534454969,64.0879248454969,False,0.4473209473333333,25.21634506666667,37.05501713333334
0.0,26.240900870952885,26.240900870952885,False,0.00035944967324,28.97306333333333,25.9079486
194.75,208.171618578887,13.421618578887006,False,0.1471822867333333,23.208211133333336,25.60406513333333
129.5428571,156.28995966293417,26.747102562934174,False,0.1016916527999999,26.7447368,29.8884196
743.3,710.4488793689665,32.851120631033496,False,0.5397100973333333,30.839324866666665,46.916251733333326
916.0142857,909.4973510519217,6.516934648078291,False,0.6983646913333333,30.49638266666667,51.013694
156.7375,160.67996922120867,3.942469221208654,False,0.1060586724666666,26.71589153333333,29.159596866666664
772.075,803.0636576787173,30.98865767871723,False,0.6171309093333333,26.95370706666667,43.85072413333333
564.8714286,561.1582360347498,3.7131925652500968,False,0.4202787366666667,26.58655813333333,42.300410866666674
140.2142857,146.8101573815835,6.595871681583503,False,0.0998780443333333,21.185152066666664,21.922501733333327
550.5857143,595.8257037488819,45.23998944888194,False,0.444713674,31.511543666666668,48.153831
377.4,449.79542344681033,72.39542344681036,False,0.337822402,24.35052086666667,33.07170006666667
181.0857143,190.4260515431634,9.34033724316339,False,0.1251691066666666,27.743865933333336,34.530938533333334
935.5714286,941.226436965404,5.655008365404001,False,0.719329505,29.61952421428572,55.34798971428572
919.0,843.5438814528125,75.45611854718754,False,0.6502135673333332,26.948706133333328,43.94926386666666
470.15,430.8925231018802,39.25747689811976,False,0.3201579573333333,28.018060266666662,36.67894273333333
822.575,732.9241141550135,89.65088584498653,False,0.5638615457142857,27.46658328571429,40.11592957142858
1022.214286,940.9411723400726,81.27311365992739,False,0.7277635133333333,26.6301878,45.9655842
710.8625,696.7171021948748,14.145397805125185,False,0.5304860364285712,29.360011642857145,44.37733914285714
845.725,913.2175743830713,67.49257438307131,False,0.7091465493333333,28.069488466666662,42.7483944
271.35,262.810766824536,8.539233175464005,False,0.188819984,22.34573353333333,28.182126799999995
695.0375,720.548833745402,25.511333745402,False,0.546798932,26.107157266666665,45.982417866666665
1110.3875,1122.0723999354118,11.68489993541175,False,0.869060306,30.189037933333328,54.239634266666656
245.9285714,318.0913321043943,72.16276070439432,False,0.2366774426666666,23.15576373333333,26.169586200000005
968.2571429,984.6151941407796,16.358051240779673,False,0.761243312,32.39142040000001,50.631239933333326
121.2375,126.75172207597008,5.514222075970082,False,0.0836293638666666,21.591829466666663,21.91393233333333
488.9125,431.49304747142315,57.41945252857687,False,0.325346652,25.97744133333333,31.4134398
890.1,1131.66825196438,241.56825196438,True,0.869908956,32.5278644,61.80199160000001
3.871428571,32.4742245599997,28.6027959889997,False,0.0071151917066666,22.556378266666663,21.5976542
627.0875,624.1600043560584,2.9274956439415973,False,0.472579002,26.7760782,41.781502133333326
13.82857143,37.55352770669893,23.72495627669893,False,0.0117904483199999,23.21604600000001,21.406390466666668
1093.0,1106.1374717816857,13.13747178168569,False,0.8551090753333334,31.06742553333333,55.4462772
1121.328571,1139.9428139296538,18.614242929653756,False,0.875959719333333,30.0820658,61.4289776
593.2714286,544.6716255332477,48.599803066752315,False,0.4106262193333333,28.22970173333333,39.4037556
646.7571429,600.1109537123018,46.646189187698155,False,0.4586929053333333,24.477518733333334,35.34433613333334
364.3125,354.4658380132173,9.846661986782692,False,0.2610877493333334,24.041337,31.60524686666667
523.6857143,480.1266220418196,43.559092258180385,False,0.361205644,26.3079448,35.30504146666667
1035.5125,984.6151941407796,50.89730585922041,False,0.761243312,32.39142040000001,50.631239933333326
1216.514286,1236.7667126311435,20.252426631143408,False,0.9566406293333332,33.185274066666665,61.56432686666666
330.3,319.57776862269026,10.722231377309754,False,0.2336446046666666,22.677024466666666,29.930456466666666
0.0,26.94057648067767,26.94057648067767,False,0.0001930037933333,25.35520226666667,25.034010666666664
741.5625,780.0278481654539,38.46534816545386,False,0.5884872353333334,31.1993794,54.79211026666666
909.2285714,777.4291995139316,131.79937188606834,False,0.5918467893333333,32.06863799999999,50.04413893333333
1129.014286,1060.1115845200197,68.90270147998035,False,0.8209725893333333,28.845757866666663,51.12463166666667
487.1285714,916.7476957714447,429.6191243714447,True,0.70056636,28.20780033333333,53.51720186666666
813.4714286,758.9682586764923,54.5031699235077,False,0.581595316,30.592580066666667,44.846677466666655
1201.075,1241.3358174566183,40.26081745661827,False,0.962423294,30.6108378,58.55042526666667
537.7714286,575.2568799997542,37.4854513997542,False,0.4379202793333333,25.124652066666663,35.99217126666667
28.57142857,52.536077307794464,23.964648737794466,False,0.0214776268,25.545349066666663,24.837803066666662
324.8142857,358.49703910973375,33.68275340973372,False,0.26604703,25.389813333333336,30.644789666666664
709.625,737.956735159885,28.331735159885056,False,0.563544357142857,32.07216542857143,46.25483692857144
53.6,81.74758345937695,28.147583459376953,False,0.0424932424666666,27.09036053333333,28.24562973333333
941.7428571,860.8833190606392,80.85953803936081,False,0.6621523706666665,26.8470704,46.03145753333334
0.0,25.382061430117357,25.382061430117357,False,9.92009574285714e-05,27.112099785714285,24.68879464285714
350.4,338.01690623138984,12.383093768610138,False,0.2425447946666666,32.82929440000001,40.124707066666666
734.1,707.0264401406225,27.073559859377497,False,0.5405936786666665,27.030969466666665,41.825665333333326
783.85,734.9992649278446,48.85073507215543,False,0.563254726,27.410540933333333,42.2459552
944.8875,935.7726628839956,9.114837116004423,False,0.7119324986666667,29.980607066666668,58.23431193333333
1038.528571,1084.1946782204182,45.6661072204181,False,0.8371243526666667,33.64918780000001,56.556677533333335
67.7,81.93667992887566,14.23667992887566,False,0.0468413084666666,22.7384398,22.45022773333333
177.4,171.4352651466014,5.964734853398596,False,0.1144654460666666,26.8031698,29.5815856
1273.9,993.4427461858376,280.4572538141625,True,0.7692376179999999,28.6178812,48.29328619999999
624.2125,652.1366649824786,27.9241649824786,False,0.49096055,33.424020071428565,48.9096767142857
0.0,22.330379378252076,22.330379378252076,False,0.0009824882666666,21.082100399999995,18.921358066666667
1206.985714,1182.4648030722547,24.520910927745263,False,0.9131820933333334,30.38230993333333,59.35841486666666
247.625,283.91314740569715,36.288147405697146,False,0.199998688,32.515638933333335,38.29546746666666
698.1875,742.4710511787399,44.28355117873991,False,0.5679321226666665,27.136891666666664,43.47980553333333
497.575,491.93134384027405,5.643656159725936,False,0.3650563653333333,32.06696146666666,43.23507873333333
127.9,146.01704284511948,18.11704284511947,False,0.0927983004,29.4934264,31.516186533333336
127.05,146.01704284511948,18.96704284511948,False,0.0927983004,29.4934264,31.516186533333336
69.0,95.04669614779951,26.04669614779951,False,0.0517987240666666,31.476942933333337,31.634830733333327
700.4,695.5340132063304,4.865986793669549,False,0.5274703919999999,30.22064013333333,46.65866706666667
719.2,700.6623384670874,18.537661532912693,False,0.5342788213333333,26.066546666666667,42.4321838
0.0,27.299854618825748,27.299854618825748,False,0.0008371204092466,26.141086733333328,25.04768066666667
175.2285714,182.19919150870203,6.970620108702036,False,0.1235097679333333,26.824678533333337,29.386724733333327
266.0125,258.48752988827937,7.52497011172062,False,0.1875066193333333,24.505352933333327,27.033671066666663
2.5125,30.56235304961018,28.04985304961018,False,0.0033529643513333,26.81842646666667,25.489147866666663
1070.442857,884.1414766019523,186.30138039804774,True,0.6831317153333333,29.025638800000003,45.191560933333335
1065.6,1036.1329961520541,29.46700384794576,False,0.8066293299999999,27.941221066666667,45.770940866666656
0.0,26.240900870952885,26.240900870952885,False,0.00035944967324,28.97306333333333,25.9079486
137.325,136.07909835616096,1.2459016438390336,False,0.0869533126666666,25.648555266666666,27.703678333333333
823.3428571,822.3135179019612,1.0293391980387696,False,0.6302828366666666,26.186218200000003,45.974644000000005
542.3142857,562.2991263913591,19.984840691359068,False,0.4207671039999999,27.818320733333337,43.250374533333336
613.9,565.6387783187791,48.26122168122083,False,0.4294617333333333,27.88819186666667,37.721638866666666
313.7428571,364.07203463057976,50.329177530579784,False,0.2717468766666666,24.416178333333328,29.170227
37.18571429,53.24508255521544,16.05936826521544,False,0.0266036344666666,21.227468,18.72892853333333
890.3,801.8526624930242,88.44733750697571,False,0.6065786866666667,32.30898653333334,55.08829360000001
860.0,827.9947827558199,32.00521724418013,False,0.6374122793333333,27.20111693333333,44.107206266666665
583.2375,537.1434066121525,46.094093387847465,False,0.4066447513333333,25.796405,36.3065082
32.25714286,55.01520059169741,22.758057731697406,False,0.0257571987857142,21.31159314285714,20.909787928571426
53.3375,68.95327176097453,15.615771760974532,False,0.0381347714,21.863590533333333,20.2624066
880.6,822.9374901555889,57.66250984441115,False,0.6294453433333332,34.629477933333334,50.88533153333333
1177.985714,919.9032985507475,258.0824154492524,True,0.7052639533333332,30.716996333333327,52.6329488
844.7285714,915.3371325070567,70.60856110705674,False,0.702748034,28.7853558,50.65149946666666
111.2285714,125.41801663278993,14.189445232789922,False,0.0755440882,32.63336773333333,33.21449166666667
203.4,212.5383927887202,9.138392788720182,False,0.1451273186666666,30.171648933333334,33.8750304
769.8375,743.8417802282731,25.99571977172684,False,0.5673698246666667,27.019004333333328,45.002500266666665
994.3571429,990.9942124612377,3.362930438762305,False,0.754565452,31.858074933333327,61.51417646666666
240.9142857,278.8485983128949,37.93431261289493,False,0.2021267246666666,23.6712912,28.608892933333333
1038.3625,990.9942124612377,47.368287538762274,False,0.754565452,31.858074933333327,61.51417646666666
1142.8,1053.101954000609,89.69804599939084,False,0.8167528573333332,28.6059632,49.59524293333333
137.3,141.15069674740127,3.8506967474012583,False,0.0933161474666666,22.482625266666663,24.277018266666666
801.3,799.720138056252,1.5798619437479147,False,0.615993176,31.765978933333333,44.435286533333326
265.9714286,256.88451864709566,9.086909952904364,False,0.18606803,22.7113486,26.3737446
714.6285714,695.6568581560009,18.971713243999147,False,0.5257635171428571,29.282915285714285,47.94010285714285
116.775,134.9158461630057,18.140846163005705,False,0.0837732949333333,29.301833066666667,31.3613768
821.1285714,811.5447968900344,9.583774509965679,False,0.6231526486666666,27.6209698,45.0092326
928.9285714,878.7849477700407,50.14362362995928,False,0.670675372,28.632191866666663,52.5477356
751.8,773.2727435581668,21.472743558166826,False,0.5889013319999999,29.55849613333333,48.52688860000001
280.0857143,271.7068951491045,8.378819150895481,False,0.191869824,31.9597596,36.301157466666666
160.5,155.68771378986162,4.812286210138382,False,0.1083668231333333,21.7675536,21.045220800000003
592.9142857,520.1723964629738,72.74188923702627,False,0.3929380471428571,25.35791885714286,35.92258564285714
390.8571429,418.049953766858,27.192810866857997,False,0.3057066466666666,32.32926846666666,42.2032632
0.0,22.73780983343539,22.73780983343539,False,1.5969891733333336e-05,22.475012133333333,20.737575266666667
347.65,298.48167672108815,49.16832327891183,False,0.2201477426666666,24.78254793333333,27.2943788
580.8714286,541.441895783146,39.42953281685391,False,0.4062958466666666,27.494000133333333,40.65558086666666
77.0625,88.78697530911303,11.724475309113032,False,0.0519139962857142,22.074057499999995,22.67060192857143
1025.2,1028.7319753491392,3.531975349139202,False,0.7916552700000001,31.304307266666665,55.53702406666668
396.8875,432.235818785765,35.348318785765,False,0.3281197973333333,23.855379333333328,28.475939999999994
627.3625,619.9664531259644,7.396046874035505,False,0.4621650586666667,27.920831266666664,48.78672900000001
405.3571429,428.3396664267708,22.98252352677082,False,0.3224647546666666,24.331876666666663,30.97835493333333
1172.028571,1166.601580875792,5.426990124208032,False,0.907252704,28.7513204,52.048053133333326
1145.471429,1111.0879995642563,34.383429435743665,False,0.856888655,31.08613807142857,57.58173707142858
640.4625,581.7373212020349,58.7251787979651,False,0.4384577806666666,28.6523418,41.97513206666667
320.0875,298.65688516367675,21.43061483632323,False,0.2161607053333333,27.53361213333333,32.33926173333334
372.5375,372.69848020002405,0.1609802000240279,False,0.274644008,28.312951533333333,34.75277326666667
16.94285714,43.06988118191607,26.127024041916066,False,0.0139073641466666,24.9734254,24.41195066666667
1088.228571,1100.2846521786582,12.056081178658133,False,0.8507950519999999,30.114007466666664,54.58146206666667
243.0,241.2385779316497,1.7614220683502992,False,0.1741175246666666,22.97513853333333,25.668487533333334
718.225,576.9229346355066,141.3020653644934,False,0.4329602066666666,26.67907113333333,42.56844686666666
973.0,905.6696319800459,67.33036801995411,False,0.6930570186666666,31.63322353333333,53.52987266666667
958.1571429,918.7148252947459,39.442317605254175,False,0.7052360026666665,30.97860513333333,51.86274186666666
1264.0,1330.6879928128292,66.68799281282918,False,1.0318606821428573,30.824835714285715,62.21209042857143
6.525,34.528306625065,28.003306625065,False,0.0072804718466666,24.8120402,23.99075733333333
77.95714286,98.57546637018517,20.618323510185164,False,0.0606357090666666,23.3408814,22.568992
565.6625,588.0593534454969,22.396853445496845,False,0.4473209473333333,25.21634506666667,37.05501713333334
1245.425,1279.0859252173532,33.660925217353224,False,0.9900849466666666,32.819391,62.57647933333334
70.44285714,87.12856163213178,16.685704492131777,False,0.0525060624,22.413663666666665,20.99587586666667
1222.514286,1247.020168242464,24.50588224246394,False,0.968808626,29.496158666666663,56.45879506666667
352.9875,342.5620231341244,10.425476865875623,False,0.2453921386666666,28.417808066666662,39.03741653333332
172.8857143,171.4352651466014,1.45044915339858,False,0.1144654460666666,26.8031698,29.5815856
57.68571429,81.01317927438652,23.327464984386516,False,0.0428979898,25.536855066666668,26.63404133333333
1028.975,989.3158957635424,39.65910423645755,False,0.7605472914285714,31.882248142857144,54.65764728571429
499.4125,446.99768887407464,52.41481112592538,False,0.3341347466666667,24.80515553333333,34.56906553333334
402.275,439.45812807941434,37.18312807941436,False,0.330588588,24.91252433333333,32.155680466666674
1174.185714,1148.5794949299407,25.606219070059296,False,0.88675423,29.018203714285715,57.50350071428572
639.2375,617.9137637002319,21.32373629976803,False,0.4700814853333333,25.757175666666665,38.892010733333336
12.25714286,39.35269271805411,27.095549858054106,False,0.0103677880266666,26.136122600000004,25.373767200000003
539.8125,492.1246258892923,47.687874110707696,False,0.3711218493333333,24.408231533333336,34.40989966666667
1177.5875,1234.1547471162203,56.56724711622019,False,0.9622691533333332,29.197790533333333,52.5881082
715.175,643.5733512481717,71.6016487518283,False,0.4920235971428571,25.21828571428572,37.81592471428572
978.8,956.1895403547546,22.610459645245328,False,0.73832813,29.644663666666663,49.07784
211.0375,200.4573768423386,10.580123157661404,False,0.141257299,23.249164,25.248394733333328
397.175,362.4264364506148,34.74856354938521,False,0.2681349153333333,23.364750200000003,30.827225666666664
1004.575,936.2936856891769,68.28131431082318,False,0.7204248719999999,27.3343506,49.562795
26.5,51.38446154933554,24.88446154933554,False,0.0204065283666666,25.387085133333333,24.88775633333333
1085.157143,935.7726628839956,149.38448011600428,False,0.7119324986666667,29.980607066666668,58.23431193333333
946.25,856.0181405973499,90.23185940265012,False,0.6598271179999999,34.147082733333335,47.63582766666666
12.04285714,38.8437262249211,26.800869084921096,False,0.0123497075333333,22.79481626666667,21.689546733333334
750.3,744.7978563701412,5.502143629858779,False,0.569132588,26.365627066666665,43.806378
243.7428571,278.8485983128949,35.10574121289491,False,0.2021267246666666,23.6712912,28.608892933333333
565.4428571,578.4624105421075,13.019553442107508,False,0.4346433879999999,28.541935266666663,42.981264133333326
859.9142857,1001.7376069837367,141.82332128373662,False,0.7764533440000001,29.957515466666667,48.48572366666667
164.6285714,206.98827890864868,42.35970750864868,False,0.1486546339999999,23.788940466666663,23.575608266666663
964.075,798.8634114286833,165.21158857131672,False,0.613399808,31.724595200000003,46.1821414
990.6142857,875.4260507554828,115.18823494451715,False,0.673311722,28.309356666666663,47.377396733333335
84.7375,104.97621321677107,20.238713216771075,False,0.0617229363333333,26.728900000000003,27.917517000000004
147.2125,152.37981524338412,5.16731524338411,False,0.1027040146666666,22.312394333333334,24.034580466666668
233.0375,233.5169462488002,0.47944624880020115,False,0.155080448,30.053727133333336,40.58806333333334
859.5857143,881.8789571311155,22.29324283111555,False,0.6764482221428572,26.82428842857143,48.745747214285714
503.9,458.65435646593517,45.24564353406481,False,0.339791978,25.7016844,38.59687113333333
0.0,26.84740737264853,26.84740737264853,False,0.00012538276,27.01870113333333,25.745267733333336
258.275,266.8719812081834,8.596981208183422,False,0.1884618071428571,25.14924185714285,32.83658064285714
1100.557143,944.5155821618841,156.04156083811586,False,0.7324080378571429,29.03071592857143,45.404338142857135
578.2125,626.6473839097209,48.43488390972095,False,0.4780336921428571,25.18008221428571,37.9038915
1163.2625,1159.8362035100654,3.426296489934657,False,0.8978028199999998,31.393697066666668,56.83325393333334
799.8,831.9513549954918,32.15135499549183,False,0.6356642493333334,29.261606933333333,49.6573588
0.0,23.826038505359957,23.826038505359957,False,0.0010356957873333,21.5162558,20.20396513333333
1083.857143,1052.9880541615498,30.869088838450125,False,0.8148198200000001,28.985984333333327,51.476499200000006
331.8857143,305.44970809627216,26.436006203727857,False,0.2204616164285714,26.64763521428571,33.14010199999999
140.85,156.5689463693631,15.718946369363096,False,0.1072139355999999,22.173250333333336,22.970973666666666
58.38571429,78.60953860417666,20.22382431417666,False,0.0419395646666666,24.130348733333328,25.080924533333327
601.9875,453.72129341243925,148.2662065875607,False,0.3312335933333333,32.9282166,45.9347556
936.275,780.9535486923985,155.32145130760148,False,0.5976702813333334,30.8700052,46.78769106666667
1010.171429,929.8083710834746,80.36305791652535,False,0.717151316,26.793420266666665,47.4213378
0.0,23.947787633924236,23.947787633924236,False,2.0070272266666667e-05,23.2409404,21.9908934
53.0375,75.87357314712885,22.83607314712885,False,0.0397878830714285,25.59105335714285,25.627179785714283
48.6375,75.0605009067179,26.423000906717903,False,0.0369035885714285,28.82632671428572,29.096067142857144
738.5375,664.5867527314551,73.95074726854489,False,0.5060438120000001,29.012854,42.45200799999999
267.6571429,273.21621117589143,5.559068275891434,False,0.194773326,28.551151466666663,33.27215386666667
371.4142857,352.7586308391454,18.65565486085461,False,0.257869254,29.363769533333336,35.604502399999994
448.7142857,419.38246988902335,29.33181581097665,False,0.3114204379999999,25.202730200000005,34.808233666666666
769.6714286,703.1268517038567,66.54457689614333,False,0.5350119733333333,29.11126313333333,44.9506284
549.1,588.0593534454969,38.959353445496845,False,0.4473209473333333,25.21634506666667,37.05501713333334
79.6,93.56998721722276,13.969987217222766,False,0.0578216434285714,21.67111642857143,20.642885571428568
85.11428571,86.67510682593957,1.5608211159395609,False,0.0525764360666666,21.9106464,20.365659666666662
237.6125,273.12068537029677,35.50818537029676,False,0.201037406,23.307012799999995,25.084910200000003
663.9285714,636.3559941814767,27.572577218523293,False,0.4816808006666666,31.278884,44.566937
1047.457143,1014.1465335568232,33.31060944317687,False,0.7798724033333334,32.80111693333333,56.02008653333333
393.9285714,409.1443590056862,15.215787605686216,False,0.3072239171428571,23.75348328571429,30.263634785714284
661.4428571,563.6685916169557,97.77426548304425,False,0.4274141633333333,27.99871413333333,38.17277626666667
304.5375,287.23329792148235,17.304202078517676,False,0.205583812,27.73206186666667,33.554784733333335
778.3428571,839.3306205037404,60.98776340374047,False,0.642219944,33.418438800000004,50.9835652
805.9714286,802.4562412008728,3.5151873991271714,False,0.6152906573333333,27.205737133333333,45.212386133333325
39.02857143,59.472214781766304,20.443643351766305,False,0.0291271211333333,21.792812133333328,21.38340246666667
1234.214286,1236.7667126311435,2.5524266311435895,False,0.9566406293333332,33.185274066666665,61.56432686666666
353.4125,391.9839461960505,38.57144619605049,False,0.2930392133333333,23.1475484,30.10846553333333
734.7857143,781.8922044579724,47.10649015797242,False,0.5994605753333334,29.05773106666667,45.0513366
100.3875,126.28015061709318,25.89265061709318,False,0.0832185890666666,23.51573693333333,22.768512
527.675,471.12337760225455,56.551622397745405,False,0.3537411073333333,26.168872133333338,35.321976600000006
907.8857143,1182.3190748523234,274.4333605523234,True,0.917253122,31.41328526666667,55.89338740000001
981.1625,976.8570762446518,4.305423755348215,False,0.7577599673333335,27.727917533333333,45.92864793333334
412.7125,411.1645852895524,1.5479147104475715,False,0.3035469626666667,32.72574673333334,39.121545600000005
982.9125,963.2122481998705,19.700251800129536,False,0.7406104714285713,30.07889021428572,52.50944735714285
389.1571429,394.38618426145285,5.2290413614528575,False,0.2856979239999999,32.301509666666675,42.75711873333334
876.8571429,848.9427363318429,27.91440656815712,False,0.6541739533333331,25.68664953333333,43.83857633333333
346.7857143,341.4518932179275,5.333821082072518,False,0.2479111146666666,27.96042866666667,35.6392172
243.4428571,275.1747064063547,31.73184930635469,False,0.1992273946666666,23.671679533333336,28.50362966666667
479.0857143,458.235129116821,20.85058518317902,False,0.3424570506666667,26.1143576,35.96729740000001
152.2,170.58788502415467,18.387885024154684,False,0.1122409709333333,29.63169753333333,32.23251346666666
424.575,412.72764613544155,11.847353864558443,False,0.3052764092857143,30.771809071428567,37.85851378571428
65.3125,82.02149830873526,16.70899830873526,False,0.0467522423333333,23.587766400000003,22.965578200000003
1128.342857,1259.3038688156894,130.9610118156893,False,0.9758267626666666,31.85976966666667,60.33080693333334
314.7285714,333.6355287006255,18.906957300625493,False,0.2414865233333333,23.959779666666662,33.923728333333344
198.4285714,193.373408208775,5.055163191225006,False,0.1339008513333333,21.80819506666667,26.070054
661.05,652.1366649824786,8.913335017521376,False,0.49096055,33.424020071428565,48.9096767142857
210.775,193.30728210842395,17.467717891576058,False,0.1321317535333333,27.4072612,30.092036933333333
107.6428571,113.25341388425248,5.610556784252481,False,0.0711178362666666,21.774928866666663,23.340763133333333
580.4875,487.1319742195151,93.35552578048487,False,0.3701208159999999,23.990735,31.34313753333333
564.5714286,523.5060719598789,41.06535664012108,False,0.3933412785714285,24.082292928571427,37.545538642857146
575.0,519.7338821668968,55.26611783310318,False,0.3919119666666666,26.019221933333327,36.83065146666666
0.0,24.822647185529807,24.822647185529807,False,5.614888285714287e-05,25.18057035714285,23.46554121428572
520.1571429,518.7603764218011,1.3967664781989697,False,0.3905541093333334,25.104416866666664,36.957327933333325
404.325,387.45406249612967,16.870937503870323,False,0.286548186,24.4268352,33.25334266666667
889.125,854.5799916106253,34.54500838937474,False,0.6593983766666666,28.954923333333333,44.68992900000001
227.25,220.8703767290039,6.379623270996092,False,0.1566565473333333,22.7777608,26.293044066666663
1028.314286,838.284025327586,190.030260672414,True,0.635450962,32.495967666666665,56.101076266666674
937.675,944.8078092922971,7.132809292297111,False,0.725001628,30.0071574,52.9624858
1163.371429,1222.9529368663807,59.58150786638066,False,0.9492787793333332,28.9500306,56.0328042
1225.325,1226.144368859998,0.8193688599978941,False,0.947984686,31.036269066666662,60.58494866666666
18.21428571,43.06988118191607,24.855595471916068,False,0.0139073641466666,24.9734254,24.41195066666667
1009.475,931.599857927438,77.87514207256197,False,0.7114153480000001,28.038039066666663,54.683736466666666
1023.014286,986.4458274575202,36.56845854247979,False,0.7673879126666666,27.778367,44.30236186666666
829.3125,887.1550815874214,57.842581587421364,False,0.683142175,28.374143285714283,47.20608521428572
626.2285714,641.0930235814878,14.864452181487877,False,0.476600342,33.761303733333335,54.00686426666665
23.31428571,51.38446154933554,28.07017583933554,False,0.0204065283666666,25.387085133333333,24.88775633333333
401.2142857,364.1827216880354,37.03156401196463,False,0.2725619585714286,23.184509285714288,27.96154764285714
1058.114286,909.5180596733798,148.59622632662024,False,0.702585196,28.91200753333333,46.4054178
1157.9,1139.4803445988696,18.419655401130512,False,0.879347218,33.4819584,59.38402526666668
1003.2375,1028.709545347636,25.47204534763614,False,0.7926809900000001,28.32269292857143,53.273069
595.5,562.2991263913591,33.200873608640904,False,0.4207671039999999,27.818320733333337,43.250374533333336
904.75,843.5438814528125,61.20611854718754,False,0.6502135673333332,26.948706133333328,43.94926386666666
513.6857143,574.777759217479,61.09204491747903,False,0.4224988753333333,33.88692626666666,53.80755813333333
138.575,151.72293072879265,13.147930728792659,False,0.1017261071999999,23.138751200000005,24.801971466666664
149.5125,172.5523909917142,23.039890991714202,False,0.1159292518,26.462915066666664,28.923132466666665
719.6285714,764.2430097051064,44.61443830510632,False,0.580272074,29.979579800000003,49.852822
532.7375,555.6242621014673,22.886762101467298,False,0.4111925310666667,30.10173753333333,48.06596086666667
909.0375,845.9810109843442,63.05648901565587,False,0.6541221086666666,28.652787199999995,42.90342799999999
47.1875,74.50508695409577,27.317586954095773,False,0.0359229087333333,31.005800533333336,30.528898000000005
743.3714286,710.4488793689665,32.922549231033486,False,0.5397100973333333,30.839324866666665,46.916251733333326
331.8428571,351.4835164149958,19.640659314995787,False,0.2640124178571428,23.434548428571432,26.33118107142857
673.4285714,668.4155253677465,5.0130460322535555,False,0.5092201013333332,30.24165666666667,42.94891766666666
1273.2375,1472.3199081391217,199.08240813912175,True,1.151102274,27.0928548,57.691178466666656
594.5,538.1157623249378,56.384237675062195,False,0.4037250264285714,27.57890557142857,40.546388785714285
899.0571429,878.308257631468,20.748885268532035,False,0.6735253459999999,31.263549933333337,50.6611794
159.7625,172.1332761464533,12.370776146453323,False,0.1132172194666666,29.57108153333333,32.47774066666667
0.0,23.826038505359957,23.826038505359957,False,0.0010356957873333,21.5162558,20.20396513333333
1208.028571,1308.103068286387,100.07449728638699,False,1.016641412,29.58492026666667,58.597363133333324
551.1428571,494.27033557641823,56.87252152358178,False,0.374390925,24.324541357142856,32.964675928571424
386.0875,434.1390528012191,48.051552801219145,False,0.3245409046666666,23.89814073333333,33.29091186666667
650.6428571,610.7585969080083,39.88426019199176,False,0.46231383,30.180094333333333,42.5790158
96.6,117.33053111004052,20.73053111004053,False,0.0712777123333333,25.6701172,27.996036799999995
1018.242857,978.4225216395477,39.820335360452304,False,0.7535374446666667,30.091312666666663,52.08946933333333
896.825,859.1262302914417,37.6987697085583,False,0.6610665566666664,27.98884273333333,46.194077866666674
755.1285714,710.4488793689665,44.679692031033596,False,0.5397100973333333,30.839324866666665,46.916251733333326
138.6625,155.29724305931634,16.63474305931635,False,0.1023283072,26.401951266666664,28.3863546
42.025,59.364396205089655,17.339396205089656,False,0.0307983313333333,21.681390466666667,19.693007533333333
320.5571429,337.2367128611615,16.67956996116152,False,0.2442546013333333,28.939170133333327,36.249540200000006
475.2125,431.12801867231883,44.08448132768115,False,0.3198755806666667,26.92045893333333,36.647984066666666
186.1857143,238.65617834601008,52.47046404601008,False,0.1743799119999999,23.251910266666663,23.56722206666667
846.3625,683.8315339852833,162.53096601471668,False,0.5331907740000001,26.463971,30.740364866666663
0.0,21.911804911449103,21.911804911449103,False,0.001050105428,20.398504866666663,18.24230753333333
634.15,610.7585969080083,23.39140309199172,False,0.46231383,30.180094333333333,42.5790158
1196.257143,1146.2223975506763,50.03474544932374,False,0.8979147206666667,26.66739493333333,44.267293333333335
771.65,779.2137456949874,7.56374569498746,False,0.5939330333333332,27.3424154,47.41862173333334
821.45,733.6677152115386,87.78228478846142,False,0.5623129906666666,25.70663053333333,41.3690166
668.725,830.3836453889729,161.6586453889729,False,0.6365608813333332,29.410819333333336,47.68545339999999
55.6875,81.62408803110495,25.936588031104947,False,0.04432217,25.856518466666664,25.91061213333333
611.1375,652.9946797110189,41.85717971101883,False,0.493897726,30.311199866666666,45.478786266666674
648.2428571,781.8922044579724,133.64934735797237,False,0.5994605753333334,29.05773106666667,45.0513366
46.875,74.50508695409577,27.630086954095773,False,0.0359229087333333,31.005800533333336,30.528898000000005
585.0875,577.3474058566716,7.740094143328406,False,0.4311784306666666,34.304164533333335,47.853904533333335
309.2125,303.741860312209,5.470639687790992,False,0.21446764,32.816959600000004,40.0954304
525.1875,486.5358897332223,38.65161026677771,False,0.3666457480000001,24.982682266666668,34.559212133333325
440.3285714,426.9708024317212,13.357768968278776,False,0.3152401926666667,32.72757773333334,40.30443513333333
1069.657143,1190.5071601640457,120.85001716404577,False,0.92426021,29.10705953333333,54.622047866666655
324.6625,325.13008167285597,0.46758167285594254,False,0.2377031446666667,23.19970913333333,30.617470133333327
216.6142857,218.8520857844148,2.2378000844148005,False,0.150128168,31.88745533333333,34.781236066666665
690.55,601.4504927018234,89.0995072981766,False,0.4554531606666666,24.88059273333333,39.5672728
686.0428571,611.478856245585,74.56400085441499,False,0.4660193226666666,25.439449133333333,37.621647133333326
25.875,55.542724037236155,29.667724037236155,False,0.0206756249642857,30.42119707142857,29.995760357142856
193.8285714,224.02049704734512,30.19192564734513,False,0.1581062406666667,26.4417156,28.935205133333334
36.3375,58.06457505091119,21.72707505091119,False,0.0283668289333333,21.431498266666665,20.859558
829.7285714,719.1044109067841,110.62416049321587,False,0.5456316214285714,29.397380285714288,47.38953071428571
433.8125,470.7549493447235,36.942449344723514,False,0.3559949986666666,24.3803284,32.1630228
733.2,767.5619909572741,34.36199095727409,False,0.5838647386666667,31.617256666666663,49.747872
1292.4,1304.3907216113644,11.990721611364279,False,1.0191648606666668,27.968046,52.7022728
900.8857143,815.4791969458834,85.40651735411666,False,0.6239884299999999,26.3615418,46.695184266666665
513.575,689.0288478518945,175.45384785189447,False,0.5205349913333333,28.0176412,47.200712266666656
35.4625,53.51687467616979,18.054374676169793,False,0.0245571073333333,21.9280518,21.149878
11.125,33.251371890772205,22.126371890772205,False,0.00961781414,23.151116866666666,20.113913933333333
403.8714286,369.55467772546075,34.31675087453925,False,0.2724546621428571,25.529737071428567,33.1866565
909.5714286,913.7806093491611,4.209180749161078,False,0.702796554,30.368632,50.099892
121.1285714,120.62357502374019,0.5049963762598111,False,0.0771933347333333,22.155832933333333,23.475118133333336
1219.685714,1293.9182561661041,74.23254216610417,False,1.0037044035714286,30.452372928571428,60.19193785714286
144.58,155.91087359956057,11.330873599560562,False,0.1014331655,25.9601472,29.5002533
613.1125,608.553060909564,4.559439090435944,False,0.457150144,31.814784666666668,46.41744406666666
1147.65,1077.9805661383962,69.66943386160392,False,0.835832152,29.9514374,51.408309800000005
409.3375,415.2778384471514,5.940338447151419,False,0.3037400713333333,32.31917286666666,41.912998266666655
132.2714286,146.51422974890409,14.242801148904078,False,0.0945128417142857,27.601739071428568,29.47836742857143
420.35,398.31549147853053,22.03450852146949,False,0.289312882,34.6127872,43.38971593333332
415.025,416.50016190490106,1.4751619049010856,False,0.3026864813333333,31.6578208,43.54560113333334
0.0,26.84740737264853,26.84740737264853,False,0.00012538276,27.01870113333333,25.745267733333336
352.2714286,377.5183097973479,25.246881197347932,False,0.2815921433333333,23.833986466666666,30.019337866666667
1261.9,1244.7423285763325,17.15767142366758,False,0.9652258986666667,31.597302133333333,58.96815806666666
0.0,22.795785621025487,22.795785621025487,False,0.0008254361254,22.401477000000003,19.994679733333328
124.8375,137.99901387179287,13.161513871792863,False,0.08722808,28.11065073333333,29.98121346666667
415.2,407.0841146858026,8.115885314197385,False,0.299364092,27.479427066666663,37.63392773333333
350.1125,341.4518932179275,8.660606782072534,False,0.2479111146666666,27.96042866666667,35.6392172
407.0625,398.5713228848707,8.49117711512929,False,0.2980529893333333,23.8905234,30.79129613333333
27.8,54.89498589665436,27.09498589665436,False,0.0208843500333333,29.4541402,28.8870646
804.875,771.9081820126487,32.966817987351305,False,0.5920114606666667,24.389473466666665,42.34455979999999
315.5125,377.5183097973479,62.00580979734792,False,0.2815921433333333,23.833986466666666,30.019337866666667
7.95,31.907366708824107,23.957366708824107,False,0.0079012560333333,21.586885533333334,20.010978066666667
191.2125,187.57511176778158,3.637388232218427,False,0.1279617990666666,26.67944946666666,29.282659866666663
1010.7125,1047.104205515665,36.39170551566497,False,0.809865482,32.15423573333334,52.968100933333325
1039.675,1014.1465335568232,25.52846644317674,False,0.7798724033333334,32.80111693333333,56.02008653333333
671.0625,672.7557005805885,1.6932005805884955,False,0.5138973833333333,25.640753066666665,39.91504320000001
1005.128571,945.2414034453167,59.88716755468329,False,0.7235532206666667,28.367100066666666,53.9367392
335.0857143,310.225418794205,24.860295505795023,False,0.2271388021428571,22.874956357142857,28.931237142857142
606.05,535.8146982659691,70.23530173403083,False,0.3988885433333333,33.89057606666666,46.02908119999999
530.6428571,560.4415909748004,29.798733874800405,False,0.423149908,28.2263,39.781593666666666
1086.5,1334.6566183027162,248.1566183027162,True,1.0396661320000002,30.470314466666665,57.810960066666674
659.7428571,591.8507034782721,67.89215362172797,False,0.4508577206666666,26.236733,37.096722333333325
734.6875,660.0390419120334,74.64845808796656,False,0.5032727366666667,27.832635533333328,41.04779260000001
901.5,919.9032985507475,18.403298550747536,False,0.7052639533333332,30.716996333333327,52.6329488
78.3,96.14746102971127,17.84746102971127,False,0.0600698337999999,22.186450266666665,20.73989253333333
908.475,850.9513211656154,57.52367883438467,False,0.6554787686666667,32.7693424,47.220991733333335
657.6,638.5879577286521,19.012042271347923,False,0.4782781806666666,29.477185066666667,48.671240066666655
977.5857143,1046.6894798991084,69.10376559910844,False,0.813000858,28.1994974,48.014198666666665
153.6714286,164.4532014371206,10.781772837120599,False,0.1042054897142857,27.914616214285715,34.29488935714285
107.6142857,131.12170767313745,23.507421973137454,False,0.0858986049285714,23.366936642857144,23.907782357142853
69.65,87.12856163213178,17.478561632131772,False,0.0525060624,22.413663666666665,20.99587586666667
864.35,873.55913465972,9.209134659720007,False,0.6704487179999999,27.71488233333333,48.363682
1001.5875,1038.0649714611932,36.477471461193204,False,0.8004696066666667,31.3942708,54.491442600000006
881.6428571,947.5122077008141,65.86935060081407,False,0.7256673206666666,29.170436533333337,54.0487796
61.27142857,85.79223889349615,24.52081032349615,False,0.0440678129333333,31.256394333333333,31.672898466666663
836.8285714,817.1404861165089,19.68808528349109,False,0.6268856413333332,29.0513102,46.425813733333335
1067.414286,1154.878662255337,87.46437625533713,False,0.8917315042857143,29.84079428571429,58.03428871428572
507.675,551.8205468856789,44.145546885678925,False,0.4154654033333333,28.200909666666668,40.34545073333332
953.2428571,887.506321003222,65.73653609677808,False,0.6801742386666666,28.05028693333333,50.1047016
265.4875,256.9692064739129,8.51829352608712,False,0.187030046,22.19873053333333,25.319020466666665
571.2571429,629.1271626943046,57.87001979430465,False,0.4785613493333333,25.00489506666667,39.233233733333336
439.875,459.8200744290949,19.945074429094916,False,0.3454415426666666,24.829638666666668,33.83913526666666
178.8,199.43383945256616,20.63383945256615,False,0.136164155,29.3095095,31.839508
732.1125,778.9661663205849,46.85366632058492,False,0.5980412346666665,26.5877218,43.06868493333333
606.7142857,562.8766568238726,43.83762887612738,False,0.4233145246666666,27.93405566666667,41.36491266666666
682.45,636.7566511786891,45.693348821310906,False,0.4835685933333334,24.37939666666667,40.127750600000006
452.4142857,426.9708024317212,25.443483268278783,False,0.3152401926666667,32.72757773333334,40.30443513333333
572.4857143,652.1366649824786,79.65095068247854,False,0.49096055,33.424020071428565,48.9096767142857
197.2714286,196.2687645211636,1.0026640788364034,False,0.1371546752,22.4847634,25.541505866666665
760.4857143,701.178100618015,59.307613681985,False,0.537035125,25.09010971428572,39.83215985714286
0.0,25.828129129594956,25.828129129594956,False,0.0008627212413333,24.28921113333333,23.09669193333333
860.225,1063.5701083314916,203.3451083314916,True,0.818109888,32.80097026666667,58.15341173333333
124.9125,129.07846213382533,4.165962133825332,False,0.0816072844666666,25.334818533333337,27.200339666666668
765.4375,856.0181405973499,90.58064059734988,False,0.6598271179999999,34.147082733333335,47.63582766666666
1013.1625,1011.517665517518,1.644834482481997,False,0.7758027066666667,29.893628,56.54914560000001
206.2125,273.0907170242266,66.87821702422659,False,0.2020374493333333,22.7244914,23.87672733333333
915.6571429,923.6119747639109,7.95483186391084,False,0.711361128,28.884842666666664,48.98813886666667
1219.4,1241.0565335371361,21.656533537136056,False,0.954939324,31.12965493333333,65.54571366666664
1144.428571,1182.6537280472576,38.22515704725765,False,0.9130500964285714,33.254821857142865,60.86849728571429
390.9428571,374.4177157195733,16.525141380426703,False,0.2764912,27.16989953333333,33.85005699999999
145.7714286,142.33029481652792,3.4411337834720825,False,0.0940940934,22.33260493333333,24.388740933333327
224.25,281.18204353340286,56.93204353340286,False,0.2052391053333333,24.857926333333328,28.002966266666665
0.0,26.84740737264853,26.84740737264853,False,0.00012538276,27.01870113333333,25.745267733333336
407.8428571,428.3396664267708,20.4968093267708,False,0.3224647546666666,24.331876666666663,30.97835493333333
0.0,23.699997084457443,23.699997084457443,False,0.000333454882,22.5879394,21.22639153333333
1070.085714,1064.9088319419152,5.176882058084857,False,0.8330450946666667,26.533363733333328,42.528473
842.1125,913.2175743830713,71.10507438307138,False,0.7091465493333333,28.069488466666662,42.7483944
1103.3,1067.2657443685325,36.03425563146743,False,0.828218792857143,29.31660471428572,50.0400065
802.1625,856.0181405973499,53.85564059734986,False,0.6598271179999999,34.147082733333335,47.63582766666666
0.0,23.947787633924236,23.947787633924236,False,2.0070272266666667e-05,23.2409404,21.9908934
166.975,168.37953377936867,1.404533779368677,False,0.1167449068666666,21.786851066666664,22.9464376
1005.275,844.9188712648834,160.3561287351166,False,0.652056834,27.611472733333333,43.56778333333334
39.375,60.36640914099602,20.99140914099602,False,0.0318784349333333,21.026063933333333,19.1683044
41.8875,70.48291315862154,28.59541315862154,False,0.0333130082666666,28.177933666666664,28.66382253333333
1319.85,1210.1207197988674,109.7292802011325,False,0.94011294,29.910441928571423,55.183059642857145
268.8142857,263.0471298214991,5.767155878500944,False,0.1886549799999999,24.80741786666666,29.581636466666662
895.3285714,860.0770190125256,35.25155238747436,False,0.6634503566666667,26.40725306666667,44.0128702
497.65,482.36743688978896,15.282563110211015,False,0.3581823699999999,34.38115033333334,43.332853333333325
332.125,317.18816037240583,14.936839627594168,False,0.2276812526666666,32.029101733333334,37.712012
242.9125,266.8719812081834,23.959481208183405,False,0.1884618071428571,25.14924185714285,32.83658064285714
336.575,313.27435925292497,23.300640747075022,False,0.2224269813333333,31.461081866666667,39.37515073333333
104.65,119.15385060931231,14.503850609312309,False,0.0705414855,29.904103,31.90951321428572
831.2428571,726.1820482367834,105.06080886321661,False,0.5518274599999999,32.84624806666667,48.51458733333333
458.975,443.7541699799383,15.220830020061726,False,0.3288961193333332,34.12625693333333,41.007431933333336
680.8285714,632.8621222594026,47.96644914059743,False,0.4802661793333333,28.310963866666665,41.930027
654.9428571,648.0859152498199,6.856941850180078,False,0.489243946,32.49706446666666,47.01116133333333
920.2285714,928.5827424120129,8.354171012012898,False,0.7147616046666667,28.17348426666668,49.310594
770.7142857,694.5976919570147,76.11659374298529,False,0.5299622466666666,27.355015066666667,42.377244466666674
1285.685714,1243.0956442080924,42.59006979190758,False,0.962788822,31.614807133333333,59.99013253333333
114.275,136.81125984000096,22.53625984000095,False,0.0836154068666666,31.958078800000003,34.10791773333333
667.9714286,576.9229346355066,91.04849396449333,False,0.4329602066666666,26.67907113333333,42.56844686666666
957.4,872.6040178364915,84.79598216350848,False,0.67195934,27.677307066666668,46.2067344
210.3142857,218.55756752128605,8.243281821286047,False,0.1550759426666666,22.947841333333333,26.071952400000004
0.0,22.633458699109426,22.633458699109426,False,0.0001221914806666,20.751308333333327,19.813110266666666
94.5125,110.1499590738444,15.637459073844397,False,0.0639606361333333,26.491621866666662,29.685520466666663
833.7875,830.6522019783129,3.135298021687163,False,0.6365820806666665,28.252118,47.370047933333325
139.2875,148.06293946552137,8.775439465521373,False,0.099085612,22.39704986666667,24.1448362
487.0142857,494.35388488857285,7.3395991885728336,False,0.3727364353333333,26.23174233333333,35.39754653333333
0.0,26.50451858686207,26.50451858686207,False,0.0008603421582,26.470400066666667,24.559830733333328
0.0,24.242681833783365,24.242681833783365,False,0.0005078938726666,22.522914733333334,21.450738666666663
705.525,608.4548261618611,97.07017383813889,False,0.4552519278571428,29.15021621428572,46.961443357142855
90.725,109.71875875579919,18.993758755799192,False,0.0632720198666666,30.095953266666665,31.55705773333333
155.3,185.05735698872266,29.75735698872265,False,0.1320388563333333,22.4990804,21.7430604
310.0571429,294.16861850176264,15.888524398237337,False,0.2141466953333333,27.1531046,30.6198468
0.0,22.19781468564407,22.19781468564407,False,0.0006199202026666,23.2451844,20.093800666666667
308.45,296.2038352206924,12.246164779307605,False,0.21379486,25.7980978,31.919557666666662
25.02857143,49.63698924054742,24.608417810547422,False,0.019033676,25.1361024,24.7232728
1258.485714,1299.9222206900963,41.436506690096394,False,1.009763066,31.31245933333333,59.503814466666654
1160.185714,991.8414682120641,168.34424578793585,False,0.7624467326666666,30.91771053333333,54.40039266666666
660.7571429,652.1366649824786,8.620477917521384,False,0.49096055,33.424020071428565,48.9096767142857
1155.542857,1143.9119302703502,11.630926729649673,False,0.886393536,29.928074066666667,54.66195460000001
244.2,303.1108603466743,58.910860346674326,False,0.224655888,23.399713266666662,26.031282600000004
984.7428571,971.0700550735435,13.672802026456566,False,0.7472785953333334,27.397644133333333,51.1395304
792.25,694.7114185319048,97.53858146809523,False,0.5261106153333333,27.51964326666667,46.130108666666665
0.0,24.391148404665735,24.391148404665735,False,3.9083115333333336e-05,23.5830486,22.460372
0.0,42.97491941191008,42.97491941191008,False,0.0123415255071428,28.737601,27.42860421428572
688.8875,654.0081551058413,34.87934489415875,False,0.496169466,27.814182533333334,43.054219466666666
694.9571429,837.0248007775846,142.06765787758457,False,0.6403686593333334,25.4514526,47.501263533333336
158.9142857,160.67996922120867,1.765683521208672,False,0.1060586724666666,26.71589153333333,29.159596866666664
172.3285714,169.44323903812187,2.8853323618781133,False,0.1128437932,26.589176466666665,29.4781636
791.6428571,773.4794693923109,18.16338770768914,False,0.597535766,26.354994666666663,39.2412842
1012.8125,1060.5004406819276,47.68794068192756,False,0.8182360253333333,29.4800944,54.2505046
282.95,276.83776235408124,6.1122376459187535,False,0.197582556,26.772544533333328,32.65239666666667
514.9,489.51746035390363,25.382539646096347,False,0.3661181566666667,29.803035600000005,39.41787906666666
148.9125,142.95504219050747,5.957457809492524,False,0.0975767968666666,22.135064666666665,21.531044466666668
470.6,454.1394266041961,16.46057339580392,False,0.3363512746666666,28.019702266666663,39.3556314
76.65714286,91.47221158075408,14.815068720754084,False,0.0500169534,29.53365073333333,29.722025533333333
281.625,270.1493473393876,11.475652660612411,False,0.1940915442857143,25.188796928571428,30.107465642857143
1087.442857,1154.8745213578177,67.43166435781768,False,0.892777234,30.676135400000003,57.4164388
177.2142857,186.34570735982766,9.131421659827652,False,0.1273159356666666,26.388924133333333,28.81902473333333
366.6571429,378.5441433109006,11.887000410900612,False,0.2771371,27.911383066666662,36.725531333333336
37.52857143,57.17844193799748,19.649870507997484,False,0.0275747859333333,23.13891793333333,21.6591104
836.6285714,991.8414682120641,155.21289681206406,False,0.7624467326666666,30.91771053333333,54.40039266666666
824.775,950.1842669787827,125.40926697878274,False,0.7279374373333332,33.00463246666666,55.63306693333334
1024.014286,889.7182284993474,134.29605750065264,False,0.6841737733333335,27.55344846666667,47.8497312
1170.271429,1248.147424795001,77.87599579500102,False,0.965868116,31.295017400000003,60.84368073333333
559.5875,590.5858968921717,30.99839689217174,False,0.4474868786666667,25.93090606666667,39.14253953333334
840.1428571,830.0946541839619,10.048202916038122,False,0.6382544986666667,27.6148946,45.10698460000001
423.4,443.61669546626484,20.216695466264866,False,0.3286678413333333,29.6577312,39.18270073333333
222.05,227.54798180742125,5.49798180742124,False,0.1562854073333333,30.2077474,34.96258519999999
594.2285714,561.7370106233118,32.491560776688175,False,0.4227470493333333,31.0069884,42.35145673333333
944.6,872.6040178364915,71.99598216350853,False,0.67195934,27.677307066666668,46.2067344
565.45,595.1587464323408,29.708746432340718,False,0.4513733507142856,26.096950071428576,39.086399571428565
485.8428571,511.61316141542454,25.77030431542454,False,0.3876267686666667,24.36926893333333,33.90226446666667
68.62857143,93.54794888797618,24.919377457976182,False,0.0506183510666666,32.222483600000004,31.912021933333328
323.1625,358.49703910973375,35.334539109733726,False,0.26604703,25.389813333333336,30.644789666666664
842.8571429,789.4583167531218,53.39882614687815,False,0.6032151686666668,26.310502066666665,46.148805933333335
1012.6125,1074.300083869081,61.68758386908098,False,0.8336664386666666,30.1848064,50.714097
829.3285714,781.8922044579724,47.436366942027576,False,0.5994605753333334,29.05773106666667,45.0513366
748.1,732.4978689801046,15.60213101989541,False,0.5586564773333333,25.75082,43.90548686666667
648.1428571,640.7983449256865,7.344512174313536,False,0.4845541833333333,26.1504356,43.0666302
733.7714286,719.1044109067841,14.66701769321594,False,0.5456316214285714,29.397380285714288,47.38953071428571
44.65,59.364396205089655,14.714396205089656,False,0.0307983313333333,21.681390466666667,19.693007533333333
590.4571429,561.7370106233118,28.72013227668822,False,0.4227470493333333,31.0069884,42.35145673333333
386.5625,338.2540779333044,48.308422066695584,False,0.2474112733333333,25.1799176,32.45616233333334
661.8571429,599.1858345680795,62.6713083319205,False,0.4533658826666666,34.73750799999999,44.045326466666666
739.7714286,689.0288478518945,50.742580748105524,False,0.5205349913333333,28.0176412,47.200712266666656
644.7142857,706.9074910077,62.19320530769994,False,0.5378590466666667,31.09232593333333,46.04329853333333
0.0,22.922542266383715,22.922542266383715,False,0.0008480133085714,21.663992714285715,19.75165221428572
1262.9,1440.96305960162,178.0630596016199,True,1.1225500642857145,28.24220935714285,60.84071814285714
171.35,167.4576443309663,3.892355669033691,False,0.112813087,23.8746256,26.81340946666667
975.4857143,889.7182284993474,85.7674858006526,False,0.6841737733333335,27.55344846666667,47.8497312
716.9,680.4115872497949,36.48841275020504,False,0.5180401986666665,28.47677,43.1335732
1215.3875,1271.473586055839,56.086086055838905,False,0.988618098666667,30.10053313333333,56.94452306666666
851.8375,855.366718487959,3.5292184879590422,False,0.6525659726666667,32.07957366666666,53.019840733333325
35.92857143,57.17844193799748,21.249870507997485,False,0.0275747859333333,23.13891793333333,21.6591104
533.2142857,495.1648938967772,38.04939180322282,False,0.3730011899999999,25.96112293333333,35.6540122
239.6625,276.5968965938274,36.934396593827415,False,0.2036339493333333,24.0009094,25.62175893333333
1093.314286,1102.715660189227,9.401374189226999,False,0.8608448592857144,27.778298642857145,46.05228092857142
161.1375,172.1332761464533,10.995776146453323,False,0.1132172194666666,29.57108153333333,32.47774066666667
2.6,31.388675488302656,28.788675488302655,False,0.0038019427373333,27.8907064,26.16618666666667
1210.675,1248.0347171774638,37.359717177463835,False,0.964028712,30.414278266666667,62.09320066666666
242.5142857,273.12068537029677,30.60639967029678,False,0.201037406,23.307012799999995,25.084910200000003
578.7285714,550.4125810613967,28.31599033860323,False,0.4153775066666666,28.428057933333328,39.44832773333333
95.5,104.76842683578431,9.268426835784311,False,0.0663231575714285,21.0031935,20.9889395
304.3625,330.90553279848456,26.543032798484546,False,0.2446230293333333,22.696124266666665,28.3609558
667.6142857,705.1346453323586,37.52035963235858,False,0.5379956300000001,25.8001344,42.2704184
1091.1,1178.6761320658734,87.57613206587348,False,0.906359092,31.226418066666668,63.19209206666668
1222.1125,1219.7474451831376,2.365054816862312,False,0.9426408173333332,27.962141933333328,59.34772946666667
557.9857143,487.8324155557985,70.15329874420155,False,0.3664925886666666,25.031361933333333,35.71532393333333
1145.875,1154.1031641093746,8.228164109374575,False,0.8971673586666666,28.4727662,51.776054
320.9142857,287.20069454733573,33.713591152664264,False,0.20888875,24.006947666666665,28.83434853333333
151.3714286,158.10632987043365,6.734901270433653,False,0.1091689054285714,22.247434428571427,22.354954428571432
869.9,872.6040178364915,2.7040178364915164,False,0.67195934,27.677307066666668,46.2067344
846.1,744.3813950261576,101.71860497384239,False,0.5669934953333333,28.1128438,46.23971173333333
756.7714286,830.3836453889729,73.61221678897289,False,0.6365608813333332,29.410819333333336,47.68545339999999
704.1142857,735.7555327176842,31.641247017684236,False,0.5570693833333333,30.2870728,49.8413636
414.4857143,399.67370709034907,14.812007209650915,False,0.298065064,23.90954793333333,31.63181366666667
1180.7,1298.4237366215361,117.72373662153609,False,1.008637932,32.030253133333325,59.7176536
178.9428571,203.50970658347086,24.56684948347086,False,0.1373132696428571,31.9316625,35.02001971428571
649.7625,628.2183258939928,21.54417410600729,False,0.468398362,32.574084400000004,51.29624213333333
679.6,667.1775535630484,12.422446436951645,False,0.5058525086666666,25.1560954,42.945062333333325
530.2,508.152825440858,22.047174559142036,False,0.3798659046666666,29.76168613333333,40.82955953333333
574.5,575.2568799997542,0.7568799997542328,False,0.4379202793333333,25.124652066666663,35.99217126666667
861.5571429,943.9010307499991,82.34388784999908,False,0.7235343293333333,29.207837,53.292307533333336
989.5375,950.8533562057211,38.68414379427895,False,0.7350834633333333,33.763185400000005,49.80390433333333
503.5428571,445.49691570092017,58.04594139907982,False,0.330956198,28.67100406666667,38.05905166666666
1081.7625,1113.6437581146738,31.881258114673756,False,0.8612832686666666,31.688391,55.696510800000006
1116.985714,1023.2356982329202,93.75001576707973,False,0.7895503819999999,30.58775246666667,52.985744666666655
119.1,130.87558140680522,11.77558140680523,False,0.086237195,24.0184102,23.685199
672.6285714,649.3671266658416,23.26144473415843,False,0.4921659633333334,27.60525313333333,43.148862666666666
45.3,63.94096550830308,18.640965508303083,False,0.0333103492857142,21.65816592857143,20.84060435714285
197.0428571,224.02049704734512,26.977639947345125,False,0.1581062406666667,26.4417156,28.935205133333334
757.8428571,694.481976627368,63.36088047263195,False,0.5315657121428571,26.492523071428568,40.41920307142857
498.7571429,462.955071318951,35.802071581049006,False,0.345676682,28.046335933333328,37.409806
413.1857143,403.43632759483904,9.74938670516093,False,0.299662534,23.168194600000003,32.699511466666664
228.4875,240.9948237676128,12.507323767612775,False,0.1668127414285714,33.443313571428575,36.82670364285714
534.9375,533.8527199967341,1.0847800032659052,False,0.4043418426666666,24.7192118,35.47181186666666
662.55,616.7987148579105,45.7512851420895,False,0.4668261126666666,29.21803193333333,42.5737022
0.0,26.266096991316726,26.266096991316726,False,0.000455513202,24.892543142857136,24.072802000000003
685.775,619.9664531259644,65.80854687403553,False,0.4621650586666667,27.920831266666664,48.78672900000001
29.3,50.96423946959057,21.664239469590566,False,0.0237962576,21.653328466666665,19.7878378
107.7714286,120.6585571052066,12.887128505206604,False,0.0770268140666666,22.915026866666665,23.98563853333333
262.5714286,263.54590374972327,0.9744751497232755,False,0.1892255126666666,23.1288086,28.704862466666665
612.8875,568.4923788754381,44.39512112456191,False,0.4313674273333333,25.9910524,37.30622160000001
104.5571429,124.52621021407975,19.96906731407975,False,0.0775804512142857,26.11982735714286,27.81455535714285
1071.9375,1077.881060409431,5.943560409431029,False,0.833716566,29.0410462,52.9128622
937.9625,935.7526947613189,2.2098052386810423,False,0.718821216,28.941943333333327,51.34074066666668
1236.2375,1161.4438070269712,74.79369297302878,False,0.9066149006666668,27.04890353333333,47.9602314
1271.814286,1327.7770784247655,55.96279242476544,False,1.0379223366666668,26.655895933333333,52.52440386666667
654.6428571,597.4565879327099,57.18626916729011,False,0.453461884,27.390254733333336,39.45489506666667
555.9625,520.0248940912186,35.93760590878139,False,0.3901906573333333,28.54629326666667,39.752722466666654
143.0,157.9476260179782,14.947626017978195,False,0.1033491631428571,27.74433471428572,30.04228421428571
579.2142857,561.7665711584874,17.447714541512596,False,0.419735824,32.52414946666667,45.840537533333325
10.98571429,38.8437262249211,27.858011934921098,False,0.0123497075333333,22.79481626666667,21.689546733333334
1113.0875,1100.2846521786582,12.802847821341857,False,0.8507950519999999,30.114007466666664,54.58146206666667
938.675,881.7045216698526,56.97047833014733,False,0.6841655264285715,26.816632928571423,41.40657221428572
764.2285714,670.0690519932157,94.15951940678428,False,0.5049492813333333,34.278066,49.945772133333335
888.725,845.9810109843442,42.74398901565587,False,0.6541221086666666,28.652787199999995,42.90342799999999
134.125,146.51422974890409,12.389229748904086,False,0.0945128417142857,27.601739071428568,29.47836742857143
516.075,519.8296631702412,3.7546631702412014,False,0.3929178906666667,25.088962666666667,35.562813133333336
184.4285714,179.2107485023423,5.2178228976576975,False,0.1193123422666666,27.8887166,31.477473866666667
834.425,769.5046968520958,64.92030314790418,False,0.5899908493333333,26.32546173333333,43.22846253333333
626.0714286,591.8507034782721,34.220725121727924,False,0.4508577206666666,26.236733,37.096722333333325
193.8625,208.171618578887,14.309118578886995,False,0.1471822867333333,23.208211133333336,25.60406513333333
64.88571429,85.72420877205253,20.83849448205254,False,0.050611544,23.312432866666672,22.078063866666664
767.175,769.679352026158,2.504352026158017,False,0.5895070206666666,25.810009866666668,43.5907308
729.8142857,681.3146129362235,48.499672763776516,False,0.5136740935714285,32.802505857142854,49.77019207142857
1062.9375,1143.9119302703502,80.97443027035024,False,0.886393536,29.928074066666667,54.66195460000001
271.6571429,277.916065716599,6.258922816599011,False,0.1959377942857142,32.512230571428574,37.494888142857135
0.0,26.894942846328853,26.894942846328853,False,2.7608272399999994e-05,27.857527666666662,26.235675
178.0,185.05735698872266,7.05735698872266,False,0.1320388563333333,22.4990804,21.7430604
52.81428571,67.07409047218974,14.259804762189738,False,0.0349704387333333,21.8738464,21.782067666666663
673.5142857,601.3292657864025,72.18501991359744,False,0.4552512326666666,28.7726258,41.34621800000001
1058.157143,1126.6361780747106,68.47903507471074,False,0.873090314,29.520699200000003,53.681734000000006
630.3428571,641.4259376708425,11.083080570842526,False,0.4833998399999999,27.964037071428567,45.40855414285714
1286.657143,1319.6470856881897,32.989942688189785,False,1.0242290946666668,28.7483338,59.98777086666667
63.5125,85.79223889349615,22.279738893496145,False,0.0440678129333333,31.256394333333333,31.672898466666663
510.3875,502.8582747498379,7.529225250162085,False,0.3759219506666666,27.16653653333333,39.336533733333326
156.9625,158.81894038232608,1.8564403823260704,False,0.1090379683333333,22.45271393333333,23.1112346
898.0428571,683.8315339852833,214.21132311471672,True,0.5331907740000001,26.463971,30.740364866666663
0.0,24.4170001360624,24.4170001360624,False,0.000100219904,23.787237466666667,22.5114056
0.0,22.73780983343539,22.73780983343539,False,1.5969891733333336e-05,22.475012133333333,20.737575266666667
91.475,107.76744953127874,16.29244953127875,False,0.0685966837333333,21.887721666666664,21.544547666666663
529.8428571,704.2742854070173,174.4314283070173,False,0.5263585046666664,30.6310384,54.56202766666667
6.071428571,31.103291056104307,25.031862485104305,False,0.0048826057146666,25.49142246666667,23.901588933333336
51.85714286,78.12424457182365,26.26710171182365,False,0.0384030336,32.311871133333334,31.54853933333333
368.125,372.69848020002405,4.573480200024051,False,0.274644008,28.312951533333333,34.75277326666667
693.4714286,628.466644662805,65.00478393719493,False,0.4748543633333333,24.661753399999995,42.03903773333332
1268.15,1247.020168242464,21.129831757536067,False,0.968808626,29.496158666666663,56.45879506666667
1280.55,1256.8813702583511,23.66862974164883,False,0.9751613035714286,30.92911621428572,58.69564164285714
873.725,854.4922418806786,19.232758119321375,False,0.654436842,28.2829874,48.962665
558.4428571,574.777759217479,16.334902117479032,False,0.4224988753333333,33.88692626666666,53.80755813333333
1211.528571,1052.5400513661525,158.98851963384755,False,0.8168375646666667,28.60254713333333,49.08473493333334
29.14285714,53.43909127577622,24.29623413577622,False,0.02162753825,26.388253500000005,25.75343757142857
952.2428571,834.6735767547199,117.56928034528016,False,0.638300066,29.892468333333333,49.5533302
830.5714286,802.4562412008728,28.115187399127194,False,0.6152906573333333,27.205737133333333,45.212386133333325
73.14285714,90.59176728204548,17.448910142045477,False,0.0509663638,25.6725036,26.492338066666665
452.575,452.5578115991294,0.017188400870566056,False,0.3378309306666666,28.035068666666664,36.771075733333326
310.4142857,321.57904010931463,11.16475440931464,False,0.2322751866666666,29.1915486,35.55735073333334
438.2,470.7549493447235,32.554949344723525,False,0.3559949986666666,24.3803284,32.1630228
877.3625,878.1771064775996,0.814606477599682,False,0.6737647459999999,28.074165800000003,48.958026200000006
0.0,24.28660797091312,24.28660797091312,False,0.0001250367553333,24.372711266666663,22.6416768
1030.385714,1074.300083869081,43.91436986908093,False,0.8336664386666666,30.1848064,50.714097
0.0,25.828129129594956,25.828129129594956,False,0.0008627212413333,24.28921113333333,23.09669193333333
1105.0,1117.7023834563443,12.70238345634425,False,0.8653040006666666,30.85634553333333,54.68991706666667
413.4875,394.3117700726827,19.17572992731732,False,0.2913128866666666,29.56562293333333,36.276623400000005
5.585714286,30.906320279336928,25.320605993336926,False,0.0058869571866666,24.088446066666663,22.2067566
923.0,889.7182284993474,33.28177150065255,False,0.6841737733333335,27.55344846666667,47.8497312
844.9571429,856.6037662702165,11.646623370216503,False,0.661408742,26.326908333333336,43.22573646666668
486.5125,436.75805626787104,49.75444373212895,False,0.319418066,27.9916526,41.8464274
206.1125,225.32642960508545,19.21392960508544,False,0.1565710793333333,26.9659322,31.59396966666667
713.5625,655.4371352381539,58.12536476184607,False,0.5004139214285713,26.947897642857143,39.81178307142858
742.9125,670.0690519932157,72.84344800678434,False,0.5049492813333333,34.278066,49.945772133333335
773.7285714,754.955369791512,18.773201608487966,False,0.5785561021428571,25.92686257142857,42.59452828571429
592.8125,558.2534999835075,34.55900001649252,False,0.420493884,26.59366866666667,39.879952333333335
57.45,82.46856945868225,25.01856945868225,False,0.042321342,29.846213866666663,30.149639866666664
848.025,817.1404861165089,30.88451388349108,False,0.6268856413333332,29.0513102,46.425813733333335
422.9428571,411.3360036504383,11.606853449561754,False,0.3068565886666666,24.370550666666663,32.55040273333334
15.15,35.04103931624188,19.89103931624188,False,0.0112265629133333,21.6234394,19.321281066666668
152.225,156.5689463693631,4.3439463693630955,False,0.1072139355999999,22.173250333333336,22.970973666666666
815.2571429,727.4709320185812,87.78621088141881,False,0.5574083926666665,25.808286599999995,41.24847206666666
733.1428571,681.3146129362235,51.8282441637765,False,0.5136740935714285,32.802505857142854,49.77019207142857
32.6,54.78257211380849,22.18257211380849,False,0.0234457014666666,24.038157333333327,24.0682496
387.6625,357.0738035096393,30.588696490360746,False,0.262713,24.443902533333333,32.258191
978.0,927.3158019039478,50.68419809605223,False,0.7152714659999999,28.058274466666663,47.815446
829.7714286,812.4998201361146,17.2716084638854,False,0.62278731,29.8473918,47.0438902
185.9,177.73623623701414,8.163763762985866,False,0.1186300124,24.390767466666667,29.47314233333333
850.8714286,786.3299640184063,64.54146458159369,False,0.5986946806666666,27.928853400000005,48.67373446666666
562.15,602.0909215051711,39.940921505171104,False,0.4548798128571428,30.361437285714285,42.96282521428572
8.5875,40.435295953147,31.847795953147,False,0.00914994484,29.243110933333337,28.6825074
340.825,349.6225855640709,8.797585564070914,False,0.2547879166666667,30.710561,36.66297186666667
690.8285714,665.828328079145,25.00024332085502,False,0.5028826646666666,28.30027873333333,46.0441244
407.4125,339.852583005426,67.559916994574,False,0.254934934,25.10567633333333,26.625590066666664
951.9125,978.3095847875126,26.39708478751254,False,0.7561285946666667,28.81794433333333,49.03407186666667
635.5571429,777.3681758931446,141.81103299314452,False,0.601040456,27.86605026666667,39.599638000000006
501.7,443.2866530201928,58.413346979807216,False,0.3338253060000001,26.54801433333333,32.771891
848.0857143,704.9263568576683,143.1593574423316,False,0.5377770619999998,27.534234666666663,43.0649942
265.6285714,262.810766824536,2.817804575463981,False,0.188819984,22.34573353333333,28.182126799999995
829.1,710.8273495882775,118.27265041172257,False,0.549665794,24.98657813333333,35.3831992
0.0,563.813035134221,563.813035134221,True,0.4262345726666666,25.92304106666667,38.486489133333336
700.3,701.3415554949104,1.0415554949104262,False,0.5363576693333331,25.257212400000004,40.66176133333333
1179.225,1256.8813702583511,77.65637025835122,False,0.9751613035714286,30.92911621428572,58.69564164285714
415.3875,416.50016190490106,1.1126619049010742,False,0.3026864813333333,31.6578208,43.54560113333334
152.5857143,169.08549802175716,16.499783721757154,False,0.1119324913333333,28.99113573333333,31.0937296
610.2875,608.0938000624693,2.1936999375307096,False,0.458073066,26.29952173333333,42.8193886
48.95,67.46120611180771,18.51120611180771,False,0.0350118484,22.081197066666665,22.1293234
640.7714286,875.5337153736313,234.76228677363122,True,0.6665665693333332,33.78651526666667,56.12368146666666
665.9857143,663.7140568010369,2.2716574989631226,False,0.4994732739999999,28.478570533333333,47.685272
1072.3375,1084.1946782204182,11.857178220418064,False,0.8371243526666667,33.64918780000001,56.556677533333335
227.5,214.95790466721309,12.542095332786914,False,0.15224982,23.244622733333337,26.083353666666667
1253.625,1349.715180828824,96.09018082882403,False,1.0518955426666667,29.452115866666663,57.48017959999999
986.2,962.946214911268,23.253785088732002,False,0.7409205246666666,32.33336766666667,52.991542466666665
1115.9,1150.5328061800274,34.63280618002727,False,0.8879575373333333,30.804624466666667,58.6477848
31.01428571,53.43909127577622,22.42480556577622,False,0.02162753825,26.388253500000005,25.75343757142857
0.0,23.986726178184075,23.986726178184075,False,8.352672366666667e-05,24.68722533333333,22.586967066666663
146.5571429,161.64743065151072,15.090287751510715,False,0.1112899762666666,24.041567200000003,23.861043266666663
665.9285714,583.1565654917173,82.77200590828272,False,0.4420255493333332,25.431754533333333,38.33857613333334
73.51428571,91.67059543556852,18.15630972556852,False,0.0504507636666666,31.0485982,30.124161733333327
1174.385714,1266.7592542515645,92.37354025156446,False,0.9841090573333332,29.5801188,57.320168
517.825,445.0624443240102,72.76255567598986,False,0.3370152366666666,24.808402466666667,30.401300066666664
67.94285714,83.98338906831141,16.04053192831141,False,0.0495149681333333,21.985833666666664,21.195638
831.6875,878.7849477700407,47.09744777004073,False,0.670675372,28.632191866666663,52.5477356
1138.05,1110.0970456099362,27.952954390063724,False,0.8597301164285714,27.848698214285715,52.77142364285714
274.6,277.29237506280214,2.692375062802114,False,0.1951342519999999,30.797410133333333,37.0259216
7.885714286,40.435295953147,32.549581667146995,False,0.00914994484,29.243110933333337,28.6825074
516.1142857,445.0624443240102,71.0518413759898,False,0.3370152366666666,24.808402466666667,30.401300066666664
179.975,186.34570735982766,6.370707359827662,False,0.1273159356666666,26.388924133333333,28.81902473333333
619.1125,594.2759557441489,24.836544255851095,False,0.4502923073333334,28.1680522,40.31551513333334
626.45,575.1945325397085,51.255467460291584,False,0.4341641846666666,27.51463213333333,40.48357553333333
539.8375,505.6539235978898,34.18357640211019,False,0.3742929606666666,32.14568913333334,45.14951980000001
596.45,545.7112388068774,50.73876119312263,False,0.4094128093333333,28.5019692,41.4494812
992.05,963.2122481998705,28.837751800129467,False,0.7406104714285713,30.07889021428572,52.50944735714285
43.5625,62.682426855015,19.119926855015002,False,0.0294998014666666,24.514550666666665,24.669201600000005
588.5142857,729.6144809351983,141.10019523519838,False,0.5601515626666665,27.553778,41.08350839999999
566.9857143,558.2534999835075,8.73221431649256,False,0.420493884,26.59366866666667,39.879952333333335
263.35,269.18593598441265,5.835935984412629,False,0.1989128933333333,22.93633213333333,23.896433466666668
449.0714286,487.8394907130274,38.76806211302738,False,0.3637049406666666,26.76338493333333,39.07146406666667
178.8285714,179.2107485023423,0.38217710234232527,False,0.1193123422666666,27.8887166,31.477473866666667
340.825,349.6225855640709,8.797585564070914,False,0.2547879166666667,30.710561,36.66297186666667
1053.128571,1137.218264533381,84.08969353338102,False,0.8833871893333332,29.528405733333337,52.172778066666666
604.9857143,632.8621222594026,27.876407959402513,False,0.4802661793333333,28.310963866666665,41.930027
85.4875,95.60295769292675,10.115457692926753,False,0.0553157361333333,25.61776526666667,26.2441224
781.1571429,703.1268517038567,78.03029119614337,False,0.5350119733333333,29.11126313333333,44.9506284
484.85,452.5578115991294,32.2921884008706,False,0.3378309306666666,28.035068666666664,36.771075733333326
91.375,101.96829298557779,10.59329298557779,False,0.0617966885999999,21.926344866666668,23.469942133333333
847.3625,1021.7857907736538,174.4232907736539,False,0.7886542966666666,30.168788466666665,52.53135606666668
35.4,57.17844193799748,21.778441937997485,False,0.0275747859333333,23.13891793333333,21.6591104
201.0,218.30622745096426,17.306227450964258,False,0.1512628246666666,28.141567066666667,31.68454
248.7428571,318.0913321043943,69.34847500439432,False,0.2366774426666666,23.15576373333333,26.169586200000005
200.4285714,187.88212190959368,12.546449490406332,False,0.1302281486666666,22.53172193333333,25.608616266666665
0.0,25.961427187101997,25.961427187101997,False,0.000143387096,25.324770066666662,24.317897533333333
186.5125,215.7484400724495,29.235940072449523,False,0.1542123409333333,24.711029066666665,25.490907733333334
1055.214286,987.4484423046971,67.7658436953028,False,0.7655651646666665,26.828759866666665,46.3600118
561.55,499.5453857811454,62.004614218854556,False,0.3750224913333333,25.47613733333333,36.90983686666667
521.875,453.13717531852586,68.73782468147414,False,0.3413168086666666,23.40423586666667,31.958345733333328
31.7,56.7580990858253,25.0580990858253,False,0.0236255477666666,26.354187066666668,26.4137554
785.7,803.917685440846,18.217685440845912,False,0.6152726233333333,27.86218783333333,46.6314395
0.0,23.826038505359957,23.826038505359957,False,0.0010356957873333,21.5162558,20.20396513333333
239.7285714,283.91314740569715,44.18457600569715,False,0.199998688,32.515638933333335,38.29546746666666
727.2428571,875.5337153736313,148.29085827363122,False,0.6665665693333332,33.78651526666667,56.12368146666666
702.6857143,643.5733512481717,59.11236305182831,False,0.4920235971428571,25.21828571428572,37.81592471428572
324.4857143,364.07203463057976,39.58632033057978,False,0.2717468766666666,24.416178333333328,29.170227
158.7625,169.26433329738842,10.50183329738843,False,0.1162776123333333,23.02395633333333,24.594645266666667
217.95,217.4750090633877,0.47499093661230063,False,0.1528612619999999,22.1382732,26.9603476
743.4857143,710.4488793689665,33.03683493103358,False,0.5397100973333333,30.839324866666665,46.916251733333326
1076.342857,985.3289936279141,91.013863372086,False,0.7634629593333334,29.934474666666667,48.0433046
1217.128571,1262.4465151814688,45.317944181468874,False,0.9750077606666668,31.0336488,63.14266973333333
0.0,23.505350845065124,23.505350845065124,False,0.0002446326267021,22.18672828571429,20.98682278571429
220.2428571,217.4750090633877,2.767848036612321,False,0.1528612619999999,22.1382732,26.9603476
452.175,419.38246988902335,32.79253011097666,False,0.3114204379999999,25.202730200000005,34.808233666666666
8.7125,33.27230040184206,24.55980040184206,False,0.00859414896,21.30836173333333,20.28832386666667
808.4625,606.7010766271337,201.76142337286626,True,0.456957692,28.25725513333333,43.641306466666656
984.6375,836.1652992571422,148.4722007428578,False,0.6406613233333333,27.081068733333336,47.275213466666656
763.6285714,768.3163452403659,4.687773840365821,False,0.5835384213333334,27.853426133333333,49.001849333333325
614.075,592.4848664201888,21.59013357981121,False,0.4472921486666666,34.043744000000004,44.28609193333333
423.1,414.80485204952595,8.295147950474075,False,0.3048436553333333,28.30766193333333,38.786185733333326
45.8,74.50508695409577,28.705086954095776,False,0.0359229087333333,31.005800533333336,30.528898000000005
191.3875,186.43105016057905,4.956449839420941,False,0.1301255426666666,21.43288993333333,24.118766333333333
1252.942857,1306.6824832104949,53.73962621049486,False,1.0191046553333334,28.590588400000005,54.7813884
136.42,155.91087359956057,19.490873599560587,False,0.1014331655,25.9601472,29.5002533
364.2857143,401.97100955608704,37.685295256087045,False,0.2947314606666666,32.85508646666668,40.3697468
0.0,28.650332823106886,28.650332823106886,False,0.003851879775,22.494378142857144,21.69032292857143
1284.5,1105.4551714176014,179.04482858239862,True,0.8554001073333332,29.45011986666667,53.953094466666656
139.3428571,157.9476260179782,18.60476891797819,False,0.1033491631428571,27.74433471428572,30.04228421428571
165.05,172.1807425158625,7.130742515862494,False,0.1145979226666666,26.300193266666668,29.8108662
572.85,514.0331492724897,58.816850727510314,False,0.384930638,27.667081733333337,39.6965698
1041.5,965.7601748695713,75.7398251304287,False,0.7478824706666666,28.077185133333334,46.80665106666667
193.1285714,197.58600869232615,4.457437292326148,False,0.1337432077333333,31.747082466666665,33.73915806666666
753.6714286,611.205192976867,142.466235623133,False,0.4551483833333333,29.35144260000001,49.249723266666656
240.6,241.2385779316497,0.6385779316497064,False,0.1741175246666666,22.97513853333333,25.668487533333334
605.5285714,561.1582360347498,44.370335365250185,False,0.4202787366666667,26.58655813333333,42.300410866666674
27.22857143,54.475296528157784,27.246725098157786,False,0.0224368066666666,25.2186848,25.28525993333333
161.85,169.23109969078615,7.381099690786158,False,0.117114942,22.607889933333336,23.6078104
1056.8,989.3158957635424,67.4841042364576,False,0.7605472914285714,31.882248142857144,54.65764728571429
1146.128571,1098.4217534042346,47.706817595765415,False,0.847597544,33.321887266666664,57.5274762
815.425,783.6010697671768,31.82393023282316,False,0.601559176,27.81567373333333,43.86323240000001
744.9,664.5335176530529,80.36648234694712,False,0.50926205,25.262884466666662,37.78594966666667
757.6125,870.2805507878995,112.66805078789957,False,0.6706322820000001,27.206691533333327,45.463765
1046.3625,971.1968399070261,75.1656600929739,False,0.7504526286666667,28.559281400000003,48.776688333333325
1178.614286,1174.3912834777602,4.223002522239767,False,0.90865983,32.250663066666675,58.209017133333326
447.7857143,434.01134114893523,13.774373151064765,False,0.320387256,27.95182086666667,38.8228558
492.175,434.01134114893523,58.16365885106478,False,0.320387256,27.95182086666667,38.8228558
391.65,394.38618426145285,2.736184261452877,False,0.2856979239999999,32.301509666666675,42.75711873333334
710.4428571,637.3092936921729,73.13356340782707,False,0.4865309580000001,26.2963116,38.61497386666667
512.1125,492.1246258892923,19.98787411070765,False,0.3711218493333333,24.408231533333336,34.40989966666667
1150.014286,1143.9119302703502,6.102355729649844,False,0.886393536,29.928074066666667,54.66195460000001
415.85,339.852583005426,75.997416994574,False,0.254934934,25.10567633333333,26.625590066666664
1122.05,1091.9128080976038,30.137191902396125,False,0.8462327415384615,26.860954846153845,51.02621476923077
970.3857143,933.5401246162929,36.84558968370709,False,0.7191839106666666,28.3880454,49.06960486666667
1203.7375,1098.4201613700739,105.3173386299261,False,0.8495404559999999,29.428778066666663,54.02926233333333
1234.3375,1216.3093219758712,18.02817802412892,False,0.9434325606666668,30.082822666666665,56.89508453333334
566.325,543.4876040380591,22.837395961940956,False,0.4059969573333333,29.043869866666665,43.17022886666666
588.325,550.4125810613967,37.91241893860331,False,0.4153775066666666,28.428057933333328,39.44832773333333
87.0625,103.88680957301519,16.824309573015185,False,0.0646610821333333,23.218327,22.82350866666667
647.2714286,664.5867527314551,17.3153241314551,False,0.5060438120000001,29.012854,42.45200799999999
636.5857143,562.8766568238726,73.70905747612733,False,0.4233145246666666,27.93405566666667,41.36491266666666
94.38571429,117.33053111004052,22.94481682004053,False,0.0712777123333333,25.6701172,27.996036799999995
314.0857143,339.9008739222137,25.815159622213685,False,0.238672855,33.279722071428566,45.374740642857134
635.1714286,878.308257631468,243.13682903146798,True,0.6735253459999999,31.263549933333337,50.6611794
715.2,754.955369791512,39.75536979151195,False,0.5785561021428571,25.92686257142857,42.59452828571429
51.87142857,76.04179651379535,24.17036794379535,False,0.0377508244,27.6489196,28.5470478
331.7285714,306.72008929271885,25.008482107281168,False,0.2255217446666666,23.6073304,28.074818866666668
1128.985714,1121.2603541867425,7.725359813257455,False,0.8679127513333332,30.166768533333336,54.67960166666667
683.5375,641.4259376708425,42.11156232915755,False,0.4833998399999999,27.964037071428567,45.40855414285714
697.225,658.597809450835,38.62719054916499,False,0.5024805850000001,27.97164264285714,40.74435871428572
14.4,37.10828139165555,22.708281391655554,False,0.0115848330599999,21.87074993333333,20.6757548
769.9875,752.8002613436814,17.187238656318527,False,0.5768498564285715,26.306878285714287,42.7021635
965.9571429,892.0914408051012,73.86570209489878,False,0.6855142546666666,28.9166118,49.0042542
91.95714286,101.96829298557779,10.011150125577785,False,0.0617966885999999,21.926344866666668,23.469942133333333
21.2125,48.02789533976126,26.81539533976126,False,0.0165713633,28.77471533333333,27.363647333333333
1200.625,1266.7592542515645,66.13425425156447,False,0.9841090573333332,29.5801188,57.320168
1064.971429,931.599857927438,133.3715710725619,False,0.7114153480000001,28.038039066666663,54.683736466666666
20.9125,44.22406006123523,23.311560061235227,False,0.0168548558266666,22.815523266666663,21.6110514
801.3125,923.3422328808875,122.02973288088754,False,0.7134718886666666,27.891768466666665,46.3823122
1093.6875,1150.5328061800274,56.845306180027364,False,0.8879575373333333,30.804624466666667,58.6477848
24.35714286,49.63698924054742,25.279846380547422,False,0.019033676,25.1361024,24.7232728
67.075,84.18007736486915,17.105077364869146,False,0.0458670224666666,25.6956218,26.355127000000003
882.7571429,683.8315339852833,198.9256089147167,True,0.5331907740000001,26.463971,30.740364866666663
702.0857143,700.5336559261103,1.552058373889622,False,0.5342717266666666,30.2250672,44.1388428
180.9571429,189.61838843704186,8.66124553704185,False,0.1278067490666667,28.59915553333333,31.82115473333333
1234.685714,1216.3093219758712,18.37639202412879,False,0.9434325606666668,30.082822666666665,56.89508453333334
314.9375,292.16771271606666,22.76978728393334,False,0.2159930109999999,26.093007466666663,26.907125
108.8875,126.28015061709318,17.39265061709318,False,0.0832185890666666,23.51573693333333,22.768512
0.0,1229.7099246646326,1229.7099246646326,True,0.954714792,30.003688533333328,56.585726
474.6428571,470.7549493447235,3.887907755276501,False,0.3559949986666666,24.3803284,32.1630228
418.4625,412.72764613544155,5.734853864558431,False,0.3052764092857143,30.771809071428567,37.85851378571428
161.75,169.26433329738842,7.5143332973884185,False,0.1162776123333333,23.02395633333333,24.594645266666667
1207.8,1165.2708562513653,42.529143748634624,False,0.9068482053333332,29.577811800000003,51.7647218
181.3285714,194.34617179768546,13.01760039768547,False,0.1312115527333333,25.179372266666665,30.78227753333333
765.7571429,744.7978563701412,20.959286529858787,False,0.569132588,26.365627066666665,43.806378
476.1714286,485.04652743630163,8.875098836301618,False,0.3559129373333332,31.9338582,46.44251506666667
108.7142857,120.62357502374019,11.909289323740182,False,0.0771933347333333,22.155832933333333,23.475118133333336
83.425,96.14746102971127,12.722461029711269,False,0.0600698337999999,22.186450266666665,20.73989253333333
874.2,1060.5004406819276,186.3004406819275,True,0.8182360253333333,29.4800944,54.2505046
158.425,162.6602393226042,4.235239322604201,False,0.1108917472,23.4338724,24.7448954
761.6625,716.1106699116287,45.551830088371275,False,0.5423748746666666,29.3643758,48.12385466666667
152.4714286,172.5523909917142,20.080962391714195,False,0.1159292518,26.462915066666664,28.923132466666665
941.8857143,945.2414034453167,3.35568914531666,False,0.7235532206666667,28.367100066666666,53.9367392
725.0571429,704.2742854070173,20.78285749298277,False,0.5263585046666664,30.6310384,54.56202766666667
670.475,567.4355922991169,103.03940770088309,False,0.4304919446666666,26.519590333333333,37.54320873333334
752.9714286,685.3886856854901,67.58274291450982,False,0.5243561353333333,28.41093753333333,41.019122266666656
1122.0625,1106.1374717816857,15.92502821831431,False,0.8551090753333334,31.06742553333333,55.4462772
1203.2625,1150.5328061800274,52.72969381997268,False,0.8879575373333333,30.804624466666667,58.6477848
201.9714286,222.49397072973264,20.522542129732642,False,0.1611515566666666,22.77360833333333,23.338553800000003
254.65,254.28771280227866,0.36228719772134355,False,0.1810615513333333,26.854547133333337,30.850948
229.45,276.5968965938274,47.14689659382742,False,0.2036339493333333,24.0009094,25.62175893333333
92.34285714,107.74054797069468,15.397690830694671,False,0.067908889,21.957159333333333,22.195896266666672
1036.014286,1129.1193491575882,93.10506315758812,False,0.870920262,31.451491266666668,58.442191666666666
830.95,887.1550815874214,56.20508158742132,False,0.683142175,28.374143285714283,47.20608521428572
734.1285714,712.7135510600384,21.415020339961643,False,0.5421384957142857,33.69572221428571,47.618194642857134
805.6142857,841.2023235233854,35.588037823385434,False,0.6465474886666664,27.322759933333337,45.7407144
641.8857143,578.6974628890969,63.18825141090315,False,0.4386813753333332,27.21775093333333,38.819875
1132.0875,1053.101954000609,78.98554599939098,False,0.8167528573333332,28.6059632,49.59524293333333
798.4285714,724.547828266431,73.88074313356901,False,0.553059376,28.860333333333333,44.390484533333336
100.075,110.81529928430666,10.740299284306658,False,0.0697883706,22.4054382,22.988533466666667
1231.5,709.5819199941512,521.9180800058488,True,0.5426874133333333,27.585662733333333,42.06701466666666
986.2428571,908.3864480481683,77.85640905183175,False,0.7001748986666666,29.028007,47.83913766666667
968.2125,926.4333439227382,41.779156077261746,False,0.7143712646666666,27.96947633333333,47.941911000000005
697.75,697.1452062833101,0.6047937166898691,False,0.5357404813333333,26.6822978,38.64299933333333
180.025,179.2107485023423,0.8142514976576933,False,0.1193123422666666,27.8887166,31.477473866666667
1106.585714,1159.3762803759287,52.79056637592862,False,0.9000696606666667,29.735261933333334,53.64847206666667
139.5714286,138.83738569954625,0.7340429004537441,False,0.0897481783333333,23.337219066666663,26.20634773333333
779.4375,717.3058154944429,62.13168450555713,False,0.5470587466666667,28.524460866666665,44.30379226666666
366.1142857,330.4732176593908,35.641068040609184,False,0.2447378533333333,23.763501066666667,28.384606933333338
506.65,480.587947428625,26.062052571374977,False,0.3585119633333332,28.175795466666663,38.97982593333333
512.2428571,595.8257037488819,83.58284664888185,False,0.444713674,31.511543666666668,48.153831
920.7,956.1895403547546,35.48954035475458,False,0.73832813,29.644663666666663,49.07784
398.6875,376.8232732807104,21.864226719289604,False,0.273557416,31.600370266666665,40.34497666666666
222.275,225.7585622935007,3.4835622935006825,False,0.1567773945333333,28.263501133333328,32.293276
730.8625,539.8738582965104,190.98864170348952,True,0.4031702393333333,26.958341533333336,42.141090666666656
724.5,803.8290535262431,79.32905352624311,False,0.6172084186666666,26.939325000000004,44.3578572
622.275,694.7114185319048,72.43641853190479,False,0.5261106153333333,27.51964326666667,46.130108666666665
488.8375,471.8410812575361,16.996418742463902,False,0.3538028446666666,29.1737934,37.11314493333333
135.16,139.6306830169239,4.470683016923914,False,0.0901317685454545,24.278403545454545,26.86244345454546
1013.325,899.8734686639033,113.45153133609676,False,0.6880905792857142,30.900615071428568,53.412794
80.54285714,116.59606614554883,36.05320900554884,False,0.0711483807333333,27.9018616,28.519918
535.1714286,506.03769580434084,29.13373279565917,False,0.383318604,28.0150064,35.23329273333334
828.6142857,742.1555967030546,86.4586889969454,False,0.5761803393333333,25.37993566666667,34.78068233333334
606.3142857,543.4252192639465,62.889066436053554,False,0.4040820713333333,32.41062673333334,46.36569013333333
1009.1375,912.161506180502,96.97599381949806,False,0.6977725753333333,34.48483913333333,55.32990506666666
1006.114286,944.5155821618841,61.59870383811585,False,0.7324080378571429,29.03071592857143,45.404338142857135
712.6857143,623.4817682065299,89.20394609347011,False,0.4696780846666667,30.64887906666667,45.644804066666666
66.45714286,86.49242802156651,20.035285161566506,False,0.0467072187333333,27.548073266666663,28.141593400000005
651.0625,631.3581524456686,19.704347554331434,False,0.4715989833333333,31.29462073333333,50.15845953333333
1032.285714,1057.2798004232845,24.994086423284443,False,0.8155462639999999,28.9688944,54.075234266666655
477.5428571,453.72129341243925,23.82156368756074,False,0.3312335933333333,32.9282166,45.9347556
36.32857143,60.572602848481814,24.244031418481818,False,0.0263529064666666,27.9674928,27.48501573333333
761.4375,725.6192485837859,35.81825141621414,False,0.5448555493333334,31.578393466666665,54.042319733333336
44.4875,71.51027426472837,27.02277426472837,False,0.0355560784666666,27.304530933333336,26.9788308
1169.2375,1135.3079945929003,33.92950540709967,False,0.8852643266666665,27.964561,48.2827824
219.2285714,230.80034833025948,11.571776930259489,False,0.1614167364285714,27.426601,31.4595755
815.6,758.9682586764923,56.631741323507754,False,0.581595316,30.592580066666667,44.846677466666655
616.1,562.2991263913591,53.80087360864093,False,0.4207671039999999,27.818320733333337,43.250374533333336
270.3714286,256.88451864709566,13.486909952904341,False,0.18606803,22.7113486,26.3737446
336.6125,382.4270089899468,45.81450898994677,False,0.2846431906666666,24.100400866666668,31.043286133333336
0.0,22.93819779836612,22.93819779836612,False,0.000426552467,22.331740266666667,20.44576413333333
343.3714286,364.3746305593248,21.003201959324826,False,0.263809032,29.8172668,39.14588853333333
291.325,292.9730241136485,1.6480241136484892,False,0.2100267246666666,26.4934388,33.26473993333333
844.2857143,779.5665320520454,64.71918224795456,False,0.592244042,28.858711866666663,49.9206544
413.9285714,369.55467772546075,44.37389367453926,False,0.2724546621428571,25.529737071428567,33.1866565
679.6714286,668.8813617512599,10.790066848740139,False,0.5104697813333334,26.212556866666667,40.39654946666667
0.0,26.509294477227865,26.509294477227865,False,6.4555534e-05,27.561787866666663,25.778186133333328
389.9375,434.1390528012191,44.20155280121912,False,0.3245409046666666,23.89814073333333,33.29091186666667
571.325,558.2534999835075,13.071500016492564,False,0.420493884,26.59366866666667,39.879952333333335
261.4875,267.72915206609537,6.241652066095355,False,0.1892608939999999,29.096531133333336,34.4538818
764.4714286,667.3102249882464,97.16120361175354,False,0.50896689,25.49385071428572,40.286078142857136
106.725,140.66772411915647,33.94272411915648,False,0.0881270817333333,31.36695346666667,32.592636866666666
1133.7875,1124.172800804266,9.61469919573392,False,0.8658357226666666,33.4319154,60.258821466666674
35.0375,62.221120410777246,27.183620410777245,False,0.0269941826,30.156077,29.0945292
599.275,594.2759557441489,4.999044255851118,False,0.4502923073333334,28.1680522,40.31551513333334
1039.9,856.0181405973499,183.8818594026502,True,0.6598271179999999,34.147082733333335,47.63582766666666
541.75,590.5858968921717,48.83589689217172,False,0.4474868786666667,25.93090606666667,39.14253953333334
740.4375,724.547828266431,15.889671733569003,False,0.553059376,28.860333333333333,44.390484533333336
439.0875,414.80485204952595,24.28264795047403,False,0.3048436553333333,28.30766193333333,38.786185733333326
656.3428571,563.6685916169557,92.67426548304422,False,0.4274141633333333,27.99871413333333,38.17277626666667
698.2875,637.3092936921729,60.97820630782712,False,0.4865309580000001,26.2963116,38.61497386666667
95.275,107.0095826370699,11.734582637069892,False,0.0639746532,25.8629782,26.99750153333333
422.8875,418.049953766858,4.837546233142007,False,0.3057066466666666,32.32926846666666,42.2032632
106.0285714,131.0246504411605,24.9960790411605,False,0.0826623008571428,25.69048421428572,27.85878635714285
522.3142857,558.76558684171,36.45130114171002,False,0.4213385493333333,25.26646733333333,38.90950326666666
269.9285714,289.54979289694774,19.621221496947726,False,0.2062544126666666,25.02677213333333,33.531537
1057.4375,980.1781804132739,77.25931958672606,False,0.754716712,28.85416453333333,51.79728806666666
795.8571429,918.9051328696462,123.04798996964621,False,0.710976275,27.703896500000003,45.23483278571429
1200.557143,830.6522019783129,369.90494102168714,True,0.6365820806666665,28.252118,47.370047933333325
892.6428571,815.4791969458834,77.16366015411666,False,0.6239884299999999,26.3615418,46.695184266666665
794.8571429,642.68416763794,152.17297526205994,False,0.485598238,32.6603392,46.35074433333333
184.075,203.09412799070898,19.019127990708995,False,0.1419404433333333,24.5373984,27.185652866666665
1096.585714,919.9032985507475,176.68241544925252,False,0.7052639533333332,30.716996333333327,52.6329488
68.07142857,93.54794888797618,25.47652031797618,False,0.0506183510666666,32.222483600000004,31.912021933333328
649.9571429,627.3163041995034,22.6408387004966,False,0.4788621826666666,26.6184204,38.264609666666665
980.2125,1004.0551780123536,23.842678012353645,False,0.7729503573333332,30.39099113333333,53.7158892
894.2,777.3146418946544,116.88535810534563,False,0.6002171826666667,27.568512066666667,40.19833379999999
158.7,160.67996922120867,1.9799692212086768,False,0.1060586724666666,26.71589153333333,29.159596866666664
727.66,916.7476957714447,189.08769577144471,True,0.70056636,28.20780033333333,53.51720186666666
682.2571429,718.2981466807225,36.041003780722576,False,0.5538165126666666,24.78111993333333,37.137320933333335
360.1,386.95122337748694,26.851223377486917,False,0.286518426,27.39092606666667,34.17826959999999
85.64285714,107.74054797069468,22.097690830694674,False,0.067908889,21.957159333333333,22.195896266666672
323.1,306.72008929271885,16.37991070728117,False,0.2255217446666666,23.6073304,28.074818866666668
616.7125,615.4994805711788,1.2130194288212124,False,0.4645947773333333,30.492716666666663,44.21325053333334
1033.585714,936.2936856891769,97.29202831082318,False,0.7204248719999999,27.3343506,49.562795
79.04285714,98.57546637018517,19.532609230185173,False,0.0606357090666666,23.3408814,22.568992
985.8375,950.8533562057211,34.98414379427891,False,0.7350834633333333,33.763185400000005,49.80390433333333
1230.9,1137.218264533381,93.6817354666191,False,0.8833871893333332,29.528405733333337,52.172778066666666
1141.3,1269.5901085395753,128.29010853957539,False,0.9900746606666666,28.609558066666665,53.49905786666666
1080.171429,1007.4401108568669,72.73131814313308,False,0.7781302413333333,28.85288293333333,50.806604
501.3285714,436.75805626787104,64.57051513212895,False,0.319418066,27.9916526,41.8464274
864.4,819.2017400196165,45.198259980383455,False,0.6259291153333334,26.661143,47.86209886666667
69.125,85.72420877205253,16.599208772052535,False,0.050611544,23.312432866666672,22.078063866666664
732.5857143,667.1775535630484,65.40816073695157,False,0.5058525086666666,25.1560954,42.945062333333325
718.4,729.3529805437796,10.952980543779631,False,0.5570171753333333,26.3876404,43.30431733333333
991.7625,999.0521810735343,7.2896810735342115,False,0.7723580713333332,29.23562,49.9406148
0.0,22.922542266383715,22.922542266383715,False,0.0008480133085714,21.663992714285715,19.75165221428572
600.7625,649.3671266658416,48.60462666584158,False,0.4921659633333334,27.60525313333333,43.148862666666666
155.1375,162.6602393226042,7.522739322604224,False,0.1108917472,23.4338724,24.7448954
8.9875,31.907366708824107,22.919866708824106,False,0.0079012560333333,21.586885533333334,20.010978066666667
1046.125,1094.2647955787374,48.13979557873745,False,0.8457802326666666,29.5964662,54.43137613333333
535.05,513.315693947487,21.73430605251292,False,0.3860812566666666,26.405902066666663,37.5282734
17.95,43.06988118191607,25.119881181916067,False,0.0139073641466666,24.9734254,24.41195066666667
817.1875,865.4105895145607,48.223089514560684,False,0.6613621766666666,29.223415066666668,51.2609924
83.82857143,109.71875875579919,25.89018732579919,False,0.0632720198666666,30.095953266666665,31.55705773333333
801.2,725.6192485837859,75.58075141621418,False,0.5448555493333334,31.578393466666665,54.042319733333336
793.5142857,777.3146418946544,16.199643805345545,False,0.6002171826666667,27.568512066666667,40.19833379999999
2.5,32.39270785329961,29.892707853299612,False,0.0040517676866666,26.050742666666668,25.9055684
904.325,830.0946541839619,74.23034581603815,False,0.6382544986666667,27.6148946,45.10698460000001
463.4857143,555.6242621014673,92.13854780146727,False,0.4111925310666667,30.10173753333333,48.06596086666667
60.225,82.46856945868225,22.243569458682252,False,0.042321342,29.846213866666663,30.149639866666664
212.325,218.55756752128605,6.232567521286057,False,0.1550759426666666,22.947841333333333,26.071952400000004
39.28571429,57.85917754349532,18.57346325349532,False,0.0291135531333333,23.35637213333333,20.837968
179.0142857,182.46118395791385,3.4468982579138583,False,0.1235932831333333,25.98669446666667,29.146844466666664
141.7142857,152.37981524338412,10.66552954338411,False,0.1027040146666666,22.312394333333334,24.034580466666668
0.0,27.299854618825748,27.299854618825748,False,0.0008371204092466,26.141086733333328,25.04768066666667
0.0,22.633458699109426,22.633458699109426,False,0.0001221914806666,20.751308333333327,19.813110266666666
1132.142857,1112.241254344347,19.90160265565305,False,0.864056662,28.03033873333333,50.452891
1180.914286,1139.9428139296538,40.97147207034618,False,0.875959719333333,30.0820658,61.4289776
0.0,23.02404254275338,23.02404254275338,False,0.000166865986,21.9093404,20.571130533333328
1240.5,1250.1112881447111,9.611288144711125,False,0.970586436,32.02379753333333,58.25814226666666
945.2625,909.4973510519217,35.76514894807838,False,0.6983646913333333,30.49638266666667,51.013694
413.175,470.7549493447235,57.5799493447235,False,0.3559949986666666,24.3803284,32.1630228
182.8571429,206.59261866494788,23.735475764947864,False,0.14642804,22.7378764,24.8963014
319.4,326.7485998654952,7.348599865495203,False,0.2348828546666666,32.671417266666666,38.58448679999999
0.0,26.266096991316726,26.266096991316726,False,0.000455513202,24.892543142857136,24.072802000000003
127.175,129.17719863236692,2.0021986323669267,False,0.084014334,22.160595666666666,23.656638733333327
1106.414286,1179.4058365201859,72.99155052018591,False,0.91048926,28.22232285714286,58.59664692857143
62.3,81.62408803110495,19.32408803110495,False,0.04432217,25.856518466666664,25.91061213333333
7.614285714,33.40818067567246,25.79389496167246,False,0.0070068898142857,23.8402385,22.968658428571427
763.4428571,768.3163452403659,4.873488140365907,False,0.5835384213333334,27.853426133333333,49.001849333333325
489.575,523.0650406986846,33.490040698684595,False,0.3957623673333333,25.354199066666663,35.498592200000004
268.7571429,262.810766824536,5.946376075464002,False,0.188819984,22.34573353333333,28.182126799999995
463.7,459.8200744290949,3.8799255709050726,False,0.3454415426666666,24.829638666666668,33.83913526666666
488.1571429,454.1394266041961,34.01771629580389,False,0.3363512746666666,28.019702266666663,39.3556314
475.125,435.2130256854214,39.91197431457857,False,0.319140978,32.39553246666666,42.82737193333334
0.0,24.747542967725646,24.747542967725646,False,6.189576866666667e-05,25.57590346666667,23.5736836
192.7625,186.43105016057905,6.331449839420941,False,0.1301255426666666,21.43288993333333,24.118766333333333
68.5375,84.18007736486915,15.642577364869155,False,0.0458670224666666,25.6956218,26.355127000000003
1029.771429,987.4484423046971,42.3229866953028,False,0.7655651646666665,26.828759866666665,46.3600118
36.64285714,53.24508255521544,16.602225415215443,False,0.0266036344666666,21.227468,18.72892853333333
0.0,23.699997084457443,23.699997084457443,False,0.000333454882,22.5879394,21.22639153333333
380.3,411.1645852895524,30.864585289552394,False,0.3035469626666667,32.72574673333334,39.121545600000005
381.0625,366.73965568060345,14.322844319396552,False,0.2645778099999999,26.346307466666666,38.737007666666656
827.0,732.5844467806425,94.41555321935755,False,0.5611673299999999,26.907450200000007,42.12864373333333
912.8142857,899.0511028689879,13.76318283101216,False,0.690779268,28.570597266666667,49.2665142
609.1375,673.8495579740263,64.71205797402627,False,0.5110362213333333,27.89099326666667,44.39553446666666
40.32857143,63.652557090138465,23.32398566013847,False,0.0331196089333333,21.563067533333328,20.756795266666668
621.3857143,587.3594950817944,34.0262192182056,False,0.437669044,31.3439494,48.177488333333336
378.4125,332.1588120845804,46.25368791541962,False,0.2430901692857142,24.30036257142857,31.44437728571429
706.5,668.7532483168576,37.746751683142406,False,0.5043223273333332,28.129876866666663,46.86501033333333
257.0428571,278.8485983128949,21.80574121289493,False,0.2021267246666666,23.6712912,28.608892933333333
74.3375,91.47221158075408,17.13471158075407,False,0.0500169534,29.53365073333333,29.722025533333333
639.3875,567.4355922991169,71.95190770088311,False,0.4304919446666666,26.519590333333333,37.54320873333334
1104.1375,1079.0870507603381,25.05044923966193,False,0.8341566393333333,29.217750933333328,53.50141380000001
826.0571429,961.128784066495,135.07164116649494,False,0.7403816392857143,28.62208571428572,50.49866800000001
388.0714286,388.12644662994103,0.05501802994103855,False,0.2853623193333333,26.809796066666664,35.90520226666667
197.1571429,215.7484400724495,18.591297172449515,False,0.1542123409333333,24.711029066666665,25.490907733333334
1004.0125,1110.0970456099362,106.08454560993619,False,0.8597301164285714,27.848698214285715,52.77142364285714
1043.028571,1178.6761320658734,135.64756106587333,False,0.906359092,31.226418066666668,63.19209206666668
35.7,60.572602848481814,24.87260284848181,False,0.0263529064666666,27.9674928,27.48501573333333
0.0,23.947787633924236,23.947787633924236,False,2.0070272266666667e-05,23.2409404,21.9908934
559.0875,588.0593534454969,28.97185344549689,False,0.4473209473333333,25.21634506666667,37.05501713333334
1111.971429,1266.7592542515645,154.78782525156453,False,0.9841090573333332,29.5801188,57.320168
0.0,23.520176530356416,23.520176530356416,False,0.0010542331467857,21.226811071428568,19.82743392857144
1324.7375,1303.3554543074956,21.382045692504335,False,1.0166871813333331,29.6048524,54.930332333333325
939.3142857,907.3216236147528,31.992662085247275,False,0.7001427807142858,27.843497142857142,46.54200971428571
1004.071429,921.0614307964461,83.00999820355389,False,0.715572958,25.542982933333327,41.660313
89.05,96.14746102971127,7.097461029711269,False,0.0600698337999999,22.186450266666665,20.73989253333333
836.9714286,881.7045216698526,44.73309306985266,False,0.6841655264285715,26.816632928571423,41.40657221428572
760.8142857,697.0095423535328,63.80474334646726,False,0.5306936493333334,29.60315553333333,44.5125144
1019.075,1232.153234338943,213.07823433894305,True,0.9516839406666668,28.785264266666665,60.75704953333334
849.2571429,782.8127321791804,66.44441072081952,False,0.6008947264285714,30.38283207142857,44.99036521428571
90.74285714,110.9103380159228,20.167480875922806,False,0.0651276525,28.608535642857145,30.09376085714285
619.1375,626.6473839097209,7.509883909720884,False,0.4780336921428571,25.18008221428571,37.9038915
918.3571429,937.5544708072392,19.19732790723924,False,0.7201458673333331,27.95082393333333,51.054569666666666
691.1571429,555.6242621014673,135.5328807985328,False,0.4111925310666667,30.10173753333333,48.06596086666667
706.7142857,673.8495579740263,32.864727725973694,False,0.5110362213333333,27.89099326666667,44.39553446666666
599.7714286,506.03769580434084,93.7337327956592,False,0.383318604,28.0150064,35.23329273333334
37.6875,63.38987971901672,25.70237971901672,False,0.0297671323333333,25.3053914,25.30308846666667
572.15,595.1587464323408,23.008746432340786,False,0.4513733507142856,26.096950071428576,39.086399571428565
12.33333333,40.87606157269225,28.54272824269225,False,0.0104024432133333,27.792637066666668,27.22354733333333
684.4714286,595.6295100109593,88.84191858904069,False,0.454945416,24.945296133333336,35.61483133333333
54.4,82.72475979180118,28.324759791801178,False,0.0453966223333333,25.066615933333328,25.4084758
507.0428571,503.94254889772947,3.1003082022705257,False,0.3831310706666666,24.36161093333333,32.225032666666664
495.025,434.54328070263506,60.48171929736492,False,0.3180874907142857,32.0070125,43.13004007142857
202.7142857,206.59261866494788,3.878332964947873,False,0.14642804,22.7378764,24.8963014
586.05,756.5810064458254,170.53100644582548,False,0.5804646173333333,28.242586266666667,43.05883393333334
166.7285714,167.99467750107706,1.266106101077071,False,0.1121953106,25.845591266666663,28.6533284
532.95,523.0650406986846,9.884959301315462,False,0.3957623673333333,25.354199066666663,35.498592200000004
267.5875,252.17469413826373,15.412805861736246,False,0.1821268135714285,23.507492071428576,26.79229507142857
618.9714286,561.1582360347498,57.81319256525012,False,0.4202787366666667,26.58655813333333,42.300410866666674
1318.575,1346.6071643058258,28.032164305825745,False,1.0468158086666666,28.699442466666667,59.51716313333333
427.6857143,389.8430015336602,37.84271276633979,False,0.28833439,26.587683066666667,34.3489056
541.55,581.7373212020349,40.18732120203492,False,0.4384577806666666,28.6523418,41.97513206666667
854.275,837.8570024441432,16.4179975558568,False,0.631655037142857,31.4721985,58.874195642857146
220.9714286,215.66081749147608,5.310611108523915,False,0.1492800746666666,26.624064000000004,30.85439253333333
883.975,830.3023345871837,53.672665412816286,False,0.6361480606666667,28.02329086666667,47.408421
126.9875,146.01704284511948,19.02954284511948,False,0.0927983004,29.4934264,31.516186533333336
0.0,22.93819779836612,22.93819779836612,False,0.000426552467,22.331740266666667,20.44576413333333
468.275,420.77909258553035,47.49590741446963,False,0.3118431713333333,27.934391200000004,36.66382873333334
640.6375,642.5114489411035,1.8739489411034356,False,0.484228046,32.45574533333333,47.4088624
85.6625,104.97621321677107,19.313713216771077,False,0.0617229363333333,26.728900000000003,27.917517000000004
668.075,665.1385843313705,2.936415668629593,False,0.5023924839999999,31.3661072,47.2997298
932.8625,933.6817344473261,0.8192344473261528,False,0.7174661713333332,32.52562053333333,52.57054206666666
683.9,825.254729500248,141.35472950024803,False,0.6368961286666666,28.9149232,43.233393066666665
337.9285714,302.652491039303,35.276080360696994,False,0.219947506,24.069722533333334,30.364528333333336
799.375,814.9510052075952,15.576005207595244,False,0.6295824313333332,24.937853933333333,40.45452453333333
775.2,706.7874299936004,68.41257000639962,False,0.5377807876923076,32.96533184615384,46.83451484615385
204.4875,184.9430800391801,19.54441996081991,False,0.1306238946666666,23.6877706,23.490259000000005
492.8142857,467.93473140312483,24.8795542968752,False,0.344136892,27.717987066666662,42.515350533333326
45.21428571,71.51027426472837,26.295988554728368,False,0.0355560784666666,27.304530933333336,26.9788308
91.9,108.16142241456038,16.26142241456037,False,0.0652585639285714,24.17417021428572,25.95027171428572
1146.4625,1142.3213761281227,4.141123871877426,False,0.8870374373333332,28.487312733333336,52.2207926
557.8571429,562.1243368356742,4.267193935674186,False,0.4160351014285714,32.622796071428574,49.610767714285714
656.7714286,619.892871831897,36.87855676810307,False,0.47398864,25.693823266666666,36.7325926
865.0428571,835.5761921718048,29.4666649281952,False,0.636164586,31.31397713333333,52.8518024
360.775,374.4177157195733,13.642715719573346,False,0.2764912,27.16989953333333,33.85005699999999
352.6,332.1347332416849,20.465266758315124,False,0.2436291773333333,23.165612733333333,30.43214306666667
1023.528571,973.1909881862638,50.337582813736276,False,0.7482029,28.900441466666667,52.5498042
43.01428571,74.50508695409577,31.49080124409577,False,0.0359229087333333,31.005800533333336,30.528898000000005
466.425,483.1492569359885,16.72425693598848,False,0.3569624046666666,28.940915933333333,42.71684573333333
123.175,139.88741930623712,16.712419306237123,False,0.0869776312666666,29.13962606666667,32.1050026
294.2714286,263.54590374972327,30.725524850276713,False,0.1892255126666666,23.1288086,28.704862466666665
997.9857143,899.8734686639033,98.11224563609676,False,0.6880905792857142,30.900615071428568,53.412794
557.025,430.7027657388421,126.32223426115786,False,0.3283600913333332,23.833673,27.06917933333333
675.3625,665.828328079145,9.534171920854988,False,0.5028826646666666,28.30027873333333,46.0441244
479.5285714,529.0938971534787,49.5653257534787,False,0.3971458206666666,29.8809834,40.778582533333335
561.5875,514.0331492724897,47.55435072751027,False,0.384930638,27.667081733333337,39.6965698
572.15,582.1728761413257,10.022876141325696,False,0.4445730093333333,24.931500133333333,34.9920044
691.1714286,695.5340132063304,4.362584606330415,False,0.5274703919999999,30.22064013333333,46.65866706666667
85.95714286,107.69999621486244,21.742853354862433,False,0.0679046076,22.94856573333333,22.59763193333333
221.1142857,234.25043995720608,13.136154257206073,False,0.1674217992857143,23.115711714285712,26.6308375
850.3142857,763.5953027458753,86.71898295412473,False,0.5869389626666666,26.949993866666667,41.82487593333333
490.9285714,431.49304747142315,59.435523928576856,False,0.325346652,25.97744133333333,31.4134398
1246.542857,1236.7667126311435,9.776144368856421,False,0.9566406293333332,33.185274066666665,61.56432686666666
1095.442857,1241.0565335371361,145.61367653713614,False,0.954939324,31.12965493333333,65.54571366666664
830.6375,800.3461172543045,30.2913827456955,False,0.6145960239999999,28.671067200000003,44.87971400000001
250.6375,283.91314740569715,33.27564740569716,False,0.199998688,32.515638933333335,38.29546746666666
175.6428571,167.4576443309663,8.185212769033683,False,0.112813087,23.8746256,26.81340946666667
188.4285714,197.96865819752824,9.540086797528232,False,0.1357463066666666,26.6788758,29.970585
536.3625,508.152825440858,28.209674559141945,False,0.3798659046666666,29.76168613333333,40.82955953333333
377.55,378.5441433109006,0.994143310900597,False,0.2771371,27.911383066666662,36.725531333333336
729.8285714,673.8495579740263,55.979013425973676,False,0.5110362213333333,27.89099326666667,44.39553446666666
1175.46,1164.7164189851655,10.74358101483449,False,0.9024616809090908,31.52517981818181,56.276514181818186
1301.3125,1298.4237366215361,2.8887633784638638,False,1.008637932,32.030253133333325,59.7176536
690.925,752.2841670674204,61.35916706742046,False,0.5722834766666666,28.768912733333337,47.633738
118.4,140.83082620524783,22.430826205247826,False,0.08716189,33.03212220000001,34.3384004
824.4,969.3118059064409,144.91180590644092,False,0.7466439013333332,30.864174466666668,51.88567106666667
520.3714286,492.1246258892923,28.24680271070764,False,0.3711218493333333,24.408231533333336,34.40989966666667
667.3142857,704.2742854070173,36.95999970701723,False,0.5263585046666664,30.6310384,54.56202766666667
21.55,50.54034262090947,28.99034262090947,False,0.0182621793333333,26.3341512,26.6526916
0.0,27.6018086516081,27.6018086516081,False,9.44485646e-05,28.136104133333337,26.83467813333333
36.41428571,53.24508255521544,16.83079684521544,False,0.0266036344666666,21.227468,18.72892853333333
62.2875,78.21752154342194,15.930021543421937,False,0.0415707431333333,24.6149332,25.334737333333333
368.0,361.9259642472313,6.07403575276868,False,0.2639367406666666,29.373718266666668,36.96112066666667
1212.528571,1166.601580875792,45.92699012420803,False,0.907252704,28.7513204,52.048053133333326
449.8142857,459.02362550006274,9.209339800062708,False,0.341884376,28.7667054,38.25223593333334
597.675,629.1271626943046,31.45216269430466,False,0.4785613493333333,25.00489506666667,39.233233733333336
72.9875,91.47221158075408,18.48471158075408,False,0.0500169534,29.53365073333333,29.722025533333333
975.575,963.0677137302273,12.507286269772749,False,0.7446046793333331,29.653950933333327,48.487363866666655
1089.75,1098.0745443867513,8.324544386751313,False,0.8485740693333333,27.075844133333334,53.64908433333333
764.8625,702.9312133145686,61.93128668543136,False,0.5372297933333333,27.251393533333328,41.926712666666674
51.95714286,68.95327176097453,16.996128900974533,False,0.0381347714,21.863590533333333,20.2624066
1156.25,919.9032985507475,236.34670144925246,True,0.7052639533333332,30.716996333333327,52.6329488
898.4428571,884.1414766019523,14.301380498047706,False,0.6831317153333333,29.025638800000003,45.191560933333335
15.175,37.10828139165555,21.93328139165555,False,0.0115848330599999,21.87074993333333,20.6757548
596.7428571,629.1271626943046,32.38430559430458,False,0.4785613493333333,25.00489506666667,39.233233733333336
2.2,28.970493514787197,26.770493514787198,False,0.0029981865438,25.1545614,23.882541866666667
1253.485714,1266.7592542515645,13.273540251564555,False,0.9841090573333332,29.5801188,57.320168
832.0125,899.894185103564,67.881685103564,False,0.6880469099999998,29.854372133333328,53.01691526666667
804.3857143,812.4998201361146,8.114105836114618,False,0.62278731,29.8473918,47.0438902
842.6571429,742.1555967030546,100.50154619694547,False,0.5761803393333333,25.37993566666667,34.78068233333334
726.125,700.5336559261103,25.591344073889672,False,0.5342717266666666,30.2250672,44.1388428
115.2285714,131.601337140964,16.372765740964,False,0.0829558039333333,23.232289466666664,26.9630168
363.5375,298.48167672108815,65.05582327891187,False,0.2201477426666666,24.78254793333333,27.2943788
994.0142857,923.3422328808875,70.67205281911242,False,0.7134718886666666,27.891768466666665,46.3823122
455.9875,450.6322002354105,5.3552997645895175,False,0.3353831253333333,28.066652533333336,37.5957134
872.9142857,779.6163302527949,93.29795544720514,False,0.5959771373333332,31.98976833333333,47.82889013333333
126.2875,146.01704284511948,19.729542845119482,False,0.0927983004,29.4934264,31.516186533333336
277.1,271.7068951491045,5.393104850895497,False,0.191869824,31.9597596,36.301157466666666
0.0,24.71804872909852,24.71804872909852,False,5.161001586666666e-05,25.032338466666666,23.32562873333333
1123.5875,1201.2187869195159,77.63128691951579,False,0.931341062,29.4410646,56.354778933333336
1214.128571,1390.952188617066,176.82361761706602,False,1.0894755359999997,29.817582266666665,54.12078233333333
300.1714286,322.9516597164485,22.780231116448476,False,0.2420570666666666,23.262593733333336,24.914294266666666
129.6375,135.94648743394785,6.308987433947863,False,0.0866831524666666,26.14214893333333,28.067810066666667
7.542857143,40.435295953147,32.892438810147,False,0.00914994484,29.243110933333337,28.6825074
268.825,249.2749838257635,19.550016174236475,False,0.1760581826666666,26.31139526666667,31.449766266666668
47.77142857,65.92056779854704,18.149139228547043,False,0.0358883196666666,21.44021593333333,19.8552002
1121.885714,1007.4401108568669,114.4456031431331,False,0.7781302413333333,28.85288293333333,50.806604
1217.971429,1348.164900018091,130.19347101809103,False,1.0477749826666665,30.58406566666667,60.62906306666667
370.8714286,412.72764613544155,41.856217535441544,False,0.3052764092857143,30.771809071428567,37.85851378571428
727.1,700.6623384670874,26.43766153291267,False,0.5342788213333333,26.066546666666667,42.4321838
1275.4,1246.4803164998516,28.919683500148494,False,0.97148052,27.86127913333333,52.84501126666667
249.6375,237.47565869909045,12.161841300909543,False,0.1693729433333333,22.6054098,27.0571594
440.9857143,419.38246988902335,21.60324441097663,False,0.3114204379999999,25.202730200000005,34.808233666666666
150.2,172.5523909917142,22.352390991714202,False,0.1159292518,26.462915066666664,28.923132466666665
359.9875,352.7586308391454,7.228869160854629,False,0.257869254,29.363769533333336,35.604502399999994
415.4875,470.7549493447235,55.2674493447235,False,0.3559949986666666,24.3803284,32.1630228
853.0375,800.6102349195353,52.427265080464736,False,0.611992378,29.157197866666667,47.72198893333333
598.7625,572.6098998807355,26.152600119264548,False,0.42740474,29.107385266666668,45.503061933333335
1026.4,827.5045265402022,198.89547345979793,True,0.63854485,27.87740473333333,42.96753940000001
238.8571429,237.16798209349363,1.6891608065063792,False,0.1720124636666667,24.034554,24.97640393333333
796.1857143,809.8325677523693,13.646853452369328,False,0.6188715400000001,26.1870668,47.0743288
1120.3,1248.147424795001,127.84742479500096,False,0.965868116,31.295017400000003,60.84368073333333
590.525,520.0248940912186,70.50010590878139,False,0.3901906573333333,28.54629326666667,39.752722466666654
58.34285714,75.59257936344218,17.249722223442184,False,0.0422210322666666,21.970450733333333,21.57549253333333
971.5,918.9051328696462,52.594867130353805,False,0.710976275,27.703896500000003,45.23483278571429
32.78571429,55.01520059169741,22.229486301697406,False,0.0257571987857142,21.31159314285714,20.909787928571426
6.375,32.716254103760384,26.341254103760384,False,0.0059234326933333,25.811604733333333,24.302943866666663
651.65,803.8290535262431,152.17905352624314,False,0.6172084186666666,26.939325000000004,44.3578572
989.1714286,887.5962480424546,101.57518055754542,False,0.6853178500000001,28.499033466666667,45.56717713333333
1062.157143,1129.1193491575882,66.9622061575883,False,0.870920262,31.451491266666668,58.442191666666666
1159.65,1178.6761320658734,19.0261320658733,False,0.906359092,31.226418066666668,63.19209206666668
234.6,225.88999692170142,8.71000307829857,False,0.1599368057142857,23.54752671428572,27.40564621428572
815.9,732.9241141550135,82.97588584498646,False,0.5638615457142857,27.46658328571429,40.11592957142858
644.3,580.702332168929,63.59766783107091,False,0.4422391126666667,24.682629266666662,35.93726406666667
162.7571429,172.10325983716112,9.346116937161128,False,0.1196465384666666,22.075207466666665,23.212565
968.6857143,1038.2763054536272,69.5905911536272,False,0.8011747426666667,28.8662964,52.901754
54.8,75.31303655272113,20.513036552721132,False,0.0386987639333333,25.403283666666667,26.133491933333328
1184.071429,1043.6595178248272,140.41191117517292,False,0.8011804564285713,32.15694978571428,58.43889107142857
977.3571429,1021.7627713288016,44.405628428801606,False,0.7815910821428571,33.13893985714286,60.39023078571429
1115.528571,1122.0723999354118,6.543828935411739,False,0.869060306,30.189037933333328,54.239634266666656
1120.6125,1063.5701083314916,57.042391668508344,False,0.818109888,32.80097026666667,58.15341173333333
174.3,169.26433329738842,5.035666702611593,False,0.1162776123333333,23.02395633333333,24.594645266666667
0.0,26.445291151240855,26.445291151240855,False,0.0028424610064285,21.69549992857143,20.599559285714285
674.025,670.7317887844216,3.293211215578367,False,0.5104950893333333,27.5968486,42.3875894
613.7857143,545.7112388068774,68.07447549312258,False,0.4094128093333333,28.5019692,41.4494812
546.6571429,529.0938971534787,17.563245746521375,False,0.3971458206666666,29.8809834,40.778582533333335
1047.225,1067.2657443685325,20.040744368532614,False,0.828218792857143,29.31660471428572,50.0400065
1112.857143,1080.636248185173,32.220894814827034,False,0.8323255766666667,33.551989866666666,58.270271933333326
1263.357143,1246.5896123210987,16.767530678901267,False,0.9669222093333332,31.34249066666667,58.68839280000001
555.825,582.1728761413257,26.347876141325628,False,0.4445730093333333,24.931500133333333,34.9920044
1030.614286,1028.7319753491392,1.8823106508607452,False,0.7916552700000001,31.304307266666665,55.53702406666668
61.28571429,85.72420877205253,24.438494482052533,False,0.050611544,23.312432866666672,22.078063866666664
215.0,218.8520857844148,3.852085784414811,False,0.150128168,31.88745533333333,34.781236066666665
113.6625,127.79533134668037,14.132831346680376,False,0.084808915,23.171523066666666,22.294864933333333
9.528571429,34.50243052039798,24.97385909139798,False,0.0092814357466666,21.98220433333333,20.879634666666668
311.075,296.2038352206924,14.871164779307605,False,0.21379486,25.7980978,31.919557666666662
252.9428571,252.17469413826373,0.768162961736266,False,0.1821268135714285,23.507492071428576,26.79229507142857
569.325,568.7883670989489,0.5366329010511208,False,0.4308539586666666,24.94327793333333,37.55877506666666
851.5428571,800.0066637329871,51.53619336701286,False,0.6137954226666666,26.8544944,44.581498066666654
1067.185714,1044.117817976608,23.067896023391995,False,0.8096695786666664,28.2830628,49.19147753333333
147.2,160.67996922120867,13.479969221208677,False,0.1060586724666666,26.71589153333333,29.159596866666664
66.9,84.18007736486915,17.280077364869143,False,0.0458670224666666,25.6956218,26.355127000000003
981.4,880.0845068198901,101.31549318010991,False,0.6696705126666667,33.10833713333334,56.4158632
1192.885714,1237.3585425224765,44.47282852247645,False,0.9597508193333332,30.556133933333328,57.9774638
651.7714286,609.1608508532049,42.610577746795116,False,0.463052552,28.2268556,39.822216533333325
997.2285714,965.7601748695713,31.468396530428663,False,0.7478824706666666,28.077185133333334,46.80665106666667
539.7625,595.1587464323408,55.39624643234072,False,0.4513733507142856,26.096950071428576,39.086399571428565
1279.975,1246.5896123210987,33.385387678901225,False,0.9669222093333332,31.34249066666667,58.68839280000001
77.4375,99.66235589520785,22.224855895207853,False,0.0560736594,29.1003866,30.149263466666667
1066.985714,991.8414682120641,75.1442457879358,False,0.7624467326666666,30.91771053333333,54.40039266666666
250.725,321.7889011117289,71.06390111172888,False,0.241690604,22.418231133333336,24.00137146666667
948.0125,870.6907992555706,77.32170074442945,False,0.6753042113333334,25.79386393333333,40.80645753333332
1251.657143,1298.4237366215361,46.76659362153623,False,1.008637932,32.030253133333325,59.7176536
566.6142857,590.5858968921717,23.971611192171736,False,0.4474868786666667,25.93090606666667,39.14253953333334
143.025,156.28995966293417,13.26495966293416,False,0.1016916527999999,26.7447368,29.8884196
942.8857143,909.4973510519217,33.38836324807835,False,0.6983646913333333,30.49638266666667,51.013694
768.8714286,828.6681584323386,59.796729832338656,False,0.632901332,31.86826353333333,50.850927733333336
63.0875,95.04669614779951,31.95919614779951,False,0.0517987240666666,31.476942933333337,31.634830733333327
1245.625,1246.5896123210987,0.9646123210986843,False,0.9669222093333332,31.34249066666667,58.68839280000001
1071.3625,1113.6437581146738,42.28125811467385,False,0.8612832686666666,31.688391,55.696510800000006
334.2,328.76525652717163,5.434743472828359,False,0.2436428057142857,23.38855407142857,27.937476071428577
0.0,23.986726178184075,23.986726178184075,False,8.352672366666667e-05,24.68722533333333,22.586967066666663
757.3571429,712.3222236269156,45.03491927308437,False,0.5432410099999999,30.576977533333327,44.940977
0.0,26.94057648067767,26.94057648067767,False,0.0001930037933333,25.35520226666667,25.034010666666664
1191.55,1293.9182561661041,102.36825616610417,False,1.0037044035714286,30.452372928571428,60.19193785714286
589.95,582.8002857512738,7.149714248726241,False,0.435684946,31.42362873333333,46.57489593333333
1029.3,982.9575684014887,46.34243159851121,False,0.76237895,28.371896071428573,46.56454507142857
0.0,641.4259376708425,641.4259376708425,True,0.4833998399999999,27.964037071428567,45.40855414285714
52.88333333,72.78296876285877,19.899635432858773,False,0.0409023354166666,20.838399333333328,20.166653916666665
0.0,27.299854618825748,27.299854618825748,False,0.0008371204092466,26.141086733333328,25.04768066666667
441.7125,387.45406249612967,54.25843750387031,False,0.286548186,24.4268352,33.25334266666667
1033.8625,944.3109295780491,89.55157042195083,False,0.72428377,28.05637,52.408536733333335
59.18571429,86.49242802156651,27.30671373156651,False,0.0467072187333333,27.548073266666663,28.141593400000005
0.0,29.068682014158306,29.068682014158306,False,0.00431375216,23.281386399999995,21.919765266666666
1341.4375,1430.017433819009,88.57993381900906,False,1.112296618,31.26550906666667,63.34182940000001
315.825,276.83776235408124,38.98723764591875,False,0.197582556,26.772544533333328,32.65239666666667
112.3125,127.79533134668037,15.48283134668037,False,0.084808915,23.171523066666666,22.294864933333333
353.0625,339.80916729312776,13.253332706872243,False,0.2482180333333333,25.16503906666667,32.88677139999999
1028.9,956.1895403547546,72.71045964524546,False,0.73832813,29.644663666666663,49.07784
454.2285714,616.6606758409232,162.43210444092318,False,0.462262998,32.458738266666664,48.128287933333326
990.4571429,918.7148252947459,71.74231760525413,False,0.7052360026666665,30.97860513333333,51.86274186666666
1186.0,1190.7220710365655,4.722071036565467,False,0.9193798739999998,32.848590333333334,60.95937106666666
269.4,273.12068537029677,3.720685370296792,False,0.201037406,23.307012799999995,25.084910200000003
931.8,1039.7826222742128,107.98262227421287,False,0.8049972373333332,30.42245486666667,51.15997893333333
277.425,277.29237506280214,0.13262493719787471,False,0.1951342519999999,30.797410133333333,37.0259216
916.3,859.1262302914417,57.17376970855821,False,0.6610665566666664,27.98884273333333,46.194077866666674
103.9,120.6585571052066,16.75855710520659,False,0.0770268140666666,22.915026866666665,23.98563853333333
328.3875,321.57904010931463,6.808459890685356,False,0.2322751866666666,29.1915486,35.55735073333334
401.5571429,407.0841146858026,5.52697178580263,False,0.299364092,27.479427066666663,37.63392773333333
453.9142857,419.38246988902335,34.53181581097664,False,0.3114204379999999,25.202730200000005,34.808233666666666
1090.225,1150.5328061800274,60.307806180027455,False,0.8879575373333333,30.804624466666667,58.6477848
1319.042857,1320.121148547713,1.078291547712979,False,1.0312303086666668,28.649094666666667,53.773537133333335
821.0285714,769.679352026158,51.34921937384206,False,0.5895070206666666,25.810009866666668,43.5907308
1031.428571,950.2566762907289,81.17189470927099,False,0.7337197726666665,27.583284533333337,47.94728993333333
0.0,24.747542967725646,24.747542967725646,False,6.189576866666667e-05,25.57590346666667,23.5736836
523.0875,543.4876040380591,20.400104038059112,False,0.4059969573333333,29.043869866666665,43.17022886666666
937.4,921.0614307964461,16.338569203553902,False,0.715572958,25.542982933333327,41.660313
515.1,489.51746035390363,25.582539646096393,False,0.3661181566666667,29.803035600000005,39.41787906666666
852.9625,878.308257631468,25.345757631468018,False,0.6735253459999999,31.263549933333337,50.6611794
541.3285714,529.0938971534787,12.234674246521308,False,0.3971458206666666,29.8809834,40.778582533333335
1237.725,1248.0347171774638,10.309717177463881,False,0.964028712,30.414278266666667,62.09320066666666
150.8,156.164488329119,5.364488329118984,False,0.1018763052666666,26.046683800000004,29.318176333333334
627.7125,565.0334264878088,62.67907351219117,False,0.429468928,27.3941652,37.038040933333335
0.0,25.382061430117357,25.382061430117357,False,9.92009574285714e-05,27.112099785714285,24.68879464285714
829.3285714,751.0035257959692,78.32504560403083,False,0.576459514,27.546154666666663,42.22754713333333
622.8714286,560.8595824827355,62.01184611726444,False,0.4246341313333333,25.68465353333333,37.61702466666667
687.275,654.0081551058413,33.26684489415868,False,0.496169466,27.814182533333334,43.054219466666666
1217.675,1279.0859252173532,61.410925217353224,False,0.9900849466666666,32.819391,62.57647933333334
62.98571429,87.46219553618317,24.476481246183177,False,0.0488549196666666,25.890207866666664,26.162266133333336
969.4714286,923.3422328808875,46.12919571911243,False,0.7134718886666666,27.891768466666665,46.3823122
364.5857143,353.89522067638103,10.690493623618977,False,0.2588894479999999,24.185119466666663,33.2824116
63.25714286,81.62408803110495,18.366945171104945,False,0.04432217,25.856518466666664,25.91061213333333
0.0,1229.7099246646326,1229.7099246646326,True,0.954714792,30.003688533333328,56.585726
266.1125,271.120869910689,5.008369910688998,False,0.1932886153333333,26.307415666666667,32.08403093333333
607.6142857,549.2247960035173,58.389489696482656,False,0.4148831933333333,25.215167266666665,37.6112162
30.32857143,56.7580990858253,26.4295276558253,False,0.0236255477666666,26.354187066666668,26.4137554
624.65,565.6387783187791,59.01122168122083,False,0.4294617333333333,27.88819186666667,37.721638866666666
33.8,60.572602848481814,26.772602848481817,False,0.0263529064666666,27.9674928,27.48501573333333
488.1875,482.36743688978896,5.820063110211038,False,0.3581823699999999,34.38115033333334,43.332853333333325
2.742857143,31.388675488302656,28.645818345302658,False,0.0038019427373333,27.8907064,26.16618666666667
115.7428571,162.89584144546126,47.15298434546126,False,0.1089596830666666,25.95564166666666,27.818965666666667
947.6,1012.5786027093861,64.97860270938611,False,0.7867404085714285,27.44654421428572,46.09474850000001
0.0,25.961427187101997,25.961427187101997,False,0.000143387096,25.324770066666662,24.317897533333333
11.64285714,37.57431282222795,25.931455682227952,False,0.0088122812133333,29.54822573333333,26.94033806666667
135.7125,138.83738569954625,3.1248856995462404,False,0.0897481783333333,23.337219066666663,26.20634773333333
143.4714286,158.10632987043365,14.634901270433659,False,0.1091689054285714,22.247434428571427,22.354954428571432
44.12857143,65.79378029165463,21.665208861654627,False,0.0341808814,22.685673066666663,21.89033826666667
750.6285714,680.5129344965993,70.11563690340074,False,0.519743282,24.83987853333333,40.04876733333333
390.325,409.6315107054354,19.306510705435414,False,0.302090306,29.61870526666667,37.96412553333333
890.9125,913.2175743830713,22.305074383071315,False,0.7091465493333333,28.069488466666662,42.7483944
355.6625,336.87817340875995,18.784326591240074,False,0.2438012486666666,26.560512333333328,35.3695456
790.025,866.9477709021285,76.92277090212849,False,0.66640501,29.011586333333334,47.639289111111104
767.3,657.2105959991483,110.08940400085169,False,0.495956084,29.553806533333333,46.45627853333334
145.64,155.91087359956057,10.270873599560588,False,0.1014331655,25.9601472,29.5002533
184.6625,183.42108767847813,1.2414123215218638,False,0.1265910513333333,22.4785766,25.566410266666665
0.0,57.61721322967777,57.61721322967777,False,0.0287589122,22.62713006666667,20.668404133333333
466.3142857,474.0542231716374,7.739937471637347,False,0.3448840357142857,27.98836207142857,46.6177065
416.475,429.0148885605442,12.53988856054417,False,0.325195026,23.921140466666664,28.769305600000003
460.9714286,426.9708024317212,34.000626168278814,False,0.3152401926666667,32.72757773333334,40.30443513333333
645.6571429,572.7266618803933,72.93048101960676,False,0.430022742,28.79405306666667,43.01357606666667
620.1875,590.5858968921717,29.601603107828282,False,0.4474868786666667,25.93090606666667,39.14253953333334
674.9375,632.3997800599676,42.53771994003239,False,0.4806645453333333,27.00929553333333,40.641495866666666
225.9714286,225.32642960508545,0.6449989949145447,False,0.1565710793333333,26.9659322,31.59396966666667
595.5142857,591.2344804582209,4.279805241779059,False,0.445260018,32.27215373333334,44.45963126666666
473.4428571,468.5307671585763,4.912089941423744,False,0.3462306933333333,34.430942666666674,43.9206158
1240.228571,1229.7099246646326,10.51864633536752,False,0.954714792,30.003688533333328,56.585726
1198.875,1248.147424795001,49.272424795000916,False,0.965868116,31.295017400000003,60.84368073333333
1118.45,1017.3657088341758,101.0842911658242,False,0.7835893886666667,32.98554906666667,55.0942282
175.3714286,184.69846921182344,9.327040611823435,False,0.1254085300666666,26.03677973333333,29.186376866666667
8.114285714,30.64795369790475,22.53366798390475,False,0.0083566124785714,21.28513,18.49177971428572
668.8,551.8205468856789,116.97945311432102,False,0.4154654033333333,28.200909666666668,40.34545073333332
371.8625,378.5441433109006,6.681643310900597,False,0.2771371,27.911383066666662,36.725531333333336
772.9714286,697.0095423535328,75.9618862464672,False,0.5306936493333334,29.60315553333333,44.5125144
190.1625,193.6838998527957,3.521399852795696,False,0.1333380648,23.458431066666662,27.546588133333334
412.7285714,403.43632759483904,9.292243805160979,False,0.299662534,23.168194600000003,32.699511466666664
737.8142857,757.690107724903,19.87582202490296,False,0.5752638966666666,29.1554974,49.15606886666666
28.58571429,57.72063307652457,29.134918786524572,False,0.0225449364285714,31.13241364285714,30.225331
488.7142857,494.35388488857285,5.639599188572845,False,0.3727364353333333,26.23174233333333,35.39754653333333
415.125,398.5713228848707,16.55367711512929,False,0.2980529893333333,23.8905234,30.79129613333333
84.48571429,116.59606614554883,32.11035185554883,False,0.0711483807333333,27.9018616,28.519918
1091.8125,887.506321003222,204.30617899677804,True,0.6801742386666666,28.05028693333333,50.1047016
2.15,32.39270785329961,30.242707853299613,False,0.0040517676866666,26.050742666666668,25.9055684
1119.414286,1098.4201613700739,20.99412462992609,False,0.8495404559999999,29.428778066666663,54.02926233333333
312.9,321.57904010931463,8.679040109314656,False,0.2322751866666666,29.1915486,35.55735073333334
483.7428571,523.0650406986846,39.3221835986846,False,0.3957623673333333,25.354199066666663,35.498592200000004
952.1571429,930.4364394256569,21.720703474343168,False,0.7175451686666666,30.02618813333333,48.932501133333325
483.8571429,470.7549493447235,13.102193555276472,False,0.3559949986666666,24.3803284,32.1630228
271.4285714,310.55069301072865,39.12212161072864,False,0.2199188633333333,27.509313866666663,37.922645866666656
624.15,563.813035134221,60.33696486577901,False,0.4262345726666666,25.92304106666667,38.486489133333336
987.4625,921.8486090015556,65.61389099844439,False,0.7195252226666667,26.36005846666667,38.9274884
33.48571429,51.48869025270152,18.00297596270152,False,0.0236337368666666,21.860400400000003,20.4303872
1234.8875,1327.1415348918526,92.2540348918526,False,1.034329982142857,30.28202614285715,56.95899535714286
344.2571429,347.90377250262674,3.6466296026267173,False,0.2492484,27.516727866666667,39.136326
1085.128571,1031.154417706168,53.97415329383193,False,0.7957694813333333,29.678208266666665,52.84774173333333
35.25714286,59.994023140764874,24.736880280764872,False,0.0264554836,25.90362353333333,26.05394893333333
777.7428571,777.3146418946544,0.42821520534562296,False,0.6002171826666667,27.568512066666667,40.19833379999999
415.775,439.8740914584267,24.0990914584267,False,0.323248656,27.64007353333333,40.50380226666666
313.5714286,349.6225855640709,36.05115696407091,False,0.2547879166666667,30.710561,36.66297186666667
638.275,705.1346453323586,66.85964533235858,False,0.5379956300000001,25.8001344,42.2704184
454.2857143,432.68922673651247,21.59648756348753,False,0.32255192,24.568143428571428,34.32752778571429
799.0428571,721.3951814573019,77.64767564269812,False,0.5518808986666666,27.567753066666665,42.5188598
147.15,152.37981524338412,5.22981524338411,False,0.1027040146666666,22.312394333333334,24.034580466666668
500.9857143,466.67802720574724,34.30768709425274,False,0.3506713633333333,25.524094533333333,34.50640073333333
698.0857143,627.3163041995034,70.76941010049654,False,0.4788621826666666,26.6184204,38.264609666666665
1210.5,1248.0347171774638,37.53471717746379,False,0.964028712,30.414278266666667,62.09320066666666
43.38571429,63.76702969438634,20.381315404386335,False,0.0331407035,23.016544857142858,21.453314571428567
520.9,543.4876040380591,22.587604038059112,False,0.4059969573333333,29.043869866666665,43.17022886666666
193.6142857,197.96865819752824,4.354372497528232,False,0.1357463066666666,26.6788758,29.970585
899.3375,947.9044434258809,48.566943425880936,False,0.7252745073333334,29.966066466666664,55.059627
32.825,51.48869025270152,18.663690252701514,False,0.0236337368666666,21.860400400000003,20.4303872
812.65,732.9241141550135,79.72588584498646,False,0.5638615457142857,27.46658328571429,40.11592957142858
793.15,841.2023235233854,48.05232352338544,False,0.6465474886666664,27.322759933333337,45.7407144
213.9571429,225.7585622935007,11.80141939350068,False,0.1567773945333333,28.263501133333328,32.293276
914.6571429,884.1414766019523,30.51566629804779,False,0.6831317153333333,29.025638800000003,45.191560933333335
408.7125,393.700306803184,15.012193196815986,False,0.2833920893333333,29.42465813333333,43.14005753333333
750.2125,702.9312133145686,47.28128668543138,False,0.5372297933333333,27.251393533333328,41.926712666666674
331.4857143,351.4835164149958,19.997802114995807,False,0.2640124178571428,23.434548428571432,26.33118107142857
340.775,347.3659708347748,6.590970834774851,False,0.2576330546666666,24.115726666666664,29.42869673333333
929.9571429,950.1842669787827,20.22712407878271,False,0.7279374373333332,33.00463246666666,55.63306693333334
819.8875,737.3870235402643,82.50047645973575,False,0.56387132,27.864129466666668,43.693817200000005
319.3375,321.57904010931463,2.2415401093146556,False,0.2322751866666666,29.1915486,35.55735073333334
582.475,439.8740914584267,142.60090854157335,False,0.323248656,27.64007353333333,40.50380226666666
1137.65,1161.4438070269712,23.79380702697108,False,0.9066149006666668,27.04890353333333,47.9602314
355.425,352.7586308391454,2.6663691608546287,False,0.257869254,29.363769533333336,35.604502399999994
94.91428571,104.76842683578431,9.85414112578431,False,0.0663231575714285,21.0031935,20.9889395
406.8875,399.67370709034907,7.21379290965092,False,0.298065064,23.90954793333333,31.63181366666667
152.1875,166.8998583903024,14.712358390302398,False,0.1109690122,26.434037266666667,29.21453033333333
272.0,261.506222285054,10.49377771494602,False,0.186726818,27.037646333333328,31.166569066666664
1054.985714,991.8414682120641,63.1442457879358,False,0.7624467326666666,30.91771053333333,54.40039266666666
1208.1625,1241.0565335371361,32.89403353713624,False,0.954939324,31.12965493333333,65.54571366666664
165.575,222.65381660244438,57.07881660244439,False,0.161645104,22.15570466666667,22.733018
1.257142857,30.56235304961018,29.30521019261018,False,0.0033529643513333,26.81842646666667,25.489147866666663
1116.928571,1110.0970456099362,6.831525390063689,False,0.8597301164285714,27.848698214285715,52.77142364285714
647.3125,709.5819199941512,62.269419994151235,False,0.5426874133333333,27.585662733333333,42.06701466666666
1135.4375,1124.172800804266,11.26469919573401,False,0.8658357226666666,33.4319154,60.258821466666674
481.35,501.29192707970014,19.941927079700122,False,0.3787024119999999,25.0617614,34.63271466666667
1198.65,1137.218264533381,61.4317354666191,False,0.8833871893333332,29.528405733333337,52.172778066666666
146.65,147.9812942234235,1.3312942234234981,False,0.0963806904,23.76201373333333,27.197131266666663
114.375,128.99259834784613,14.617598347846126,False,0.0795873111333333,31.300166866666668,31.599767866666667
1130.65,1077.9805661383962,52.66943386160392,False,0.835832152,29.9514374,51.408309800000005
557.35,520.0248940912186,37.32510590878144,False,0.3901906573333333,28.54629326666667,39.752722466666654
776.975,784.4847357646393,7.509735764639231,False,0.5945410246666665,32.61264433333333,53.1639342
246.15,206.53508099555216,39.61491900444784,False,0.1418597668571428,27.56227564285714,31.202229142857146
0.0,42.97491941191008,42.97491941191008,False,0.0123415255071428,28.737601,27.42860421428572
10.5125,30.64795369790475,20.13545369790475,False,0.0083566124785714,21.28513,18.49177971428572
1297.814286,1283.2124500939408,14.60183590605925,False,0.9986998006666664,28.032407666666664,55.623793733333336
0.0,25.769239059729117,25.769239059729117,False,0.0001658766313333,26.056652733333333,24.46637366666667
1066.557143,1047.104205515665,19.452937484335052,False,0.809865482,32.15423573333334,52.968100933333325
762.325,641.4259376708425,120.89906232915757,False,0.4833998399999999,27.964037071428567,45.40855414285714
77.68571429,92.76743922761118,15.08172493761117,False,0.0563336587333333,22.062723666666667,21.586832733333328
11.65714286,37.57431282222795,25.917169962227952,False,0.0088122812133333,29.54822573333333,26.94033806666667
672.7428571,557.7502002439662,114.99265685603382,False,0.4156516442857142,28.15413335714286,44.68885371428571
500.3875,533.8527199967341,33.465219996734106,False,0.4043418426666666,24.7192118,35.47181186666666
1151.85,1094.2647955787374,57.58520442126246,False,0.8457802326666666,29.5964662,54.43137613333333
10.2125,38.8437262249211,28.6312262249211,False,0.0123497075333333,22.79481626666667,21.689546733333334
719.0875,743.8417802282731,24.75428022827316,False,0.5673698246666667,27.019004333333328,45.002500266666665
1161.975,1154.878743889425,7.096256110574814,False,0.8927997,32.26669699999999,58.0866006
263.5875,318.0913321043943,54.50383210439435,False,0.2366774426666666,23.15576373333333,26.169586200000005
219.95,214.00401448459178,5.945985515408211,False,0.1509989932,25.385963933333336,27.446895466666668
530.2285714,526.2616996375685,3.966871762431424,False,0.3930785846666666,33.16755933333334,43.82860906666667
1059.942857,915.7570519284916,144.1858050715084,False,0.7079364073333333,27.636714733333328,45.63386426666667
605.9125,573.7286898554373,32.1838101445627,False,0.4330104273333333,28.499876,40.864774533333325
12.9,34.92650839410076,22.02650839410076,False,0.0105634890714285,22.495716785714286,20.229721071428568
510.2,446.4669611453184,63.73303885468158,False,0.3273317526666667,29.847798466666667,42.69290366666666
533.0,512.5983942134211,20.401605786578898,False,0.3905848053333332,24.471148666666664,31.939571
345.8125,375.5571820705964,29.74468207059641,False,0.2754312246666665,27.123667466666664,35.691247399999995
888.775,951.4855947068041,62.71059470680416,False,0.7289688126666665,29.128914533333333,53.990102
405.3142857,428.3396664267708,23.025380726770777,False,0.3224647546666666,24.331876666666663,30.97835493333333
359.8428571,332.1347332416849,27.708123858315105,False,0.2436291773333333,23.165612733333333,30.43214306666667
448.9333333,391.30089331846847,57.63243998153155,False,0.283390025,28.08173375,40.725124125
54.48571429,75.31303655272113,20.827322262721133,False,0.0386987639333333,25.403283666666667,26.133491933333328
347.0875,388.4509777421012,41.363477742101225,False,0.2869888493333333,28.329986466666664,35.2929974
875.5857143,915.7570519284916,40.17133762849164,False,0.7079364073333333,27.636714733333328,45.63386426666667
636.0285714,670.7317887844216,34.70321738442158,False,0.5104950893333333,27.5968486,42.3875894
235.8625,228.13090035326002,7.731599646739994,False,0.163458322,26.86789553333333,27.269881133333328
0.0,23.520176530356416,23.520176530356416,False,0.0010542331467857,21.226811071428568,19.82743392857144
939.9,1056.680260614854,116.780260614854,False,0.8117554566666667,30.752172866666665,57.925577800000006
0.0,21.64251312783538,21.64251312783538,False,0.0003840421982142,21.65635885714285,19.201869428571428
486.925,519.8296631702412,32.904663170241236,False,0.3929178906666667,25.088962666666667,35.562813133333336
1124.95,1141.9725264529138,17.02252645291378,False,0.892716588,27.742724733333336,46.33160186666667
700.425,780.0278481654539,79.6028481654539,False,0.5884872353333334,31.1993794,54.79211026666666
92.27142857,109.99139641093413,17.71996784093413,False,0.0669730784,25.183624333333327,26.1870504
641.65,578.4624105421075,63.1875894578925,False,0.4346433879999999,28.541935266666663,42.981264133333326
457.4,479.8873708645758,22.487370864575837,False,0.3585062726666666,25.26090906666667,37.18839533333334
866.6625,742.1555967030546,124.50690329694544,False,0.5761803393333333,25.37993566666667,34.78068233333334
419.7875,407.22082744405617,12.566672555943853,False,0.304070602,24.9230428,32.240460133333336
577.6714286,462.0477901140715,115.6236384859285,False,0.3453362106666667,27.406433066666665,36.756546933333325
178.8375,193.30728210842395,14.469782108423942,False,0.1321317535333333,27.4072612,30.092036933333333
1121.975,1226.144368859998,104.16936885999803,False,0.947984686,31.036269066666662,60.58494866666666
155.7142857,169.08549802175716,13.371212321757156,False,0.1119324913333333,28.99113573333333,31.0937296
815.7714286,802.4562412008728,13.31518739912724,False,0.6152906573333333,27.205737133333333,45.212386133333325
1075.085714,1222.4421632797416,147.35644927974158,False,0.9500225986666668,29.42598253333333,55.1536072
621.7,575.1945325397085,46.505467460291584,False,0.4341641846666666,27.51463213333333,40.48357553333333
102.2571429,117.84852404868262,15.591381148682615,False,0.0713218832666666,27.8205282,29.2812134
326.5375,310.6108040148786,15.926695985121398,False,0.2278736373333333,22.99848413333333,28.593758200000003
0.0,24.619421469290163,24.619421469290163,False,0.0010673070493333,22.802852266666665,21.3380066
11.6,37.57431282222795,25.97431282222795,False,0.0088122812133333,29.54822573333333,26.94033806666667
608.025,564.059816157466,43.965183842533975,False,0.4251206693333333,33.059299933333335,42.801250933333336
0.0,27.299854618825748,27.299854618825748,False,0.0008371204092466,26.141086733333328,25.04768066666667
338.2,425.27411807378354,87.07411807378355,False,0.3124267953333332,26.8318298,39.08195373333332
741.0625,720.548833745402,20.51366625459798,False,0.546798932,26.107157266666665,45.982417866666665
120.4142857,114.20448365898956,6.209802041010434,False,0.0749735576,21.4259318,20.3191406
1022.014286,1007.4401108568669,14.574175143133061,False,0.7781302413333333,28.85288293333333,50.806604
221.8285714,224.02049704734512,2.19192564734513,False,0.1581062406666667,26.4417156,28.935205133333334
745.925,694.5599982135316,51.36500178646838,False,0.5263113173333333,28.367865,46.1937744
22.5875,44.22406006123523,21.63656006123523,False,0.0168548558266666,22.815523266666663,21.6110514
444.4428571,407.1669608404238,37.2758962595762,False,0.3022549713333332,27.5691588,35.038138866666664
340.6285714,336.87817340875995,3.7503979912400496,False,0.2438012486666666,26.560512333333328,35.3695456
1232.342857,1390.952188617066,158.6093316170659,False,1.0894755359999997,29.817582266666665,54.12078233333333
59.28571429,84.49700062114611,25.211286331146113,False,0.0459627706428571,25.404423357142857,26.38234157142857
770.475,729.3529805437796,41.122019456220414,False,0.5570171753333333,26.3876404,43.30431733333333
713.1625,694.481976627368,18.680523372632024,False,0.5315657121428571,26.492523071428568,40.41920307142857
383.7625,357.0738035096393,26.688696490360712,False,0.262713,24.443902533333333,32.258191
993.6142857,927.3158019039478,66.29848379605221,False,0.7152714659999999,28.058274466666663,47.815446
413.0142857,434.54328070263506,21.528995002635043,False,0.3180874907142857,32.0070125,43.13004007142857
22.85714286,48.02789533976126,25.17075247976126,False,0.0165713633,28.77471533333333,27.363647333333333
37.2875,62.221120410777246,24.933620410777245,False,0.0269941826,30.156077,29.0945292
1081.5375,1034.958349427151,46.5791505728489,False,0.7998929533333332,29.06769213333333,51.64617686666667
964.7,933.9485747462641,30.751425253735988,False,0.7212584940000001,29.98547573333333,48.13686326666668
186.3428571,217.22162837089505,30.878771270895044,False,0.1492018317333333,26.540883333333333,32.085792999999995
445.5375,434.54328070263506,10.994219297364964,False,0.3180874907142857,32.0070125,43.13004007142857
343.0428571,371.7625473130167,28.71969021301669,False,0.2790037753333333,23.82504073333333,28.026749666666667
12.5125,63.76702969438634,51.254529694386335,False,0.0331407035,23.016544857142858,21.453314571428567
463.075,434.01134114893523,29.06365885106476,False,0.320387256,27.95182086666667,38.8228558
357.3875,371.7625473130167,14.375047313016694,False,0.2790037753333333,23.82504073333333,28.026749666666667
404.4125,449.79542344681033,45.38292344681031,False,0.337822402,24.35052086666667,33.07170006666667
1174.8625,1183.5452822276698,8.682782227669804,False,0.917001178,30.10877073333333,56.5026448
136.5142857,139.5631799266601,3.04889422666011,False,0.0946579585333333,22.2525206,21.710430866666663
738.65,708.1716072906238,30.47839270937618,False,0.5362176506666668,33.335693266666674,49.51272193333333
176.5375,181.23569835867144,4.698198358671448,False,0.1215033461999999,27.969102,31.016943466666667
588.4285714,519.7338821668968,68.69468923310319,False,0.3919119666666666,26.019221933333327,36.83065146666666
921.2,842.1168917404634,79.08310825953663,False,0.6448023653333332,29.9116638,49.188905600000005
668.1,654.1348238560741,13.965176143925873,False,0.4934305533333333,29.6892496,46.51825533333333
196.1857143,195.11096787926823,1.0747464207317705,False,0.1329208607142857,28.140496428571428,31.05289985714285
0.0,22.330379378252076,22.330379378252076,False,0.0009824882666666,21.082100399999995,18.921358066666667
648.3142857,726.1820482367834,77.8677625367834,False,0.5518274599999999,32.84624806666667,48.51458733333333
45.6,60.739103367082905,15.139103367082903,False,0.0321055547333333,21.70994886666666,19.537300666666667
788.5625,758.9682586764923,29.59424132350773,False,0.581595316,30.592580066666667,44.846677466666655
1034.35,1036.1329961520541,1.7829961520542383,False,0.8066293299999999,27.941221066666667,45.770940866666656
923.2142857,847.6148584458256,75.59942725417443,False,0.6536209333333333,26.294516866666665,43.60148279999999
146.9,150.79538087034055,3.8953808703405457,False,0.0992951618,23.76213573333333,26.630550000000003
35.44285714,59.86771238161338,24.42485524161338,False,0.0276320394666666,25.138563999999995,24.528363066666664
1142.2625,1161.4438070269712,19.181307026971126,False,0.9066149006666668,27.04890353333333,47.9602314
177.8875,172.09946791847892,5.788032081521067,False,0.1154349828,23.7412598,27.86075853333333
377.375,542.8617302156375,165.48673021563752,False,0.4033134171428571,32.78992792857142,46.81591135714286
502.1,484.2361842640892,17.863815735910805,False,0.3633331566666667,26.5449136,36.56665873333333
806.4125,776.764150308909,29.64834969109097,False,0.5932437233333331,26.840596666666663,45.97044666666666
983.7142857,976.8570762446518,6.8572094553481975,False,0.7577599673333335,27.727917533333333,45.92864793333334
3.885714286,32.4742245599997,28.5885102739997,False,0.0071151917066666,22.556378266666663,21.5976542
887.3666667,855.6268432034938,31.739823496506233,False,0.6613730869230768,26.13696276923077,42.4293093076923
697.9375,680.5129344965993,17.424565503400686,False,0.519743282,24.83987853333333,40.04876733333333
951.4125,935.7726628839956,15.6398371160044,False,0.7119324986666667,29.980607066666668,58.23431193333333
343.3,317.18816037240583,26.11183962759418,False,0.2276812526666666,32.029101733333334,37.712012
925.225,828.4120018828683,96.81299811713177,False,0.6383058133333332,27.16000973333333,43.574774533333326
1103.128571,1047.3977503224673,55.73082067753262,False,0.812712094,26.824531933333333,48.231018133333336
596.9,541.7265192843435,55.173480715656524,False,0.4082271193333333,27.087241533333334,38.89504786666667
1130.4,1124.172800804266,6.2271991957341015,False,0.8658357226666666,33.4319154,60.258821466666674
157.6571429,172.1332761464533,14.476133246453315,False,0.1132172194666666,29.57108153333333,32.47774066666667
624.8714286,590.1825224275316,34.688906172468364,False,0.4417064292857143,27.985940285714285,45.11740971428571
546.275,494.27033557641823,52.004664423581744,False,0.374390925,24.324541357142856,32.964675928571424
1154.142857,1219.3152615516906,65.17240455169053,False,0.9421417826666668,32.268751599999995,61.34530853333335
360.9,339.80916729312776,21.09083270687222,False,0.2482180333333333,25.16503906666667,32.88677139999999
1303.4,1472.3199081391217,168.91990813912162,False,1.151102274,27.0928548,57.691178466666656
963.075,913.7806093491611,49.29439065083898,False,0.702796554,30.368632,50.099892
1245.525,1247.020168242464,1.495168242463933,False,0.968808626,29.496158666666663,56.45879506666667
870.1875,860.3010687964454,9.886431203554594,False,0.664057878,28.39979053333333,44.47907733333333
887.3428571,767.5619909572741,119.78086614272581,False,0.5838647386666667,31.617256666666663,49.747872
197.4285714,190.42397563799426,7.004595762005749,False,0.1332021513333333,22.9010762,24.93784793333333
945.2428571,896.5730023964251,48.66985470357497,False,0.6928162013333334,28.011470400000004,45.227401
1266.557143,1196.5683127026282,69.9888302973718,False,0.9342755213333332,27.7742168,49.33662146666668
690.4375,701.3415554949104,10.90405549491038,False,0.5363576693333331,25.257212400000004,40.66176133333333
35.34285714,60.189187380120934,24.846330240120935,False,0.0277481900666666,24.707338533333328,24.479459666666667
35.15714286,60.572602848481814,25.415459988481814,False,0.0263529064666666,27.9674928,27.48501573333333
975.8125,927.3158019039478,48.49669809605223,False,0.7152714659999999,28.058274466666663,47.815446
701.775,680.5129344965993,21.262065503400663,False,0.519743282,24.83987853333333,40.04876733333333
45.25714286,71.51027426472837,26.253131404728364,False,0.0355560784666666,27.304530933333336,26.9788308
0.0,25.722365034265863,25.722365034265863,False,0.0024945839982,21.80440273333333,20.4181316
369.0142857,372.69848020002405,3.6841945000240344,False,0.274644008,28.312951533333333,34.75277326666667
1155.414286,1098.4217534042346,56.9925325957654,False,0.847597544,33.321887266666664,57.5274762
345.025,319.2940163196519,25.73098368034806,False,0.235077558,24.1127868,28.996931866666667
67.6625,85.03610539697593,17.373605396975933,False,0.0506818596,22.841064466666666,21.282033466666665
717.3875,697.3215016288108,20.065998371189266,False,0.5286599566666667,33.26259353333333,48.231889
322.1125,314.17174517439804,7.940754825601971,False,0.223404308,31.29693813333333,39.07873533333333
644.0857143,654.1348238560741,10.0491095560742,False,0.4934305533333333,29.6892496,46.51825533333333
440.7857143,394.38618426145285,46.39953003854714,False,0.2856979239999999,32.301509666666675,42.75711873333334
874.4714286,856.0181405973499,18.453288002650083,False,0.6598271179999999,34.147082733333335,47.63582766666666
0.0,23.743701028560505,23.743701028560505,False,4.49041162e-05,22.452933666666667,21.47074393333333
53.21428571,68.95327176097453,15.738986050974532,False,0.0381347714,21.863590533333333,20.2624066
42.34285714,64.31012154612495,21.967264406124947,False,0.0293719444666666,28.658781133333328,27.826387666666665
992.1625,926.4333439227382,65.72915607726179,False,0.7143712646666666,27.96947633333333,47.941911000000005
1022.075,969.6470980862623,52.42790191373774,False,0.7431429239999999,33.7554728,56.660072933333325
1083.825,1065.468430078965,18.35656992103509,False,0.8289793113333334,26.7102622,46.827693800000006
200.125,220.8703767290039,20.745376729003908,False,0.1566565473333333,22.7777608,26.293044066666663
673.0142857,641.611780418506,31.402505281493973,False,0.4867305466666667,25.66906733333333,41.449745733333344
861.9625,826.3990329224486,35.56346707755142,False,0.6296874326666666,30.598740733333337,51.564969866666665
320.1,296.2038352206924,23.89616477930764,False,0.21379486,25.7980978,31.919557666666662
606.5,545.7112388068774,60.78876119312258,False,0.4094128093333333,28.5019692,41.4494812
425.5571429,428.3396664267708,2.782523526770831,False,0.3224647546666666,24.331876666666663,30.97835493333333
647.2571429,629.6151416610079,17.642001238992066,False,0.466788824,34.08138426666667,54.51913673333334
330.9857143,338.01690623138984,7.031191931389856,False,0.2425447946666666,32.82929440000001,40.124707066666666
532.5285714,541.7265192843435,9.19794788434342,False,0.4082271193333333,27.087241533333334,38.89504786666667
782.1125,739.2939618597684,42.81853814023157,False,0.5651963973333332,34.40285233333333,46.7442812
983.3125,951.3781143130989,31.934385686901123,False,0.7337398671428571,28.672439642857142,49.257720857142864
932.625,958.5683690328741,25.943369032874102,False,0.7444816766666666,28.601291866666667,44.703940933333335
676.2428571,591.8507034782721,84.39215362172797,False,0.4508577206666666,26.236733,37.096722333333325
294.6875,289.54979289694774,5.137707103052264,False,0.2062544126666666,25.02677213333333,33.531537
1191.011111,1056.1171322936643,134.8939787063357,False,0.8148439080000001,31.3189554,54.85740986666666
826.1625,751.0035257959692,75.15897420403087,False,0.576459514,27.546154666666663,42.22754713333333
519.6428571,555.6242621014673,35.98140500146724,False,0.4111925310666667,30.10173753333333,48.06596086666667
82.68571429,107.69999621486244,25.01428192486243,False,0.0679046076,22.94856573333333,22.59763193333333
949.0714286,892.0914408051012,56.97998779489876,False,0.6855142546666666,28.9166118,49.0042542
0.0,28.988638032729302,28.988638032729302,False,0.0012658659466666,29.193908666666665,27.260127866666668
1228.8,1303.3554543074956,74.55545430749567,False,1.0166871813333331,29.6048524,54.930332333333325
891.0,795.7677275483288,95.23227245167118,False,0.615580315,26.6612375,39.588428785714285
170.1142857,184.69846921182344,14.584183511823426,False,0.1254085300666666,26.03677973333333,29.186376866666667
310.5428571,294.16861850176264,16.374238598237355,False,0.2141466953333333,27.1531046,30.6198468
471.8714286,414.9514024755922,56.9200261244078,False,0.30827921,24.623516666666664,34.098657333333335
2.742857143,31.388675488302656,28.645818345302658,False,0.0038019427373333,27.8907064,26.16618666666667
691.4857143,654.0081551058413,37.477559194158744,False,0.496169466,27.814182533333334,43.054219466666666
1027.7,848.9427363318429,178.75726366815718,True,0.6541739533333331,25.68664953333333,43.83857633333333
161.0571429,169.58297787401438,8.525834974014373,False,0.1175455726666666,21.834507400000003,23.14069626666667
705.2625,737.956735159885,32.69423515988501,False,0.563544357142857,32.07216542857143,46.25483692857144
208.3285714,224.25307801054672,15.924506610546729,False,0.1616571346666666,24.464884533333333,24.944256533333338
724.7571429,678.4830384297906,46.27410447020941,False,0.5149644066666667,32.3501976,46.20359726666666
584.4428571,525.989833256974,58.45302384302602,False,0.3964643046666666,28.2338074,38.32697326666667
1149.014286,1143.9119302703502,5.102355729649844,False,0.886393536,29.928074066666667,54.66195460000001
1116.257143,1117.7023834563443,1.4452404563442087,False,0.8653040006666666,30.85634553333333,54.68991706666667
156.9142857,182.19919150870203,25.284905808702035,False,0.1235097679333333,26.824678533333337,29.386724733333327
45.95714286,74.50508695409577,28.547944094095776,False,0.0359229087333333,31.005800533333336,30.528898000000005
231.45,281.18204353340286,49.73204353340287,False,0.2052391053333333,24.857926333333328,28.002966266666665
745.5428571,753.8304892958146,8.28763219581458,False,0.5753350319999999,30.685426933333336,46.79792493333333
1143.471429,1141.9725264529138,1.498902547086118,False,0.892716588,27.742724733333336,46.33160186666667
325.4857143,355.6682012033308,30.182486903330812,False,0.25664592,30.836218333333328,39.6094684
760.7571429,675.8211327757222,84.9360101242778,False,0.519268844,25.431060866666662,37.15700086666667
156.6428571,172.1332761464533,15.490419046453326,False,0.1132172194666666,29.57108153333333,32.47774066666667
516.375,445.0624443240102,71.31255567598981,False,0.3370152366666666,24.808402466666667,30.401300066666664
606.4857143,541.441895783146,65.043818516854,False,0.4062958466666666,27.494000133333333,40.65558086666666
599.7285714,626.134745122955,26.40617372295503,False,0.4664396726666666,28.8636616,49.925148466666656
511.2375,466.67802720574724,44.55947279425277,False,0.3506713633333333,25.524094533333333,34.50640073333333
506.3714286,511.0364474369287,4.665018836928709,False,0.3835502693333333,25.646803733333336,37.81797673333334
68.4375,87.46219553618317,19.024695536183174,False,0.0488549196666666,25.890207866666664,26.162266133333336
614.2142857,595.8257037488819,18.388581951118113,False,0.444713674,31.511543666666668,48.153831
653.4375,605.8342399650571,47.60326003494288,False,0.4595029573333333,27.66269933333333,40.34541599999999
411.6285714,443.7541699799383,32.1255985799383,False,0.3288961193333332,34.12625693333333,41.007431933333336
591.5,561.7665711584874,29.73342884151259,False,0.419735824,32.52414946666667,45.840537533333325
230.4,230.42957443973947,0.029574439739462832,False,0.163594894,22.754195266666667,27.122273733333333
534.275,523.0650406986846,11.209959301315394,False,0.3957623673333333,25.354199066666663,35.498592200000004
285.2142857,273.23094525472686,11.983340445273143,False,0.193777918,27.25204246666667,33.650572000000004
882.7285714,818.3456864011935,64.3828849988065,False,0.630338126,28.982812333333328,44.096299066666674
315.075,303.741860312209,11.333139687791004,False,0.21446764,32.816959600000004,40.0954304
1328.071429,1318.5841626294205,9.487266370579619,False,1.0311831480000002,29.79234406666667,53.1358704
464.4428571,479.8873708645758,15.444513764575788,False,0.3585062726666666,25.26090906666667,37.18839533333334
269.8125,273.21621117589143,3.4037111758914307,False,0.194773326,28.551151466666663,33.27215386666667
0.0,25.722365034265863,25.722365034265863,False,0.0024945839982,21.80440273333333,20.4181316
0.0,23.699997084457443,23.699997084457443,False,0.000333454882,22.5879394,21.22639153333333
669.8714286,623.5425133319626,46.32891526803735,False,0.4697288307142857,27.93121328571429,44.468571
8.3375,32.51694185763674,24.17944185763674,False,0.0083067844,21.2783936,19.96554366666667
936.525,1071.3452100761392,134.82021007613923,False,0.8295752813333332,29.420182333333333,51.9404828
81.54285714,98.57546637018517,17.032609230185173,False,0.0606357090666666,23.3408814,22.568992
87.64285714,86.67510682593957,0.9677503140604387,False,0.0525764360666666,21.9106464,20.365659666666662
1155.814286,827.5045265402022,328.3097594597979,True,0.63854485,27.87740473333333,42.96753940000001
245.2714286,237.5880639920767,7.683364607923295,False,0.1673700179999999,26.02376913333333,30.4908548
576.0428571,616.6606758409232,40.61781874092321,False,0.462262998,32.458738266666664,48.128287933333326
909.7,1063.77841045905,154.07841045905002,False,0.8238694766666665,30.200903066666665,51.813018666666665
1114.714286,1111.0879995642563,3.626286435743623,False,0.856888655,31.08613807142857,57.58173707142858
411.8,445.49691570092017,33.69691570092016,False,0.330956198,28.67100406666667,38.05905166666666
834.4625,808.2225569033182,26.239943096681827,False,0.6174629526666667,27.64303786666667,47.786619
450.1571429,423.3472751269146,26.809867773085386,False,0.31364225,24.95345873333333,35.66078086666666
1186.557143,1234.1547471162203,47.59760411622028,False,0.9622691533333332,29.197790533333333,52.5881082
710.0142857,769.5046968520958,59.49041115209582,False,0.5899908493333333,26.32546173333333,43.22846253333333
1259.771429,1353.5551156455963,93.78368664559639,False,1.0541559813333337,31.35813793333333,59.133262
311.675,377.5183097973479,65.8433097973479,False,0.2815921433333333,23.833986466666666,30.019337866666667
796.0375,763.4304529364737,32.60704706352635,False,0.58660541,28.766581200000005,42.79567873333334
336.5714286,302.652491039303,33.918937560696975,False,0.219947506,24.069722533333334,30.364528333333336
192.7142857,192.79343502694636,0.07914932694635013,False,0.1354008960666666,22.74705013333333,24.6323364
272.2285714,261.506222285054,10.722349114946041,False,0.186726818,27.037646333333328,31.166569066666664
0.0,23.947787633924236,23.947787633924236,False,2.0070272266666667e-05,23.2409404,21.9908934
1040.225,1336.0589479260598,295.83394792605986,True,1.0365607706666664,31.9470338,62.420866
418.4,452.65105846564404,34.251058465644064,False,0.3392979014285714,24.590855285714284,33.98376064285714
1121.671429,1052.5400513661525,69.13137763384748,False,0.8168375646666667,28.60254713333333,49.08473493333334
719.4875,681.3146129362235,38.17288706377644,False,0.5136740935714285,32.802505857142854,49.77019207142857
397.125,374.4177157195733,22.707284280426677,False,0.2764912,27.16989953333333,33.85005699999999
1102.371429,1074.300083869081,28.0713451309191,False,0.8336664386666666,30.1848064,50.714097
33.5,54.78257211380849,21.28257211380849,False,0.0234457014666666,24.038157333333327,24.0682496
300.0142857,344.8173934851652,44.803107785165196,False,0.250397254,29.425960266666667,36.528108333333336
604.7,569.1488350368206,35.55116496317942,False,0.4301018386666667,24.460260066666663,38.327647133333336
819.1571429,732.5844467806425,86.5726961193576,False,0.5611673299999999,26.907450200000007,42.12864373333333
238.2625,269.18593598441265,30.923435984412663,False,0.1989128933333333,22.93633213333333,23.896433466666668
1232.814286,1102.715660189227,130.098625810773,False,0.8608448592857144,27.778298642857145,46.05228092857142
1150.928571,1232.153234338943,81.22466333894317,False,0.9516839406666668,28.785264266666665,60.75704953333334
359.375,391.9839461960505,32.60894619605051,False,0.2930392133333333,23.1475484,30.10846553333333
656.275,580.702332168929,75.57266783107093,False,0.4422391126666667,24.682629266666662,35.93726406666667
50.15,78.12424457182365,27.974244571823654,False,0.0384030336,32.311871133333334,31.54853933333333
0.0,26.702710232558914,26.702710232558914,False,2.499842000000001e-05,24.259470533333328,24.534897866666665
1049.05,1028.709545347636,20.34045465236386,False,0.7926809900000001,28.32269292857143,53.273069
1239.6125,1236.7329784712651,2.879521528734813,False,0.9618199573333333,31.3498148,55.91095173333333
350.6875,353.78585809950783,3.098358099507834,False,0.257492758,23.722454733333333,34.3021282
7.84,38.86266477299128,31.02266477299128,False,0.0073991020928571,29.723270928571427,29.320794285714285
2.085714286,34.97430216704396,32.88858788104396,False,0.0050579441066666,28.4694946,27.9880758
34.92857143,59.86771238161338,24.939140951613382,False,0.0276320394666666,25.138563999999995,24.528363066666664
617.7833333,916.7476957714447,298.9643624714447,True,0.70056636,28.20780033333333,53.51720186666666
3.957142857,32.4742245599997,28.517081702999697,False,0.0071151917066666,22.556378266666663,21.5976542
432.0857143,487.8394907130274,55.75377641302737,False,0.3637049406666666,26.76338493333333,39.07146406666667
411.6625,418.049953766858,6.387453766857959,False,0.3057066466666666,32.32926846666666,42.2032632
317.4625,299.50624058843476,17.956259411565213,False,0.2196392886666666,23.587081,28.0358926
142.3625,161.64743065151072,19.284930651510706,False,0.1112899762666666,24.041567200000003,23.861043266666663
178.3,177.73623623701414,0.5637637629858716,False,0.1186300124,24.390767466666667,29.47314233333333
236.625,282.5356762382801,45.910676238280075,False,0.2018936086666666,30.203381266666668,34.472900466666665
0.0,26.445291151240855,26.445291151240855,False,0.0028424610064285,21.69549992857143,20.599559285714285
165.5714286,169.58297787401438,4.011549274014385,False,0.1175455726666666,21.834507400000003,23.14069626666667
1324.314286,1132.9760587004916,191.3382272995084,True,0.8805713933333333,29.448215866666665,51.5198242
1191.45,1142.3213761281227,49.12862387187738,False,0.8870374373333332,28.487312733333336,52.2207926
599.2125,520.1723964629738,79.0401035370262,False,0.3929380471428571,25.35791885714286,35.92258564285714
340.4625,342.5620231341244,2.0995231341244107,False,0.2453921386666666,28.417808066666662,39.03741653333332
854.25,779.6163302527949,74.63366974720509,False,0.5959771373333332,31.98976833333333,47.82889013333333
504.3875,480.7737005980502,23.61379940194979,False,0.354595126,25.63316453333333,41.67780593333334
326.6125,292.16771271606666,34.44478728393335,False,0.2159930109999999,26.093007466666663,26.907125
626.8714286,682.9656600871169,56.094231487116986,False,0.5149625866666667,31.305375066666663,49.183583533333326
707.9285714,678.4830384297906,29.445532970209456,False,0.5149644066666667,32.3501976,46.20359726666666
253.425,237.47565869909045,15.949341300909566,False,0.1693729433333333,22.6054098,27.0571594
855.1,898.5747385268778,43.474738526877786,False,0.6815564133333333,30.402663066666666,58.3018188
1092.6,899.8734686639033,192.72653133609663,True,0.6880905792857142,30.900615071428568,53.412794
458.7571429,470.7549493447235,11.997806444723494,False,0.3559949986666666,24.3803284,32.1630228
700.125,654.0081551058413,46.1168448941587,False,0.496169466,27.814182533333334,43.054219466666666
635.0625,635.7877443401775,0.7252443401774826,False,0.4793892407142857,33.09783492857143,47.05743857142858
611.075,631.3581524456686,20.28315244566852,False,0.4715989833333333,31.29462073333333,50.15845953333333
690.925,668.8813617512599,22.04363824874008,False,0.5104697813333334,26.212556866666667,40.39654946666667
263.5125,257.2693613821124,6.24313861788761,False,0.1830355166666666,27.3096638,31.48711953333333
501.825,466.67802720574724,35.14697279425275,False,0.3506713633333333,25.524094533333333,34.50640073333333
1070.528571,1199.4052473028246,128.87667630282454,False,0.9274572886666668,31.7778442,59.602299333333335
189.375,201.82978607398135,12.454786073981353,False,0.138821146,27.1594952,30.26335453333333
12.24285714,37.57431282222795,25.331455682227954,False,0.0088122812133333,29.54822573333333,26.94033806666667
16.0,39.981300849533056,23.981300849533056,False,0.0126500733333333,23.42726453333333,22.553234866666664
472.5857143,469.06965452129,3.51605977871003,False,0.353673456,24.273189266666662,32.9937198
916.3625,848.9427363318429,67.41976366815709,False,0.6541739533333331,25.68664953333333,43.83857633333333
8.4125,36.15113018642255,27.738630186422547,False,0.0096971220999999,23.34448021428572,22.342457428571432
646.9625,580.702332168929,66.26016783107093,False,0.4422391126666667,24.682629266666662,35.93726406666667
169.5375,222.65381660244438,53.116316602444385,False,0.161645104,22.15570466666667,22.733018
427.3375,434.1390528012191,6.801552801219145,False,0.3245409046666666,23.89814073333333,33.29091186666667
608.3125,579.2243472059806,29.08815279401938,False,0.4341309313333333,26.98462526666667,43.369055266666656
420.0125,485.3151585598288,65.30265855982879,False,0.3527128088,28.193302266666667,48.016939066666666
818.55,800.3461172543045,18.20388274569541,False,0.6145960239999999,28.671067200000003,44.87971400000001
199.6857143,204.55748287457996,4.87176857457996,False,0.1437652418,22.711220200000003,25.8125894
922.175,825.141685290681,97.03331470931892,False,0.6364364953333334,26.220489466666667,42.41054713333334
368.6125,354.4658380132173,14.146661986782703,False,0.2610877493333334,24.041337,31.60524686666667
660.95,759.1734201041977,98.22342010419766,False,0.5748687466666667,32.095951199999995,51.93161206666666
706.3285714,657.201953214564,49.12661818543597,False,0.5010602806666667,26.182826666666664,40.22812886666667
6.371428571,33.12872808449697,26.75729951349697,False,0.0064823013785714,24.523747071428573,23.540012857142862
343.175,319.2940163196519,23.880983680348095,False,0.235077558,24.1127868,28.996931866666667
15.6875,41.6325683714859,25.945068371485903,False,0.0141838213333333,22.654567466666663,22.05121253333333
1049.975,1041.7078834430654,8.267116556934525,False,0.8068469279999999,27.371873,49.5876018
136.7142857,147.9812942234235,11.267008523423499,False,0.0963806904,23.76201373333333,27.197131266666663
715.075,831.9513549954918,116.87635499549174,False,0.6356642493333334,29.261606933333333,49.6573588
567.5125,514.0331492724897,53.47935072751034,False,0.384930638,27.667081733333337,39.6965698
0.0,20.3493831351531,20.3493831351531,False,1.4736836000000004e-05,21.506819666666665,18.492340066666667
485.6142857,471.8410812575361,13.773204442463907,False,0.3538028446666666,29.1737934,37.11314493333333
98.8875,112.72464018621726,13.837140186217255,False,0.0706118121333333,22.961183666666667,23.921439533333327
43.54285714,63.652557090138465,20.109699950138463,False,0.0331196089333333,21.563067533333328,20.756795266666668
147.525,145.4263792827597,2.098620717240294,False,0.0940941717857142,26.5301995,28.573238
997.975,1084.1946782204182,86.21967822041813,False,0.8371243526666667,33.64918780000001,56.556677533333335
34.3375,59.86771238161338,25.53021238161338,False,0.0276320394666666,25.138563999999995,24.528363066666664
338.0714286,347.90377250262674,9.832343902626747,False,0.2492484,27.516727866666667,39.136326
91.91428571,101.96829298557779,10.054007275577789,False,0.0617966885999999,21.926344866666668,23.469942133333333
922.6,957.045583462608,34.44558346260794,False,0.740527077142857,27.75967185714285,46.865433142857135
4.9875,32.30539960836409,27.31789960836409,False,0.0047339318343333,27.510428933333333,25.833406533333328
355.1875,335.9575471520694,19.229952847930576,False,0.2453987326666666,27.460978266666665,33.56361520000001
893.4,878.1771064775996,15.22289352240034,False,0.6737647459999999,28.074165800000003,48.958026200000006
893.575,899.894185103564,6.319185103563996,False,0.6880469099999998,29.854372133333328,53.01691526666667
722.6857143,953.6646972091598,230.97898290915987,True,0.7342295764285713,29.63224571428572,50.96551314285714
606.65,629.1271626943046,22.47716269430464,False,0.4785613493333333,25.00489506666667,39.233233733333336
1288.9,1084.1946782204182,204.70532177958194,True,0.8371243526666667,33.64918780000001,56.556677533333335
964.475,830.0946541839619,134.38034581603813,False,0.6382544986666667,27.6148946,45.10698460000001
833.1714286,804.5157723887519,28.65565621124813,False,0.6136754333333333,28.123655266666663,48.692805666666665
464.2875,518.3273415664769,54.039841566476866,False,0.3794895364285714,28.726664714285715,48.51885335714286
142.225,148.29344851793974,6.068448517939743,False,0.0971864702,26.33208213333333,27.7955018
494.7428571,494.35388488857285,0.3889722114271308,False,0.3727364353333333,26.23174233333333,35.39754653333333
844.5625,938.0149952123292,93.45249521232915,False,0.7297147092857142,27.000671500000003,42.06565842857143
1001.1125,1077.881060409431,76.76856040943107,False,0.833716566,29.0410462,52.9128622
355.1571429,388.4509777421012,33.293834842101205,False,0.2869888493333333,28.329986466666664,35.2929974
982.7,897.469000187926,85.23099981207406,False,0.6935108126666668,27.51010546666667,45.047931266666666
883.7,769.5046968520958,114.19530314790427,False,0.5899908493333333,26.32546173333333,43.22846253333333
607.8714286,564.059816157466,43.81161244253394,False,0.4251206693333333,33.059299933333335,42.801250933333336
0.0,21.64251312783538,21.64251312783538,False,0.0003840421982142,21.65635885714285,19.201869428571428
718.76,824.7617054488202,106.00170544882019,False,0.63148828,28.183992466666663,47.58702806666666
26.6875,55.063383530876884,28.375883530876884,False,0.0214036318666666,28.510609933333328,28.12322593333333
1062.9875,1141.727044669351,78.73954466935106,False,0.880648258,28.6902568,57.816648333333326
841.2857143,1038.0649714611932,196.7792571611932,True,0.8004696066666667,31.3942708,54.491442600000006
884.6,899.894185103564,15.294185103564018,False,0.6880469099999998,29.854372133333328,53.01691526666667
389.9857143,394.38618426145285,4.40046996145287,False,0.2856979239999999,32.301509666666675,42.75711873333334
10.3125,32.95622023283458,22.643720232834582,False,0.0091445350066666,21.581693466666664,19.651005
707.3714286,623.5425133319626,83.82891526803735,False,0.4697288307142857,27.93121328571429,44.468571
28.6375,51.6682073545263,23.030707354526303,False,0.0213697816666666,24.5652384,23.850461733333333
1176.6125,1146.2223975506763,30.39010244932365,False,0.8979147206666667,26.66739493333333,44.267293333333335
844.75,798.5112916756128,46.238708324387176,False,0.6140467053333332,27.4697428,43.46879073333333
365.3375,364.07203463057976,1.2654653694202125,False,0.2717468766666666,24.416178333333328,29.170227
9.985714286,36.15113018642255,26.16541590042255,False,0.0096971220999999,23.34448021428572,22.342457428571432
157.5428571,166.2923773664334,8.749520266433422,False,0.109053603,31.540801866666666,32.74589640000001
136.6,142.92027687769104,6.320276877691043,False,0.0953944536,24.21899,24.442443933333333
172.8125,172.09946791847892,0.713032081521078,False,0.1154349828,23.7412598,27.86075853333333
1284.942857,993.4427461858376,291.50011081416244,True,0.7692376179999999,28.6178812,48.29328619999999
179.7125,205.98419740150962,26.271697401509613,False,0.1410142690666667,30.037693333333333,32.64035633333333
191.4375,188.78823628472446,2.649263715275538,False,0.1274455812,26.798168933333333,30.744077466666667
337.5,321.5338150103841,15.966184989615897,False,0.2345097293333333,23.751955,31.084741200000003
539.1857143,516.4495950721223,22.73611922787768,False,0.388584996,28.595495666666668,38.5366638
891.6571429,973.1909881862638,81.53384528626373,False,0.7482029,28.900441466666667,52.5498042
762.0625,819.4388485805533,57.376348580553326,False,0.6250849942857142,34.05229864285714,52.027917142857135
184.1571429,188.98923771640023,4.832094816400229,False,0.1298209161333333,26.575002,28.584523666666666
1177.928571,1142.3213761281227,35.607194871877255,False,0.8870374373333332,28.487312733333336,52.2207926
96.67142857,107.0095826370699,10.338154067069894,False,0.0639746532,25.8629782,26.99750153333333
32.1875,50.674385612902206,18.486885612902206,False,0.0230068427666666,21.185369800000004,20.100394533333336
423.8428571,416.16538302930627,7.677474070693734,False,0.302484416,32.34491993333334,43.7751686
303.4875,287.23329792148235,16.254202078517665,False,0.205583812,27.73206186666667,33.554784733333335
114.9714286,130.87558140680522,15.904152806805229,False,0.086237195,24.0184102,23.685199
382.3571429,426.6624264260757,44.3052835260757,False,0.3143966613333332,30.61301473333333,39.94118873333333
1027.0625,979.9520204220318,47.11047957796825,False,0.7595703319999999,28.983550933333333,47.150412800000005
417.925,428.3396664267708,10.414666426770793,False,0.3224647546666666,24.331876666666663,30.97835493333333
972.5285714,1131.3683497574498,158.83977835744975,False,0.8758627453333333,30.8515666,55.29098946666667
970.8,1017.3657088341758,46.565708834175894,False,0.7835893886666667,32.98554906666667,55.0942282
1175.8375,1159.8362035100654,16.001296489934703,False,0.8978028199999998,31.393697066666668,56.83325393333334
292.6,310.70578199901126,18.105781999011242,False,0.2293413006666666,23.5200622,27.5222758
804.8571429,767.5619909572741,37.29515194272585,False,0.5838647386666667,31.617256666666663,49.747872
1095.475,1097.6467837026803,2.1717837026803863,False,0.844823108,29.171191466666667,57.72865393333333
1257.557143,1234.1547471162203,23.402395883779718,False,0.9622691533333332,29.197790533333333,52.5881082
277.1857143,276.5968965938274,0.5888177061725628,False,0.2036339493333333,24.0009094,25.62175893333333
419.025,408.46865211503734,10.556347884962634,False,0.3050666364285714,24.27014585714286,31.983365928571427
150.9428571,170.58788502415467,19.645027924154675,False,0.1122409709333333,29.63169753333333,32.23251346666666
902.125,836.1652992571422,65.95970074285776,False,0.6406613233333333,27.081068733333336,47.275213466666656
488.0142857,462.955071318951,25.059214381049003,False,0.345676682,28.046335933333328,37.409806
424.5142857,445.49691570092017,20.982630000920153,False,0.330956198,28.67100406666667,38.05905166666666
1270.657143,1269.9478648468375,0.7092781531623586,False,0.9841918673333332,30.03040366666667,59.877591933333335
1126.6875,1073.6732646567043,53.014235343295695,False,0.8256647073333334,31.90281766666666,58.44529793333333
0.0,21.911804911449103,21.911804911449103,False,0.001050105428,20.398504866666663,18.24230753333333
1311.3,1307.0821907679165,4.217809232083482,False,1.017537535,28.042243,56.312655
217.7142857,220.8703767290039,3.1560910290039033,False,0.1566565473333333,22.7777608,26.293044066666663
942.175,976.8570762446518,34.68207624465185,False,0.7577599673333335,27.727917533333333,45.92864793333334
772.3714286,697.0095423535328,75.36188624646718,False,0.5306936493333334,29.60315553333333,44.5125144
217.2571429,218.55756752128605,1.300424621286055,False,0.1550759426666666,22.947841333333333,26.071952400000004
1264.571429,1319.6470856881897,55.07565668818961,False,1.0242290946666668,28.7483338,59.98777086666667
611.55,608.0938000624693,3.4561999375306414,False,0.458073066,26.29952173333333,42.8193886
0.0,23.158785056786993,23.158785056786993,False,0.0005523642353333,21.4640382,20.121873
6.325,32.716254103760384,26.391254103760385,False,0.0059234326933333,25.811604733333333,24.302943866666663
220.2428571,240.2866016753174,20.04374457531739,False,0.1652971236,30.436910066666663,36.399023133333344
767.3375,771.9081820126487,4.570682012648717,False,0.5920114606666667,24.389473466666665,42.34455979999999
484.7,471.1954027038075,13.504597296192514,False,0.3536178413333332,24.827956066666665,34.91220333333333
4.2,31.103291056104307,26.903291056104308,False,0.0048826057146666,25.49142246666667,23.901588933333336
